,FIT_400_001B_P.PV,FIT_400_002B_P.PV,Q_400_001B_P.PV
0,804.56,700.52,805.53
1,806.82,700.21,805.09
2,807.43,699.96,805.32
3,803.54,699.75,805.56
4,807.01,700.45,805.71
5,806.47,699.26,805.48
6,805.17,700.06,805.49
7,805.03,700.21,805.44
8,806.34,700.24,805.54
9,805.74,700.66,805.83
10,806.09,699.83,805.43
11,804.67,700.81,805.37
12,805.46,700.71,805.35
13,806.2,700.78,805.4
14,807.53,700.32,805.15
15,806.5,699.77,805.57
16,805.35,699.58,805.41
17,806.92,699.68,805.34
18,805.94,699.64,805.2
19,806.21,699.96,805.39
20,807.66,700.32,805.2
21,803.84,699.74,805.51
22,805.65,700.01,805.58
23,807.74,699.93,805.36
24,805.56,699.45,805.47
25,806.04,699.83,805.23
26,801.54,699.3,805.39
27,806.15,700.12,805.58
28,805.19,700.2,805.01
29,802.86,699.42,805.3
30,809.19,700.27,805.52
31,803.94,699.88,805.33
32,806.66,700.45,805.41
33,810.05,700.27,805.38
34,804.97,699.69,805.35
35,799.83,698.85,804.44
36,803.6,700.43,805.41
37,800.94,699.67,805.26
38,804.46,699.96,805.37
39,808.0,700.05,805.27
40,787.85,685.14,787.99
41,804.99,698.42,805.12
42,803.1,700.12,805.52
43,807.69,700.46,805.1
44,803.24,699.88,805.49
45,805.71,699.73,805.6
46,807.86,700.18,805.25
47,807.75,699.62,805.17
48,798.32,699.58,805.65
49,806.68,700.25,805.4
50,811.55,700.45,805.2
51,799.76,698.78,805.41
52,807.55,700.48,805.41
53,806.66,700.86,805.07
54,804.74,699.55,805.48
55,804.29,700.51,805.4
56,803.14,699.96,805.72
57,807.75,700.11,805.46
58,808.87,700.62,805.31
59,805.89,699.68,805.32
60,800.61,699.01,805.45
61,807.36,700.03,805.27
62,806.49,699.72,805.31
63,806.68,700.04,805.37
64,804.79,699.11,805.12
65,803.31,700.25,805.46
66,806.1,700.02,805.21
67,808.15,700.05,805.41
68,803.41,700.11,804.91
69,803.15,700.14,805.17
70,804.13,700.09,805.73
71,808.32,699.96,805.47
72,806.97,699.31,805.39
73,802.59,699.52,805.38
74,801.99,699.64,805.06
75,805.88,700.74,805.65
76,806.89,700.28,805.2
77,803.88,699.59,805.53
78,807.62,700.24,805.4
79,800.34,699.47,805.08
80,810.22,700.47,805.49
81,806.63,699.32,805.5
82,806.27,700.02,805.25
83,803.8,699.91,805.57
84,804.03,699.93,805.43
85,804.92,699.88,805.44
86,803.78,700.11,805.45
87,805.56,700.17,805.04
88,807.9,700.17,804.7
89,807.01,699.23,805.3
90,807.44,700.27,805.32
91,804.82,700.12,805.37
92,801.86,699.45,805.22
93,808.73,700.82,805.59
94,807.48,699.3,805.47
95,802.76,699.68,805.38
96,802.77,699.82,805.52
97,805.27,700.4,805.58
98,810.68,699.73,805.25
99,799.45,699.36,805.47
100,812.22,700.31,805.54
101,800.86,699.18,805.25
102,806.66,700.66,805.19
103,807.97,700.12,805.26
104,369.24,699.96,805.37
105,805.02,699.96,808.69
106,802.25,498.62,812.15
107,804.4,699.23,805.04
108,805.84,700.11,805.54
109,807.47,699.57,805.38
110,807.67,700.09,805.37
111,801.99,699.79,805.07
112,804.44,700.23,805.17
113,808.08,700.24,805.37
114,805.97,700.27,805.48
115,808.56,700.57,805.29
116,803.13,699.83,805.39
117,799.41,699.95,805.62
118,808.32,700.43,805.32
119,805.07,699.74,805.33
120,803.42,699.23,805.42
121,804.43,699.51,805.96
122,807.8,699.88,805.44
123,807.71,699.49,805.44
124,807.53,700.21,805.66
125,803.69,699.75,805.53
126,801.9,699.96,805.72
127,805.46,700.35,805.58
128,807.34,700.18,805.41
129,802.06,699.89,805.32
130,807.86,700.24,805.35
131,807.87,700.05,805.22
132,804.59,700.62,805.05
133,803.5,700.0,805.62
134,806.57,700.21,805.72
135,805.2,699.98,805.24
136,804.78,699.84,805.48
137,803.99,699.96,805.75
138,811.7,700.54,805.69
139,802.07,699.73,805.63
140,802.34,700.57,805.44
141,805.45,700.28,805.29
142,806.67,699.85,805.51
143,805.24,699.62,805.45
144,803.52,699.12,805.5
145,809.25,700.42,805.1
146,808.91,700.85,805.24
147,804.71,699.45,805.62
148,801.35,699.64,805.22
149,803.22,700.21,805.45
150,808.94,701.12,805.44
151,806.54,700.0,805.57
152,806.73,699.6,805.46
153,804.62,700.4,805.41
154,803.99,699.9,805.33
155,803.74,699.51,805.4
156,809.78,700.34,805.49
157,806.96,699.5,805.23
158,802.31,699.61,805.14
159,720.45,699.96,677.34
160,804.61,699.96,805.37
161,804.61,699.96,805.37
162,804.61,699.96,805.37
163,804.61,699.96,805.37
164,804.61,699.96,805.37
165,804.61,699.96,805.37
166,804.61,699.96,805.37
167,804.61,699.96,805.37
168,804.61,699.96,805.37
169,416.26,699.96,805.37
170,803.46,699.96,806.06
171,804.1,699.96,820.04
172,804.81,698.62,805.49
173,806.25,699.71,805.58
174,808.13,699.92,805.5
175,805.09,699.29,805.89
176,804.63,699.6,805.35
177,801.29,699.43,805.42
178,811.69,700.6,805.57
179,800.89,698.9,805.29
180,804.47,700.75,805.43
181,809.83,699.76,805.59
182,803.23,699.52,805.0
183,800.93,699.95,805.48
184,808.55,700.86,805.33
185,807.16,699.39,805.47
186,805.44,700.35,805.44
187,804.98,699.77,805.7
188,805.03,700.15,805.43
189,804.16,700.09,805.74
190,805.61,699.97,805.64
191,805.82,699.8,805.33
192,805.29,699.78,805.49
193,804.17,700.13,805.43
194,801.8,699.9,805.93
195,811.46,700.5,805.68
196,804.27,699.11,805.3
197,800.91,700.18,804.94
198,806.75,700.48,805.19
199,806.47,699.91,805.4
200,806.13,700.26,805.6
201,807.35,699.55,805.63
202,803.58,699.67,805.27
203,802.64,700.5,805.35
204,807.51,700.55,805.66
205,804.72,699.85,805.42
206,805.22,700.16,805.36
207,810.41,699.64,805.4
208,798.37,699.17,805.54
209,809.41,700.26,805.35
210,808.18,700.04,805.55
211,805.98,699.82,805.07
212,801.8,699.64,805.25
213,805.05,700.25,805.52
214,810.3,700.43,805.11
215,804.6,700.16,805.45
216,806.63,700.38,805.29
217,805.26,700.2,805.0
218,804.58,700.95,805.2
219,805.09,700.82,805.2
220,803.45,700.19,804.98
221,804.71,699.99,805.45
222,808.65,700.35,804.83
223,808.62,699.59,805.54
224,804.92,699.24,805.58
225,805.61,699.7,805.38
226,800.81,699.49,805.26
227,804.89,700.21,805.48
228,808.42,700.38,805.69
229,805.16,699.33,805.64
230,806.29,699.25,805.45
231,804.66,699.83,805.23
232,804.2,700.27,805.18
233,803.36,699.72,805.16
234,808.61,700.8,805.08
235,805.19,699.55,805.57
236,805.36,700.03,805.06
237,803.42,699.68,805.43
238,805.02,700.38,805.26
239,803.99,699.79,805.9
240,808.27,700.44,805.27
241,805.24,699.8,805.34
242,805.72,699.93,805.15
243,805.74,699.96,805.32
244,805.35,700.4,805.26
245,805.49,700.28,805.6
246,802.8,700.15,805.43
247,805.57,700.23,805.29
248,805.95,700.04,805.05
249,806.5,699.95,805.06
250,803.04,699.06,805.78
251,803.44,699.82,805.28
252,806.89,699.99,805.46
253,806.01,700.21,805.64
254,805.78,699.65,805.47
255,805.14,699.76,805.24
256,805.44,699.94,805.78
257,803.35,699.72,805.56
258,808.79,700.85,805.32
259,806.52,700.64,804.91
260,801.77,700.23,805.36
261,808.71,701.18,805.75
262,805.12,699.38,805.39
263,802.56,699.58,805.53
264,807.07,700.35,805.61
265,809.81,698.98,805.44
266,798.79,699.15,805.29
267,804.23,700.0,805.7
268,804.96,699.74,805.27
269,808.02,699.68,805.69
270,807.75,699.86,805.63
271,805.8,699.92,805.41
272,803.8,699.8,805.36
273,803.36,700.1,805.3
274,806.2,700.31,805.51
275,805.0,699.97,805.45
276,805.79,700.05,805.43
277,805.33,700.38,804.92
278,803.36,699.33,805.85
279,815.03,700.1,805.65
280,798.85,698.89,805.13
281,804.64,700.14,805.64
282,812.46,700.25,805.9
283,800.93,699.32,805.35
284,804.96,700.32,805.42
285,810.12,700.28,805.51
286,807.57,699.7,805.36
287,806.16,700.42,805.51
288,804.66,700.14,805.1
289,804.3,699.75,805.63
290,805.21,700.0,805.08
291,803.27,699.52,805.39
292,802.26,699.88,805.49
293,805.4,700.35,805.35
294,806.24,700.23,805.05
295,805.24,700.24,805.66
296,805.52,700.84,805.57
297,806.18,700.15,805.13
298,803.8,699.69,805.42
299,803.91,700.09,805.32
300,807.72,700.26,805.68
301,805.92,699.76,805.37
302,804.04,700.37,805.28
303,803.45,700.69,805.52
304,810.89,700.52,805.76
305,805.23,699.44,805.1
306,800.1,699.88,805.81
307,809.21,700.28,805.36
308,808.25,699.75,805.21
309,805.31,700.24,805.35
310,803.67,700.36,805.34
311,803.28,699.78,805.49
312,803.29,699.89,805.61
313,807.55,701.73,804.42
314,808.56,701.15,805.49
315,805.54,700.21,805.06
316,802.28,699.31,805.29
317,801.48,700.16,805.36
318,807.84,700.08,805.35
319,807.54,699.7,805.74
320,808.07,699.89,805.61
321,804.05,699.69,805.22
322,803.92,699.79,805.29
323,801.83,699.83,805.34
324,806.25,700.07,805.39
325,808.38,699.53,805.11
326,806.36,699.46,805.65
327,804.3,699.44,805.63
328,806.12,700.49,805.24
329,806.62,699.4,805.62
330,804.75,700.09,805.21
331,804.61,699.92,805.38
332,802.81,699.85,805.25
333,804.48,700.51,805.55
334,810.17,699.87,805.4
335,804.32,699.49,805.17
336,803.77,700.11,805.2
337,802.2,700.12,805.19
338,806.3,700.74,805.71
339,809.03,700.3,805.35
340,803.34,699.91,805.18
341,806.36,700.05,805.25
342,806.03,699.93,805.24
343,802.47,700.45,805.65
344,807.91,700.44,805.38
345,805.0,699.19,805.36
346,803.3,700.57,805.53
347,805.31,700.36,805.59
348,809.66,700.01,805.28
349,807.43,700.03,805.51
350,802.93,699.91,805.17
351,805.73,699.78,805.19
352,807.6,700.11,805.25
353,803.57,699.54,805.2
354,801.96,699.75,805.48
355,812.85,700.31,805.44
356,799.34,699.15,805.62
357,806.11,700.86,805.44
358,808.73,699.86,805.02
359,807.31,700.28,805.42
360,805.76,700.55,805.45
361,805.13,700.49,805.28
362,804.77,700.69,805.36
363,804.75,700.37,805.33
364,803.75,700.02,805.29
365,801.57,699.39,805.04
366,804.07,700.25,805.59
367,806.82,700.7,805.38
368,805.88,700.03,805.0
369,806.24,699.68,805.11
370,805.62,699.62,805.29
371,802.78,699.96,805.44
372,812.86,700.62,805.57
373,802.65,699.3,805.17
374,802.23,699.72,805.59
375,809.28,700.14,805.47
376,808.08,699.66,805.2
377,804.87,700.16,805.22
378,799.52,699.44,805.52
379,803.95,699.71,805.81
380,811.37,699.47,805.11
381,801.11,699.51,805.51
382,803.6,699.95,805.54
383,807.4,700.38,805.47
384,806.26,699.59,805.39
385,801.9,699.51,805.19
386,810.52,700.45,805.67
387,802.61,699.75,804.97
388,801.86,700.03,805.6
389,804.66,700.0,805.64
390,812.57,700.07,805.12
391,805.8,700.17,805.61
392,804.27,699.78,805.03
393,806.31,700.41,805.33
394,804.94,699.48,805.54
395,804.17,699.64,805.47
396,804.37,700.42,805.32
397,803.84,699.69,805.71
398,803.32,700.37,805.61
399,813.69,700.66,805.77
400,805.53,699.6,805.37
401,804.07,699.78,805.83
402,801.75,700.36,805.15
403,803.8,699.32,805.57
404,807.01,701.59,805.33
405,808.76,701.82,804.91
406,808.17,701.58,805.43
407,802.6,699.86,805.15
408,804.07,700.72,805.78
409,808.76,699.31,805.38
410,799.59,699.31,805.1
411,810.54,700.83,805.96
412,806.8,699.34,805.47
413,797.85,699.22,805.48
414,808.81,700.37,805.54
415,807.02,699.69,805.35
416,806.56,699.44,805.64
417,803.72,699.61,805.45
418,806.72,699.9,805.47
419,805.95,699.84,805.22
420,803.36,699.44,804.89
421,802.37,699.36,805.3
422,808.94,700.36,805.09
423,807.2,699.37,804.74
424,800.34,700.22,805.6
425,808.85,700.41,805.46
426,807.08,699.94,805.31
427,800.57,699.47,805.17
428,801.16,700.65,805.35
429,813.25,701.05,805.44
430,807.14,699.88,805.33
431,806.17,699.76,805.03
432,798.29,699.11,805.36
433,812.56,701.58,805.86
434,805.89,700.02,805.31
435,798.98,699.83,805.31
436,812.29,701.39,805.24
437,799.54,699.16,805.45
438,805.46,700.21,805.68
439,805.9,700.51,805.38
440,810.12,700.74,805.07
441,809.48,700.09,804.9
442,806.64,700.71,805.33
443,804.11,700.57,805.32
444,804.5,700.26,805.55
445,802.5,700.07,804.95
446,803.59,700.72,805.0
447,806.27,699.96,805.45
448,808.38,699.89,805.27
449,806.23,699.77,805.27
450,807.3,699.6,805.26
451,806.96,699.62,805.34
452,804.15,699.28,805.29
453,804.08,700.66,805.3
454,804.49,700.36,805.61
455,804.78,699.74,805.34
456,808.41,699.88,805.61
457,807.97,699.45,805.22
458,805.0,699.48,804.93
459,805.45,699.99,805.43
460,807.73,700.87,805.45
461,803.52,699.32,805.25
462,799.56,699.32,805.39
463,810.04,700.46,805.42
464,806.64,700.28,805.08
465,803.66,700.19,805.28
466,802.3,700.04,805.67
467,809.16,699.8,805.26
468,809.07,699.62,805.64
469,804.64,698.79,805.5
470,801.7,699.7,805.69
471,805.21,700.26,805.94
472,718.69,634.95,722.46
473,713.23,618.06,709.55
474,790.68,674.92,790.43
475,801.91,698.6,805.32
476,800.96,699.75,805.46
477,804.59,699.88,805.49
478,806.48,700.61,805.38
479,812.82,700.39,805.01
480,805.57,698.94,805.36
481,803.31,700.14,805.46
482,805.8,700.45,805.34
483,805.87,699.95,805.16
484,805.84,700.05,805.34
485,804.97,700.47,805.34
486,805.29,699.89,805.41
487,804.43,700.44,805.84
488,808.44,699.5,805.26
489,807.66,700.51,805.2
490,801.72,700.36,805.56
491,807.3,699.86,805.09
492,807.26,700.21,805.74
493,805.09,700.08,805.24
494,784.6,687.37,782.25
495,706.55,618.69,709.0
496,711.55,615.81,710.44
497,801.99,688.48,804.76
498,806.69,700.03,805.28
499,803.16,700.4,804.91
500,802.73,701.25,805.22
501,809.1,700.86,804.96
502,797.59,699.62,805.71
503,808.08,700.54,805.45
504,804.36,700.22,805.09
505,803.41,700.11,805.1
506,807.72,700.9,805.44
507,808.49,700.05,805.14
508,806.64,700.07,805.33
509,803.03,699.54,805.16
510,800.6,700.19,805.65
511,806.29,700.4,805.47
512,809.04,700.57,805.58
513,803.28,699.8,805.36
514,805.97,700.2,805.37
515,807.3,700.07,805.28
516,806.31,700.25,805.14
517,805.39,699.38,805.21
518,804.5,699.18,805.78
519,802.06,699.41,805.52
520,808.07,699.87,805.47
521,806.93,699.57,805.19
522,805.77,699.46,805.39
523,805.47,700.15,805.37
524,803.11,699.96,805.53
525,805.33,699.97,805.15
526,803.53,700.19,805.37
527,803.87,700.5,805.32
528,804.52,700.2,805.92
529,804.74,700.82,804.96
530,805.3,701.09,805.09
531,811.49,700.77,805.44
532,806.65,699.98,805.0
533,804.15,700.22,805.4
534,801.26,699.99,805.28
535,802.58,700.18,804.98
536,805.81,700.48,804.93
537,807.5,700.43,805.39
538,805.59,700.39,805.4
539,807.23,699.79,805.19
540,804.84,699.88,805.32
541,806.66,700.65,805.11
542,806.02,700.02,805.2
543,805.58,699.74,805.4
544,804.83,700.03,805.06
545,804.61,700.51,805.44
546,804.54,700.25,805.26
547,804.74,700.58,805.8
548,806.73,699.92,805.39
549,807.75,700.21,805.32
550,803.66,699.77,804.92
551,804.23,699.89,805.16
552,802.17,699.81,805.6
553,803.12,700.19,805.3
554,802.29,699.43,805.12
555,803.1,699.8,805.84
556,801.22,700.32,805.38
557,801.66,699.45,805.35
558,799.12,700.11,805.45
559,801.98,699.97,805.71
560,802.04,700.34,805.41
561,801.91,700.22,805.29
562,803.95,699.96,805.69
563,803.86,700.1,805.24
564,801.74,699.82,805.38
565,800.64,699.56,805.38
566,801.25,699.93,805.21
567,801.28,700.39,805.21
568,800.74,700.02,805.14
569,796.49,699.81,805.13
570,797.85,699.76,804.87
571,800.53,700.61,805.34
572,801.16,700.55,805.18
573,797.58,699.5,804.83
574,761.16,664.17,757.41
575,756.92,659.46,757.84
576,778.02,675.97,785.15
577,803.02,699.84,805.3
578,801.23,700.22,805.4
579,803.33,699.98,805.5
580,804.67,700.44,805.38
581,804.61,699.45,805.26
582,804.47,698.58,805.47
583,800.57,699.83,805.42
584,799.65,699.41,805.63
585,803.99,700.04,805.49
586,802.82,699.76,805.22
587,803.02,700.55,805.39
588,799.35,699.78,805.29
589,797.74,699.88,805.04
590,802.71,700.1,805.45
591,803.8,699.81,805.36
592,801.44,699.61,805.14
593,796.42,699.41,805.35
594,800.74,700.5,804.94
595,803.08,699.99,805.34
596,802.19,699.87,805.07
597,802.33,699.54,805.51
598,802.79,700.63,805.3
599,804.45,699.82,805.68
600,802.31,699.66,805.44
601,801.28,699.58,805.36
602,799.98,700.39,805.41
603,801.87,700.17,805.67
604,805.51,700.71,805.19
605,804.03,700.4,805.5
606,805.1,699.68,805.5
607,803.86,699.74,805.36
608,802.77,700.67,805.27
609,801.09,700.17,805.34
610,802.05,700.33,805.43
611,800.74,700.11,805.32
612,797.94,699.83,805.46
613,801.16,700.41,805.81
614,801.82,700.47,805.08
615,802.04,699.81,805.63
616,800.94,699.83,805.55
617,800.02,699.14,805.27
618,800.77,699.78,805.6
619,800.12,700.54,805.41
620,799.58,699.92,805.41
621,800.96,699.35,805.43
622,799.86,700.04,805.47
623,800.11,700.06,805.28
624,801.09,700.16,805.6
625,798.4,699.55,805.39
626,798.85,700.7,805.18
627,798.06,699.78,805.06
628,797.51,699.57,805.67
629,796.31,700.21,805.4
630,797.66,699.93,805.29
631,797.51,700.36,805.49
632,797.05,700.55,805.6
633,797.68,700.17,805.05
634,797.1,699.95,805.49
635,796.39,700.03,805.35
636,796.98,699.89,805.0
637,795.2,699.85,805.18
638,795.51,699.81,805.09
639,796.65,699.95,805.03
640,793.48,699.72,805.33
641,793.97,699.0,805.58
642,795.8,699.32,805.59
643,794.62,701.02,805.34
644,793.92,700.4,805.3
645,794.55,700.67,805.23
646,792.92,700.24,805.38
647,792.9,700.39,805.39
648,791.28,699.52,805.11
649,794.25,700.38,805.75
650,793.4,700.06,805.42
651,791.4,699.6,805.47
652,788.92,699.61,805.64
653,791.84,700.07,805.56
654,788.32,699.25,805.39
655,789.4,699.79,805.29
656,794.76,700.3,805.3
657,792.48,700.26,805.39
658,791.06,699.97,805.21
659,788.3,699.29,805.99
660,791.28,700.18,805.04
661,792.92,700.48,805.06
662,790.92,699.76,805.38
663,788.9,699.69,805.56
664,791.1,700.75,805.49
665,792.72,699.56,805.54
666,793.15,700.13,805.48
667,789.62,699.99,805.49
668,789.4,700.27,804.99
669,793.35,700.49,805.38
670,793.69,699.91,805.57
671,792.83,699.91,804.71
672,789.62,700.32,805.57
673,790.45,699.76,805.18
674,792.67,700.34,805.68
675,795.38,700.41,805.44
676,795.62,699.29,805.6
677,796.37,699.7,805.42
678,797.63,699.87,805.4
679,796.73,699.99,805.36
680,794.32,700.6,805.44
681,793.74,699.93,805.17
682,792.28,699.56,805.5
683,795.7,700.07,805.58
684,794.91,699.92,805.44
685,796.7,700.5,805.14
686,794.8,700.32,805.33
687,797.35,700.58,805.27
688,796.09,700.6,805.28
689,795.54,699.96,805.47
690,796.56,700.44,805.24
691,796.21,699.94,805.44
692,794.86,700.17,805.24
693,793.42,700.11,805.12
694,794.51,700.32,805.1
695,792.85,699.7,805.18
696,792.43,699.58,805.05
697,792.83,699.75,805.51
698,791.44,699.66,804.98
699,790.73,699.48,805.52
700,791.34,699.62,805.3
701,788.76,699.81,805.4
702,788.31,699.91,805.54
703,789.63,700.02,804.83
704,787.76,699.78,805.66
705,788.36,700.14,805.13
706,786.85,699.68,805.56
707,787.62,699.98,805.25
708,785.66,700.14,805.42
709,785.46,700.06,805.26
710,785.02,699.73,805.52
711,785.26,700.06,804.82
712,781.78,699.67,805.48
713,782.36,700.07,805.48
714,782.74,699.9,805.7
715,787.27,700.18,805.47
716,787.86,699.42,805.39
717,786.91,700.27,805.25
718,787.1,700.1,805.28
719,789.0,700.08,805.29
720,786.31,700.09,805.62
721,785.27,699.71,805.41
722,713.24,632.96,718.51
723,717.62,619.43,715.23
724,783.15,692.16,806.87
725,787.46,700.21,805.32
726,789.04,700.01,805.22
727,784.89,699.87,805.25
728,783.89,699.99,805.36
729,787.4,700.71,805.26
730,785.85,700.1,805.48
731,786.0,700.08,805.28
732,788.03,699.81,805.41
733,790.9,700.0,805.43
734,789.93,699.66,805.01
735,790.67,699.64,805.41
736,790.15,700.69,805.55
737,792.11,699.59,805.23
738,789.03,699.83,805.44
739,789.21,699.93,805.14
740,786.69,699.94,805.19
741,789.3,700.11,805.42
742,788.87,699.53,805.53
743,789.99,699.53,805.46
744,789.28,699.82,805.36
745,787.92,699.75,805.45
746,786.23,699.76,805.06
747,789.43,699.67,805.43
748,785.45,699.73,805.0
749,782.79,700.04,805.49
750,786.17,700.2,805.2
751,785.96,699.98,805.23
752,784.08,699.32,805.65
753,783.11,699.45,805.54
754,785.98,699.42,805.28
755,784.6,699.81,805.61
756,785.05,699.91,805.08
757,783.93,699.76,805.04
758,784.04,699.43,805.24
759,782.62,699.32,805.29
760,782.3,700.28,805.21
761,779.22,699.62,805.73
762,776.17,699.97,805.44
763,782.11,700.52,805.58
764,782.5,700.38,805.73
765,781.51,700.25,805.35
766,782.37,699.56,805.42
767,781.83,699.24,805.77
768,782.1,700.21,805.24
769,781.0,699.54,805.06
770,780.47,699.93,805.22
771,782.37,699.8,805.17
772,776.46,699.72,805.38
773,778.2,700.3,805.25
774,780.1,700.3,805.55
775,782.16,699.95,805.8
776,782.34,700.09,805.38
777,783.1,700.01,805.26
778,781.29,700.07,804.95
779,781.86,699.8,805.23
780,780.87,700.23,805.56
781,779.76,699.76,805.57
782,781.98,699.82,805.48
783,781.87,699.94,805.25
784,778.19,699.82,805.16
785,776.71,700.47,805.31
786,779.24,700.76,805.58
787,780.5,700.14,805.38
788,780.93,700.29,805.29
789,783.33,700.69,805.07
790,783.42,700.45,805.22
791,784.59,699.71,805.7
792,784.47,700.41,805.21
793,780.2,699.52,805.43
794,779.22,700.36,805.28
795,784.46,700.06,805.55
796,782.48,699.79,804.86
797,781.22,699.68,805.04
798,783.58,699.76,805.53
799,783.28,700.0,805.21
800,780.85,699.72,805.3
801,781.13,700.24,805.74
802,779.66,700.26,805.48
803,779.89,699.75,805.85
804,778.8,699.84,805.27
805,776.67,700.02,805.0
806,776.27,700.05,805.33
807,776.26,699.52,805.72
808,773.56,700.24,805.31
809,778.51,700.83,805.22
810,780.9,700.41,805.1
811,780.99,699.76,805.57
812,780.02,699.96,805.51
813,779.05,700.13,805.62
814,780.43,699.76,805.32
815,779.41,699.65,805.14
816,777.3,699.93,805.46
817,779.62,699.58,805.62
818,778.54,699.69,805.6
819,778.83,700.38,805.29
820,777.99,700.28,805.7
821,779.94,700.55,805.16
822,788.15,700.3,805.79
823,788.75,699.71,805.49
824,786.31,699.24,805.63
825,788.55,700.06,805.6
826,783.85,699.92,805.45
827,783.92,699.81,805.59
828,789.69,700.98,805.55
829,788.91,699.74,805.35
830,789.43,700.18,805.58
831,788.8,700.1,805.61
832,730.7,699.96,665.87
833,804.61,699.96,805.37
834,804.61,699.96,805.37
835,804.61,699.96,805.37
836,804.61,699.96,805.37
837,804.61,699.96,805.37
838,804.61,699.96,805.37
839,804.61,699.96,805.37
840,633.39,699.96,371.3
841,806.55,699.96,806.54
842,803.71,554.63,813.33
843,808.28,700.47,805.24
844,801.71,698.9,805.9
845,808.41,700.07,805.22
846,806.24,700.01,805.29
847,807.65,700.31,805.24
848,804.53,699.1,805.4
849,801.73,699.81,805.32
850,810.24,700.28,804.85
851,802.44,699.78,805.46
852,806.59,700.49,805.25
853,807.88,699.88,805.85
854,805.83,699.56,805.2
855,804.63,700.28,805.63
856,805.34,699.25,805.23
857,804.96,700.29,805.04
858,805.55,699.88,805.44
859,805.65,700.15,805.6
860,804.91,700.48,805.16
861,805.39,700.26,805.27
862,805.15,700.27,805.49
863,808.61,700.94,805.69
864,805.98,700.38,805.26
865,808.17,700.4,805.75
866,803.85,699.91,805.2
867,805.09,699.94,805.28
868,806.63,700.29,805.19
869,804.22,700.26,805.55
870,805.6,700.69,805.47
871,805.32,699.87,805.44
872,801.54,699.58,805.33
873,804.29,700.73,805.26
874,808.19,700.38,805.07
875,804.52,700.26,805.21
876,803.4,700.12,805.0
877,803.83,699.91,805.67
878,807.12,700.47,805.48
879,805.98,700.0,804.99
880,806.71,699.95,805.26
881,805.38,700.07,805.27
882,804.64,700.2,805.41
883,805.05,699.72,805.53
884,806.54,700.04,805.28
885,806.35,700.45,805.35
886,805.81,700.15,805.63
887,804.61,700.36,805.27
888,805.45,699.07,805.92
889,805.82,700.62,805.43
890,806.94,699.65,805.61
891,808.26,699.58,805.44
892,805.23,699.93,805.49
893,804.53,700.2,805.3
894,805.09,699.49,805.39
895,804.93,699.89,805.33
896,806.17,699.97,805.32
897,806.08,699.88,805.87
898,806.42,700.14,805.79
899,804.18,700.18,805.44
900,805.56,700.14,805.61
901,805.76,699.84,805.6
902,804.76,699.98,805.51
903,805.56,699.81,805.55
904,806.57,699.91,805.05
905,806.4,700.14,805.65
906,805.79,700.09,805.52
907,805.68,699.9,805.38
908,805.77,699.78,805.69
909,805.36,700.7,805.2
910,804.51,700.08,805.3
911,804.82,699.9,805.57
912,805.31,699.46,805.5
913,805.51,699.98,805.3
914,804.73,699.7,805.63
915,806.06,699.7,805.38
916,805.95,700.25,804.93
917,804.62,699.71,805.35
918,803.48,699.95,805.65
919,810.57,700.58,805.27
920,802.25,699.72,805.75
921,808.19,700.15,804.81
922,800.28,699.74,805.32
923,804.39,699.63,805.33
924,805.94,700.24,805.33
925,804.05,699.72,805.35
926,807.21,700.26,805.27
927,806.62,699.43,805.04
928,803.13,699.98,805.23
929,808.2,700.19,804.98
930,806.64,699.59,805.5
931,805.4,699.4,805.89
932,802.66,699.47,805.41
933,805.65,699.97,805.79
934,805.44,699.81,805.2
935,804.67,699.94,805.43
936,805.34,700.33,805.63
937,805.61,700.04,805.56
938,804.85,699.84,805.24
939,806.43,700.15,805.58
940,804.68,700.03,805.5
941,805.73,700.76,805.35
942,805.55,700.01,805.57
943,806.85,700.14,805.37
944,805.11,699.7,805.35
945,804.33,699.26,805.59
946,806.15,699.9,805.16
947,806.03,699.94,805.36
948,809.07,700.29,805.12
949,806.53,699.99,805.2
950,803.77,699.6,805.46
951,805.96,699.74,805.36
952,805.08,699.63,805.35
953,806.5,699.77,805.15
954,799.06,699.17,804.88
955,807.36,700.68,805.3
956,804.14,699.41,805.03
957,803.09,700.36,805.33
958,806.72,699.91,805.61
959,805.69,700.24,805.37
960,805.92,700.35,805.27
961,806.24,699.95,805.38
962,807.34,699.92,805.55
963,806.14,699.22,805.34
964,804.05,700.55,805.24
965,804.5,700.4,805.34
966,805.52,700.27,805.48
967,807.43,700.17,805.27
968,805.12,700.29,805.22
969,804.69,700.05,805.28
970,804.18,700.17,805.64
971,805.25,700.4,805.16
972,807.97,700.14,805.5
973,803.94,699.73,805.75
974,804.45,700.32,805.09
975,806.01,700.38,805.83
976,807.73,700.0,805.43
977,806.44,699.99,805.43
978,806.45,700.0,804.99
979,805.87,700.05,805.11
980,805.29,700.14,805.27
981,806.51,700.56,805.67
982,802.79,699.65,805.1
983,803.66,699.63,805.43
984,804.28,700.0,805.61
985,806.67,699.92,805.09
986,805.43,699.46,805.45
987,809.01,699.74,805.32
988,805.41,699.77,805.46
989,803.5,699.99,804.98
990,804.25,699.65,805.49
991,805.02,700.12,805.52
992,804.36,699.34,805.75
993,803.88,699.53,805.27
994,804.8,699.88,805.16
995,807.2,700.0,805.46
996,805.16,700.43,805.16
997,805.29,699.98,805.2
998,809.21,700.26,805.53
999,807.96,699.46,805.53
1000,804.43,699.84,804.99
1001,803.64,700.11,805.21
1002,803.8,700.41,805.45
1003,804.56,700.56,805.62
1004,807.07,700.55,805.04
1005,807.18,699.86,805.18
1006,803.69,699.78,805.66
1007,806.48,699.79,805.72
1008,805.34,700.06,805.19
1009,804.3,699.7,805.43
1010,805.38,700.02,805.29
1011,804.0,699.86,805.51
1012,805.73,699.69,805.35
1013,810.39,700.93,805.49
1014,806.77,699.31,805.33
1015,803.02,699.28,805.24
1016,801.94,700.02,805.75
1017,809.77,700.22,805.39
1018,807.25,699.73,805.57
1019,800.51,699.41,805.35
1020,807.87,700.23,805.61
1021,806.65,699.48,805.5
1022,807.23,700.2,805.26
1023,805.27,699.6,805.48
1024,804.15,700.24,805.57
1025,804.79,700.05,805.2
1026,806.81,699.96,804.89
1027,806.0,700.24,805.43
1028,804.02,699.96,805.45
1029,805.97,700.0,805.47
1030,807.33,700.03,805.44
1031,804.91,699.89,805.63
1032,803.69,699.96,805.08
1033,803.41,699.38,805.47
1034,804.31,699.92,805.54
1035,806.03,699.93,805.46
1036,804.96,699.58,805.62
1037,803.85,699.69,805.43
1038,804.18,700.53,805.31
1039,804.93,699.93,805.36
1040,805.08,699.66,805.23
1041,803.4,700.01,805.25
1042,807.95,700.01,805.44
1043,806.19,699.73,805.3
1044,806.52,700.0,805.31
1045,806.83,700.38,805.47
1046,804.41,700.11,805.18
1047,805.04,699.96,805.54
1048,804.53,700.09,804.83
1049,805.58,700.01,805.49
1050,805.31,699.98,805.52
1051,804.7,700.12,805.15
1052,803.46,699.99,805.3
1053,806.16,700.08,805.46
1054,805.34,699.92,805.18
1055,806.75,700.04,805.25
1056,805.53,700.08,805.51
1057,803.14,699.98,805.69
1058,804.78,699.8,805.12
1059,805.87,700.11,805.48
1060,803.81,700.31,805.11
1061,804.93,699.8,805.88
1062,806.51,700.05,805.31
1063,805.36,700.03,805.12
1064,805.07,699.92,805.29
1065,805.73,700.15,805.21
1066,804.8,699.77,805.39
1067,808.79,700.23,805.52
1068,805.95,699.86,805.8
1069,806.08,699.95,805.19
1070,805.59,699.77,805.38
1071,804.88,700.01,805.52
1072,804.67,699.97,805.54
1073,803.05,699.76,805.91
1074,806.87,700.32,805.68
1075,805.0,699.89,805.37
1076,805.44,699.6,805.63
1077,805.26,700.71,805.3
1078,806.9,699.64,805.72
1079,805.53,699.85,804.97
1080,807.21,700.16,805.53
1081,804.83,700.18,805.0
1082,807.27,699.84,805.61
1083,807.84,700.24,805.15
1084,806.16,699.83,805.45
1085,805.32,699.57,805.54
1086,805.66,699.91,805.36
1087,807.07,699.24,805.68
1088,806.84,700.98,805.4
1089,805.56,699.83,805.5
1090,804.36,699.84,805.18
1091,807.06,700.2,805.28
1092,807.76,699.61,805.5
1093,806.28,700.16,805.52
1094,805.36,700.11,805.24
1095,803.52,699.87,805.31
1096,803.23,700.22,805.42
1097,808.79,700.47,805.38
1098,808.2,699.67,805.39
1099,805.37,699.51,805.02
1100,801.81,699.78,805.35
1101,803.83,700.94,805.53
1102,805.53,700.36,805.15
1103,804.54,700.46,805.19
1104,806.83,700.57,805.6
1105,807.71,699.48,805.31
1106,802.01,699.36,805.98
1107,809.83,699.85,805.47
1108,805.92,699.81,805.2
1109,804.33,700.22,805.57
1110,806.13,700.66,805.52
1111,805.61,700.13,805.21
1112,805.34,699.66,805.31
1113,805.62,699.65,805.41
1114,806.0,699.46,805.46
1115,806.78,699.86,805.33
1116,804.92,699.72,805.29
1117,804.61,700.41,805.02
1118,803.77,700.01,805.11
1119,803.87,699.97,805.39
1120,806.23,700.0,805.45
1121,806.97,700.12,805.48
1122,805.64,699.66,805.34
1123,805.29,700.1,805.43
1124,806.63,699.48,805.66
1125,806.29,699.2,805.54
1126,804.91,700.6,805.59
1127,804.45,700.18,805.36
1128,805.67,699.74,805.52
1129,805.27,699.89,805.39
1130,805.63,700.41,805.01
1131,805.0,699.2,804.98
1132,805.14,700.58,805.67
1133,806.1,699.94,804.95
1134,807.77,699.58,805.33
1135,805.46,700.39,805.75
1136,805.98,699.84,805.43
1137,804.95,699.58,805.51
1138,806.0,699.9,805.08
1139,805.76,699.51,805.1
1140,804.93,699.84,805.62
1141,805.4,700.31,805.43
1142,803.97,700.18,805.23
1143,805.08,699.89,805.74
1144,804.97,699.55,805.35
1145,806.43,699.55,805.78
1146,806.84,699.71,805.64
1147,804.19,699.63,805.4
1148,803.42,699.91,805.51
1149,804.64,700.17,805.23
1150,809.39,700.49,805.49
1151,807.33,699.45,805.18
1152,804.71,699.83,805.5
1153,804.06,699.49,805.31
1154,804.38,699.99,805.33
1155,804.56,700.11,805.42
1156,803.04,700.19,805.35
1157,806.9,699.96,791.72
1158,804.61,699.96,805.37
1159,804.61,699.96,805.37
1160,804.61,699.96,805.37
1161,804.61,699.96,805.37
1162,804.61,699.96,805.37
1163,804.61,699.96,805.37
1164,804.61,699.96,805.37
1165,804.61,699.96,805.37
1166,804.61,699.96,805.37
1167,804.61,699.96,805.37
1168,804.61,699.96,805.37
1169,804.61,699.96,805.37
1170,804.61,699.96,805.37
1171,804.61,699.96,805.37
1172,804.61,699.96,805.37
1173,804.61,699.96,805.37
1174,804.61,699.96,805.37
1175,804.61,699.96,805.37
1176,804.61,699.96,805.37
1177,804.61,699.96,805.37
1178,804.61,699.96,805.37
1179,804.61,699.96,805.37
1180,804.61,699.96,805.37
1181,804.61,699.96,805.37
1182,804.61,699.96,805.37
1183,804.61,699.96,805.37
1184,804.61,699.96,805.37
1185,804.61,699.96,805.37
1186,804.61,699.96,805.37
1187,804.61,699.96,805.37
1188,804.61,699.96,805.37
1189,804.61,699.96,805.37
1190,335.4,699.96,805.37
1191,803.96,699.96,806.58
1192,802.85,699.96,805.52
1193,805.07,699.96,805.86
1194,809.68,699.96,805.45
1195,806.51,373.97,813.1
1196,803.83,699.16,805.22
1197,807.34,700.01,805.28
1198,800.39,699.16,805.12
1199,808.27,701.23,805.41
1200,802.98,699.42,805.13
1201,807.71,700.28,805.33
1202,801.52,699.92,805.16
1203,810.47,700.97,805.38
1204,800.5,699.55,805.66
1205,806.84,700.38,805.22
1206,806.14,699.92,805.21
1207,806.56,700.02,805.59
1208,804.39,699.51,805.43
1209,803.65,700.3,805.39
1210,806.92,700.28,805.51
1211,806.64,699.5,805.45
1212,805.75,699.7,805.23
1213,805.55,700.02,805.48
1214,805.62,700.09,805.1
1215,808.87,699.56,805.47
1216,806.53,699.33,805.75
1217,804.91,699.39,805.45
1218,803.22,699.49,805.51
1219,802.6,700.01,805.31
1220,803.48,700.05,805.41
1221,812.02,700.85,805.2
1222,803.85,699.2,805.3
1223,804.16,699.21,805.41
1224,803.31,699.84,805.85
1225,803.1,700.19,805.28
1226,802.79,700.0,805.31
1227,808.03,362.87,794.46
1228,804.61,699.96,805.37
1229,804.61,699.96,805.37
1230,804.61,699.96,805.37
1231,804.61,699.96,805.37
1232,804.61,699.96,805.37
1233,804.61,699.96,805.37
1234,804.61,699.96,805.37
1235,804.61,699.96,805.37
1236,804.61,699.96,805.37
1237,804.61,699.96,805.37
1238,804.61,699.96,805.37
1239,804.61,699.96,805.37
1240,804.61,699.96,805.37
1241,804.61,699.96,805.37
1242,804.61,699.96,805.37
1243,804.61,699.96,805.37
1244,804.61,699.96,805.37
1245,804.61,699.96,805.37
1246,804.61,699.96,805.37
1247,804.61,699.96,805.37
1248,804.61,699.96,805.37
1249,804.61,699.96,805.37
1250,324.43,699.96,805.37
1251,779.5,699.96,785.36
1252,782.31,465.65,793.08
1253,803.19,701.37,804.93
1254,808.77,699.67,805.48
1255,803.79,699.94,805.69
1256,807.9,700.09,805.26
1257,802.7,699.36,805.33
1258,807.93,700.55,805.26
1259,802.52,699.82,805.3
1260,807.4,699.91,805.27
1261,805.94,699.74,805.05
1262,803.64,700.04,805.32
1263,809.25,700.74,805.5
1264,799.87,699.66,805.06
1265,810.73,701.03,805.28
1266,800.73,699.08,805.25
1267,809.36,701.05,805.54
1268,806.51,700.54,805.36
1269,804.91,699.62,805.11
1270,805.76,700.45,805.42
1271,805.63,699.74,805.37
1272,804.77,700.39,805.32
1273,803.39,700.34,805.31
1274,802.28,699.28,805.42
1275,803.72,699.65,805.52
1276,805.5,699.66,805.23
1277,811.45,701.1,805.41
1278,802.73,699.51,805.45
1279,808.81,700.39,805.51
1280,804.76,699.19,805.05
1281,806.9,700.12,805.49
1282,805.65,699.72,805.71
1283,803.4,699.66,805.02
1284,802.98,700.6,805.13
1285,809.4,701.04,805.37
1286,807.22,699.4,805.56
1287,801.94,700.08,805.32
1288,804.23,700.12,804.97
1289,811.21,700.34,805.53
1290,805.98,699.65,805.27
1291,798.65,699.6,805.52
1292,810.9,700.46,805.5
1293,806.13,699.57,805.57
1294,802.26,699.68,805.71
1295,802.42,699.79,805.38
1296,811.71,700.25,805.23
1297,806.83,700.06,804.97
1298,802.34,699.91,805.73
1299,800.74,699.84,805.33
1300,808.63,701.12,805.46
1301,806.84,700.24,805.28
1302,807.45,700.21,805.2
1303,803.22,700.32,805.13
1304,799.97,700.01,805.52
1305,812.64,700.74,805.1
1306,800.59,699.66,805.41
1307,808.81,700.57,805.18
1308,808.77,700.08,805.46
1309,802.54,699.08,805.31
1310,804.96,699.24,805.13
1311,811.71,701.09,805.71
1312,802.77,699.34,805.16
1313,808.11,700.32,805.58
1314,807.56,699.8,805.45
1315,802.56,699.59,805.65
1316,800.55,699.62,805.37
1317,805.02,700.26,805.64
1318,807.69,699.88,805.35
1319,803.04,699.63,805.4
1320,326.12,699.96,322.89
1321,804.61,699.96,805.37
1322,804.61,699.96,805.37
1323,804.61,699.96,805.37
1324,804.61,699.96,805.37
1325,804.61,699.96,805.37
1326,804.61,699.96,805.37
1327,804.61,699.96,805.37
1328,804.61,699.96,805.37
1329,804.61,699.96,805.37
1330,804.61,699.96,805.37
1331,804.61,699.96,805.37
1332,804.61,699.96,805.37
1333,804.61,699.96,805.37
1334,804.61,699.96,805.37
1335,804.61,699.96,805.37
1336,804.61,699.96,805.37
1337,804.61,699.96,805.37
1338,804.61,699.96,805.37
1339,804.61,699.96,805.37
1340,804.61,699.96,805.37
1341,804.61,699.96,805.37
1342,804.61,699.96,805.37
1343,804.61,699.96,805.37
1344,804.61,699.96,805.37
1345,804.61,699.96,805.37
1346,804.61,699.96,805.37
1347,804.61,699.96,805.37
1348,441.52,699.96,805.37
1349,806.26,699.96,715.47
1350,800.52,380.75,814.24
1351,801.94,697.67,805.44
1352,809.39,701.16,805.99
1353,801.36,699.61,805.65
1354,807.54,700.11,805.06
1355,805.56,700.05,805.63
1356,801.93,699.27,804.88
1357,809.85,700.37,805.41
1358,798.68,699.17,805.44
1359,808.36,700.52,805.36
1360,801.21,699.78,805.48
1361,804.6,700.14,805.82
1362,805.47,700.74,805.25
1363,806.65,700.17,805.52
1364,804.96,700.27,805.43
1365,805.18,700.11,805.39
1366,806.96,700.12,805.39
1367,804.98,700.77,805.73
1368,803.88,699.6,805.15
1369,802.04,700.41,805.34
1370,808.93,700.33,805.08
1371,803.99,699.57,805.24
1372,803.0,700.21,805.94
1373,806.25,699.55,805.48
1374,806.95,699.42,805.53
1375,805.42,700.02,805.21
1376,803.22,699.5,805.37
1377,810.29,699.74,805.41
1378,805.87,699.76,805.33
1379,801.42,699.74,805.37
1380,805.04,699.9,805.59
1381,808.79,700.3,805.53
1382,804.67,699.47,805.43
1383,807.44,700.22,805.74
1384,800.62,699.54,804.83
1385,807.79,700.75,805.25
1386,798.65,699.69,805.21
1387,807.54,700.29,805.38
1388,806.82,699.8,805.47
1389,805.71,700.15,805.02
1390,805.75,700.01,805.54
1391,803.86,699.25,805.37
1392,811.24,700.35,805.48
1393,797.58,699.05,805.27
1394,587.4,427.36,490.78
1395,809.72,699.96,626.66
1396,801.9,699.96,814.98
1397,807.53,700.9,805.24
1398,805.55,700.28,805.43
1399,804.62,699.34,805.27
1400,806.57,700.61,805.43
1401,806.16,699.69,805.44
1402,806.22,699.59,805.59
1403,803.83,699.72,805.63
1404,808.61,700.4,805.5
1405,804.19,700.16,805.24
1406,803.08,700.85,805.21
1407,808.2,700.19,805.21
1408,783.36,681.89,791.17
1409,804.67,699.07,805.38
1410,803.34,699.17,805.06
1411,807.23,700.92,805.52
1412,808.03,699.58,805.32
1413,803.87,699.88,805.53
1414,805.79,700.17,805.5
1415,805.46,700.18,805.37
1416,805.82,699.34,805.4
1417,805.7,699.74,805.1
1418,804.86,699.43,805.1
1419,805.1,700.13,805.24
1420,809.14,699.91,805.45
1421,807.81,700.02,805.5
1422,806.92,700.08,805.35
1423,806.1,699.59,805.35
1424,805.94,699.92,805.29
1425,805.84,700.02,805.21
1426,805.68,699.51,805.25
1427,806.01,699.63,805.36
1428,806.59,699.76,805.55
1429,805.42,700.29,805.36
1430,805.63,699.91,805.52
1431,806.2,700.1,805.4
1432,804.92,699.86,805.35
1433,802.84,699.33,805.39
1434,804.89,699.9,805.51
1435,806.85,699.82,805.37
1436,805.59,699.74,805.17
1437,805.73,699.48,805.22
1438,809.42,700.65,805.27
1439,806.77,700.04,805.68
1440,806.92,699.93,805.38
1441,807.55,700.03,805.53
1442,804.43,699.67,804.87
1443,801.9,699.61,805.29
1444,805.95,700.25,805.63
1445,805.24,700.2,805.35
1446,805.61,700.15,805.45
1447,805.35,699.99,805.12
1448,808.5,699.76,805.13
1449,805.83,699.66,805.14
1450,804.23,699.9,805.03
1451,800.55,699.84,805.46
1452,806.13,699.95,805.59
1453,805.45,700.01,805.35
1454,807.34,699.95,805.3
1455,805.6,700.53,805.38
1456,808.37,700.66,804.94
1457,810.34,700.31,805.4
1458,797.66,699.18,805.12
1459,811.15,701.1,805.46
1460,801.3,699.32,805.16
1461,805.24,700.55,805.55
1462,808.31,700.01,805.66
1463,808.54,699.65,805.67
1464,805.16,699.37,805.59
1465,802.52,699.63,805.26
1466,802.62,699.14,805.4
1467,805.7,700.26,805.48
1468,808.25,700.54,805.14
1469,805.7,699.95,805.24
1470,804.92,699.88,805.36
1471,799.66,699.63,805.43
1472,810.31,700.69,805.51
1473,807.67,699.74,805.12
1474,804.62,699.85,805.4
1475,806.36,699.63,805.43
1476,798.36,699.53,805.44
1477,807.54,699.1,801.82
1478,745.38,645.18,754.33
1479,805.37,699.3,805.46
1480,802.25,699.02,805.47
1481,812.22,700.46,804.97
1482,803.3,699.6,805.36
1483,803.28,699.89,805.24
1484,804.54,700.12,805.43
1485,803.63,699.43,805.21
1486,806.55,700.32,805.34
1487,805.74,699.72,805.5
1488,807.02,700.69,805.23
1489,807.06,699.92,804.94
1490,804.67,700.07,805.2
1491,805.2,700.12,805.2
1492,806.45,699.77,805.33
1493,806.18,700.01,805.51
1494,804.2,700.3,805.28
1495,804.19,699.49,805.41
1496,756.0,462.2,724.37
1497,804.61,699.96,805.37
1498,804.61,699.96,805.37
1499,804.61,699.96,805.37
1500,804.61,699.96,805.37
1501,804.61,699.96,805.37
1502,804.61,699.96,805.37
1503,804.61,699.96,805.37
1504,804.61,699.96,805.37
1505,804.61,699.96,805.37
1506,804.61,699.96,805.37
1507,804.61,699.96,805.37
1508,804.61,699.96,805.37
1509,804.61,699.96,805.37
1510,804.61,699.96,805.37
1511,804.37,699.96,753.88
1512,804.19,699.96,822.01
1513,803.61,698.53,805.72
1514,804.01,699.52,805.09
1515,806.48,700.28,805.21
1516,806.15,699.76,805.33
1517,809.56,699.9,805.27
1518,802.06,698.59,805.35
1519,803.19,699.81,805.23
1520,803.16,699.91,805.41
1521,805.92,700.0,805.35
1522,807.61,699.5,805.41
1523,804.4,699.97,805.4
1524,803.19,699.36,805.36
1525,805.85,700.64,805.46
1526,808.1,700.54,805.36
1527,807.9,699.09,805.22
1528,803.01,699.49,805.75
1529,805.72,700.14,805.34
1530,808.93,700.16,805.5
1531,802.08,699.32,805.34
1532,799.66,699.73,805.14
1533,810.67,700.81,805.63
1534,807.9,699.82,805.17
1535,805.38,699.97,805.42
1536,797.39,699.58,805.53
1537,812.48,700.91,805.29
1538,798.45,698.96,805.44
1539,810.1,700.93,805.3
1540,806.6,699.41,805.22
1541,804.52,699.36,805.59
1542,803.84,699.66,805.21
1543,806.19,700.43,805.57
1544,805.55,699.35,805.23
1545,805.16,699.42,805.46
1546,802.3,699.71,805.31
1547,805.32,700.73,805.32
1548,804.86,700.23,804.98
1549,805.14,700.33,805.61
1550,803.47,699.83,805.39
1551,808.17,700.06,805.47
1552,801.94,699.05,805.43
1553,802.69,700.16,805.45
1554,806.92,700.03,805.33
1555,806.45,700.04,805.28
1556,802.19,700.09,805.23
1557,808.04,700.98,805.54
1558,807.53,700.21,805.5
1559,805.83,699.64,805.27
1560,802.65,699.37,805.47
1561,807.12,699.9,805.25
1562,801.02,700.01,805.29
1563,808.93,700.89,805.67
1564,805.38,699.57,805.46
1565,804.16,699.5,805.56
1566,801.73,699.86,805.75
1567,806.26,700.15,805.19
1568,807.91,700.33,805.38
1569,804.96,700.26,805.43
1570,802.35,700.13,804.98
1571,807.61,700.19,805.65
1572,801.33,700.0,805.37
1573,807.43,700.76,805.5
1574,804.73,700.26,805.32
1575,804.97,700.23,805.43
1576,805.15,699.85,805.74
1577,805.43,699.62,804.98
1578,804.76,700.4,805.57
1579,807.35,700.1,805.4
1580,805.37,700.39,805.34
1581,804.67,699.68,805.23
1582,804.73,700.17,805.16
1583,807.69,700.54,805.54
1584,806.58,699.92,805.34
1585,804.45,700.24,805.38
1586,803.54,699.79,805.54
1587,808.9,700.34,805.61
1588,806.22,699.71,805.49
1589,802.99,699.56,805.35
1590,806.8,700.31,805.61
1591,803.12,699.63,805.42
1592,806.37,700.05,805.56
1593,785.29,678.41,776.87
1594,804.61,699.96,805.37
1595,488.02,699.96,805.37
1596,553.1,699.96,535.74
1597,804.61,699.96,805.37
1598,804.61,699.96,805.37
1599,804.61,699.96,805.37
1600,804.61,699.96,805.37
1601,804.61,699.96,805.37
1602,804.61,699.96,805.37
1603,804.61,699.96,805.37
1604,804.61,699.96,805.37
1605,804.61,699.96,805.37
1606,804.61,699.96,805.37
1607,804.61,699.96,805.37
1608,804.61,699.96,805.37
1609,810.85,699.96,595.17
1610,804.31,699.96,817.05
1611,806.97,699.97,805.88
1612,799.83,698.52,805.7
1613,809.09,700.14,805.37
1614,802.28,699.96,791.11
1615,804.61,699.96,805.37
1616,804.61,699.96,805.37
1617,804.61,699.96,805.37
1618,804.61,699.96,805.37
1619,804.61,699.96,805.37
1620,804.61,699.96,805.37
1621,439.64,699.96,805.37
1622,807.27,699.96,807.36
1623,802.66,594.04,815.61
1624,805.7,698.92,805.48
1625,804.72,699.6,805.59
1626,804.23,699.37,805.5
1627,808.63,699.69,805.44
1628,802.24,699.18,805.41
1629,803.53,699.25,805.55
1630,807.38,700.35,805.36
1631,809.18,699.75,805.3
1632,803.46,699.61,805.37
1633,803.82,699.66,805.45
1634,804.95,699.94,805.53
1635,806.52,699.51,805.38
1636,805.43,696.05,802.48
1637,657.18,699.96,623.5
1638,804.61,699.96,805.37
1639,804.61,699.96,805.37
1640,804.61,699.96,805.37
1641,804.61,699.96,805.37
1642,804.61,699.96,805.37
1643,804.61,699.96,805.37
1644,804.61,699.96,805.37
1645,804.61,699.96,805.37
1646,804.61,699.96,805.37
1647,804.61,699.96,805.37
1648,804.61,699.96,805.37
1649,804.61,699.96,805.37
1650,804.61,699.96,805.37
1651,804.61,699.96,805.37
1652,804.61,699.96,805.37
1653,804.61,699.96,805.37
1654,804.61,699.96,805.37
1655,804.61,699.96,805.37
1656,804.61,699.96,805.37
1657,804.61,699.96,805.37
1658,804.61,699.96,805.37
1659,804.61,699.96,805.37
1660,804.61,699.96,805.37
1661,804.61,699.96,805.37
1662,804.61,699.96,805.37
1663,804.61,699.96,805.37
1664,804.61,699.96,805.37
1665,804.61,699.96,805.37
1666,804.61,699.96,805.37
1667,804.61,699.96,805.37
1668,804.61,699.96,805.37
1669,729.25,699.96,489.27
1670,800.73,699.96,815.11
1671,800.29,698.16,806.43
1672,804.13,701.32,805.24
1673,802.28,700.38,806.05
1674,805.29,700.23,805.55
1675,800.52,699.14,805.41
1676,801.73,700.31,805.13
1677,812.27,701.04,805.63
1678,797.16,698.3,805.88
1679,807.84,700.65,805.42
1680,805.96,700.18,805.49
1681,809.98,699.4,805.54
1682,799.21,699.71,805.14
1683,803.94,699.33,805.66
1684,810.04,700.24,805.45
1685,798.98,698.73,805.45
1686,805.55,699.84,805.1
1687,805.97,700.62,805.82
1688,802.62,699.83,805.19
1689,805.46,699.68,805.52
1690,805.32,699.48,805.73
1691,801.79,699.46,805.57
1692,805.32,699.46,805.66
1693,799.94,699.41,805.42
1694,809.42,700.77,805.49
1695,796.92,699.27,804.99
1696,805.02,699.8,804.97
1697,810.81,700.7,805.1
1698,799.26,699.53,805.34
1699,804.21,699.64,804.99
1700,805.08,700.17,805.71
1701,799.7,699.39,805.43
1702,805.95,700.74,805.0
1703,807.04,700.68,805.78
1704,799.29,699.32,805.08
1705,804.19,699.76,805.23
1706,810.96,701.14,805.69
1707,797.34,699.04,804.93
1708,808.49,699.85,805.59
1709,807.06,700.03,805.35
1710,805.86,699.59,805.65
1711,804.24,699.98,805.11
1712,802.7,700.23,805.29
1713,813.25,700.58,805.32
1714,804.78,699.67,805.38
1715,804.14,699.92,805.56
1716,801.06,700.09,804.92
1717,806.79,700.68,805.51
1718,808.16,699.33,805.12
1719,805.4,699.72,805.22
1720,806.02,700.22,805.03
1721,806.19,699.87,805.37
1722,805.52,700.28,805.23
1723,806.03,699.91,805.28
1724,806.06,699.99,805.56
1725,805.54,699.9,805.72
1726,806.15,700.06,805.44
1727,806.09,700.16,805.51
1728,804.9,699.44,805.15
1729,802.01,699.3,805.21
1730,810.67,700.68,805.2
1731,799.81,699.3,805.15
1732,806.45,700.5,805.5
1733,805.2,699.27,805.35
1734,801.55,700.05,806.0
1735,807.31,700.95,805.14
1736,808.57,700.02,805.23
1737,802.1,699.87,805.23
1738,803.27,699.63,805.76
1739,803.95,699.76,805.5
1740,808.67,700.45,805.51
1741,805.14,699.23,805.16
1742,805.08,700.45,805.42
1743,807.34,700.46,805.38
1744,806.84,699.91,805.43
1745,805.0,699.67,805.19
1746,805.75,700.33,805.6
1747,804.44,699.88,804.93
1748,803.59,700.25,805.28
1749,812.01,700.24,805.19
1750,804.33,700.36,805.01
1751,801.81,699.54,805.27
1752,803.7,699.72,805.53
1753,802.33,700.36,805.62
1754,813.06,701.23,804.78
1755,804.6,700.13,805.3
1756,803.21,699.31,805.27
1757,802.06,698.84,805.53
1758,809.78,699.67,805.14
1759,808.08,699.95,805.2
1760,807.51,699.82,805.42
1761,803.65,700.38,804.93
1762,798.51,700.8,805.55
1763,810.1,701.55,805.24
1764,803.15,699.82,805.29
1765,800.99,699.68,805.2
1766,807.25,700.72,805.27
1767,809.57,700.2,805.19
1768,802.24,699.71,805.51
1769,808.57,700.23,805.15
1770,803.09,699.78,805.49
1771,805.23,700.7,805.44
1772,807.94,700.04,804.94
1773,804.56,699.72,805.2
1774,802.11,700.48,805.18
1775,809.64,700.05,805.24
1776,799.86,699.6,805.02
1777,809.39,700.85,805.43
1778,796.88,699.12,804.8
1779,810.56,700.03,806.01
1780,808.26,700.24,805.44
1781,797.98,698.94,805.38
1782,806.06,700.9,805.65
1783,808.09,699.78,805.11
1784,800.1,699.66,805.26
1785,810.51,700.75,805.66
1786,806.87,699.97,805.17
1787,804.47,699.66,805.45
1788,803.44,699.81,805.78
1789,802.82,699.67,805.31
1790,801.47,699.44,805.55
1791,803.38,700.35,805.41
1792,806.51,700.29,805.27
1793,807.65,699.87,805.31
1794,798.98,699.43,805.49
1795,811.83,699.23,805.54
1796,808.36,701.15,805.37
1797,804.79,700.24,805.04
1798,804.34,699.95,805.42
1799,805.08,700.43,805.42
1800,800.21,699.65,805.79
1801,802.3,699.94,805.4
1802,805.97,699.59,805.38
1803,807.16,699.52,805.06
1804,804.04,700.28,805.08
1805,804.79,700.2,805.11
1806,807.4,699.93,805.29
1807,806.6,700.2,805.66
1808,802.93,700.28,805.15
1809,804.94,700.45,805.57
1810,810.88,699.95,804.82
1811,805.68,699.99,805.65
1812,803.62,700.18,805.52
1813,806.3,700.27,804.76
1814,802.5,699.46,805.67
1815,810.95,700.47,805.36
1816,808.33,700.16,805.21
1817,800.75,699.25,805.33
1818,807.99,700.13,805.19
1819,806.23,699.51,805.29
1820,800.52,699.81,805.09
1821,805.31,699.98,805.58
1822,811.82,700.51,805.25
1823,810.36,700.0,805.56
1824,808.77,699.93,805.12
1825,805.01,699.54,805.63
1826,798.32,696.07,795.1
1827,751.16,658.38,757.11
1828,787.96,683.25,791.29
1829,807.82,699.19,804.78
1830,806.15,700.41,805.16
1831,812.3,699.96,805.75
1832,806.21,699.85,804.86
1833,806.17,699.5,805.18
1834,801.54,700.04,804.94
1835,805.23,700.5,805.69
1836,810.02,700.66,804.96
1837,799.04,695.91,795.2
1838,754.45,658.83,756.99
1839,753.09,658.56,757.51
1840,761.0,658.86,756.75
1841,765.27,664.26,770.38
1842,814.4,699.86,804.99
1843,806.12,699.12,805.2
1844,805.37,699.22,805.23
1845,801.17,700.1,805.51
1846,809.15,700.09,805.33
1847,809.58,700.72,805.23
1848,806.74,700.12,804.97
1849,805.02,699.95,805.43
1850,800.31,699.94,805.12
1851,804.6,700.18,805.15
1852,810.38,700.34,805.69
1853,802.71,698.93,805.18
1854,804.19,700.7,805.48
1855,806.81,699.26,805.32
1856,807.26,700.78,805.55
1857,808.42,699.79,805.6
1858,806.96,700.1,805.52
1859,803.92,699.44,804.75
1860,801.48,698.79,806.01
1861,807.05,699.16,805.09
1862,808.19,700.13,805.36
1863,805.51,699.79,805.1
1864,806.58,700.27,804.95
1865,806.94,700.08,805.34
1866,804.54,699.68,805.47
1867,802.37,699.66,804.81
1868,802.76,700.22,805.42
1869,808.2,699.44,805.33
1870,802.13,700.16,805.28
1871,809.85,700.27,805.66
1872,807.35,699.73,805.8
1873,805.21,700.24,805.26
1874,798.65,700.42,805.09
1875,807.32,700.96,805.11
1876,806.49,700.12,805.04
1877,807.92,700.39,805.71
1878,807.02,700.55,805.18
1879,803.7,699.48,805.0
1880,801.61,700.14,805.07
1881,805.91,700.21,805.33
1882,805.06,699.9,805.49
1883,806.13,699.61,805.62
1884,802.38,699.79,805.03
1885,800.75,699.68,806.11
1886,811.59,700.15,806.05
1887,798.77,699.22,804.81
1888,803.91,700.84,805.67
1889,808.48,699.63,805.39
1890,803.93,699.99,805.25
1891,803.66,700.06,805.4
1892,807.72,700.56,806.04
1893,805.02,700.15,805.56
1894,805.35,699.98,805.55
1895,803.78,700.18,805.95
1896,801.45,700.03,804.67
1897,804.0,700.01,805.75
1898,807.88,700.69,805.17
1899,782.85,687.92,793.04
1900,813.64,699.73,805.68
1901,800.14,699.17,805.44
1902,804.75,700.81,805.76
1903,804.44,699.41,805.2
1904,806.67,700.69,804.97
1905,804.11,700.11,805.27
1906,802.84,699.63,805.83
1907,805.01,699.95,805.32
1908,805.55,699.26,805.26
1909,804.03,699.99,805.28
1910,800.07,700.48,805.18
1911,803.22,699.72,805.21
1912,803.27,700.03,805.69
1913,806.65,700.2,805.41
1914,808.94,699.83,805.13
1915,802.87,699.75,805.37
1916,802.55,699.52,805.35
1917,803.39,700.02,805.31
1918,800.88,699.66,805.41
1919,799.04,700.36,805.43
1920,801.29,700.32,805.37
1921,803.94,699.98,805.41
1922,803.04,700.02,804.81
1923,798.61,699.45,805.85
1924,800.07,700.5,805.15
1925,804.11,701.25,805.12
1926,805.18,700.73,805.21
1927,805.0,700.07,805.05
1928,801.7,699.9,805.5
1929,800.92,699.66,805.38
1930,802.48,700.22,805.27
1931,804.59,700.24,805.19
1932,802.68,699.8,805.3
1933,806.35,699.93,805.23
1934,806.2,700.29,805.09
1935,801.27,700.63,805.23
1936,800.57,699.91,805.84
1937,803.81,700.85,805.31
1938,802.69,700.21,804.92
1939,805.22,699.84,805.55
1940,803.2,699.98,805.48
1941,804.44,699.97,805.45
1942,802.68,699.52,805.32
1943,801.07,699.99,805.12
1944,803.94,700.2,805.51
1945,804.57,700.09,805.37
1946,804.84,700.1,805.47
1947,801.92,699.75,805.84
1948,802.81,699.97,805.3
1949,800.83,699.61,805.34
1950,802.02,699.38,805.4
1951,802.15,699.94,805.77
1952,805.62,699.92,805.7
1953,804.14,699.9,805.41
1954,800.78,700.0,805.24
1955,799.86,700.76,805.74
1956,805.31,701.29,805.5
1957,805.47,700.16,805.47
1958,805.62,699.02,805.39
1959,804.33,699.14,805.56
1960,804.52,700.91,805.06
1961,802.8,701.08,804.91
1962,803.32,699.84,805.53
1963,798.72,700.17,805.53
1964,801.78,700.17,805.45
1965,802.55,700.47,804.65
1966,802.92,700.35,805.5
1967,804.52,700.1,805.15
1968,803.95,700.16,805.23
1969,804.46,700.24,804.92
1970,804.74,699.81,805.34
1971,800.96,699.31,805.65
1972,801.92,700.29,805.65
1973,805.11,699.97,805.62
1974,805.31,699.3,805.4
1975,802.79,699.57,805.99
1976,804.03,699.7,805.5
1977,805.12,700.24,804.84
1978,803.26,699.87,805.24
1979,803.73,700.07,805.17
1980,806.51,700.02,805.26
1981,802.71,699.86,805.01
1982,802.06,699.89,805.73
1983,806.13,699.16,805.76
1984,804.26,699.45,805.33
1985,803.52,699.49,805.78
1986,804.83,700.3,805.74
1987,804.0,700.28,805.1
1988,804.23,700.14,805.33
1989,799.14,700.34,804.89
1990,801.04,699.64,805.74
1991,803.31,700.62,805.0
1992,808.25,700.44,805.86
1993,803.68,700.12,805.29
1994,805.81,700.52,805.2
1995,802.57,700.22,805.06
1996,804.57,700.13,805.16
1997,801.35,699.96,805.34
1998,803.15,699.86,805.65
1999,802.11,699.93,805.14
2000,801.01,700.04,805.58
2001,801.53,699.79,805.74
2002,798.36,700.35,805.31
2003,799.68,700.22,805.25
2004,800.6,699.39,805.33
2005,799.61,700.17,805.2
2006,800.67,699.73,805.86
2007,800.98,699.91,805.44
2008,796.97,700.31,804.95
2009,796.91,699.96,805.19
2010,794.43,699.35,805.09
2011,795.56,700.26,805.39
2012,798.78,699.82,805.36
2013,796.71,699.59,806.0
2014,798.81,699.73,806.0
2015,796.62,699.3,805.52
2016,796.31,699.63,805.16
2017,794.19,698.74,805.31
2018,792.33,699.74,805.47
2019,796.5,700.48,805.41
2020,800.99,699.85,805.43
2021,803.25,700.32,805.36
2022,798.98,700.28,805.47
2023,798.71,699.41,804.67
2024,794.64,699.85,805.57
2025,795.87,700.25,805.34
2026,797.4,699.97,805.37
2027,797.13,700.34,805.14
2028,796.41,700.48,805.63
2029,796.28,700.89,805.55
2030,793.86,700.88,805.14
2031,796.15,700.96,805.7
2032,802.41,700.48,805.45
2033,800.91,700.45,805.3
2034,800.52,700.03,805.18
2035,800.04,699.33,805.18
2036,794.11,699.91,804.92
2037,797.22,700.17,805.35
2038,797.76,700.28,804.55
2039,799.51,700.15,805.44
2040,797.0,700.25,805.5
2041,801.04,700.39,804.84
2042,802.39,700.5,805.28
2043,798.22,699.57,805.67
2044,798.76,700.09,805.24
2045,800.8,699.71,805.69
2046,800.48,699.72,805.42
2047,799.47,699.69,805.21
2048,799.94,700.48,805.13
2049,798.16,699.85,804.97
2050,798.56,699.47,805.57
2051,798.04,700.12,804.88
2052,797.28,699.73,805.49
2053,796.53,699.72,806.11
2054,795.33,700.07,805.45
2055,796.32,700.62,805.23
2056,794.49,699.97,805.1
2057,793.89,699.78,805.56
2058,800.53,700.71,805.87
2059,796.69,699.37,805.63
2060,797.05,700.06,805.53
2061,796.57,700.49,805.99
2062,802.57,700.08,805.93
2063,800.01,700.03,805.9
2064,798.88,700.3,805.49
2065,800.79,699.47,804.84
2066,795.03,699.9,805.66
2067,794.74,699.28,805.54
2068,797.71,699.89,805.23
2069,798.78,700.14,805.34
2070,799.19,700.13,805.19
2071,800.2,699.94,805.39
2072,796.97,700.47,805.4
2073,799.16,699.9,805.42
2074,799.51,699.93,805.25
2075,799.22,700.05,805.17
2076,797.28,700.18,805.49
2077,796.65,700.05,805.18
2078,794.26,700.2,805.67
2079,794.2,699.61,806.03
2080,795.64,694.99,797.48
2081,796.71,699.17,805.16
2082,801.1,699.56,805.16
2083,804.04,700.72,805.71
2084,804.3,699.42,805.63
2085,799.2,700.41,805.28
2086,801.16,699.88,805.44
2087,804.73,699.99,805.21
2088,802.11,699.84,805.55
2089,805.66,700.05,805.21
2090,802.31,699.58,805.35
2091,804.27,700.21,805.49
2092,801.81,700.2,805.23
2093,803.92,699.3,805.62
2094,802.66,699.63,805.72
2095,800.98,699.8,805.27
2096,804.76,699.44,804.97
2097,801.3,699.49,805.4
2098,798.77,700.02,805.99
2099,798.86,698.71,805.71
2100,797.18,699.5,805.3
2101,801.15,699.85,805.26
2102,799.78,699.76,805.81
2103,800.79,699.75,805.46
2104,798.48,699.92,805.12
2105,798.22,699.91,805.85
2106,795.06,698.76,805.31
2107,795.71,699.63,805.53
2108,797.28,699.35,805.6
2109,796.83,699.68,805.4
2110,796.63,699.75,805.43
2111,795.41,700.05,805.46
2112,796.23,699.89,805.83
2113,790.94,699.29,804.99
2114,786.34,699.92,805.59
2115,789.84,700.26,805.17
2116,794.83,699.71,805.72
2117,791.89,699.55,805.13
2118,789.54,699.19,805.27
2119,791.16,699.84,805.22
2120,789.43,699.75,805.68
2121,791.57,700.22,805.37
2122,795.15,700.36,805.29
2123,795.01,700.21,805.52
2124,791.87,699.82,805.08
2125,793.67,699.43,805.9
2126,792.54,699.63,805.91
2127,792.31,700.21,805.49
2128,793.56,699.95,805.61
2129,792.0,699.61,805.22
2130,790.96,700.45,805.13
2131,785.91,699.81,805.22
2132,788.31,700.09,805.65
2133,791.63,700.4,805.49
2134,791.68,699.29,805.64
2135,791.57,700.05,805.29
2136,790.94,700.38,804.98
2137,789.97,699.7,805.75
2138,789.18,699.19,805.51
2139,787.78,700.44,805.27
2140,791.31,700.47,805.25
2141,791.16,700.09,805.31
2142,794.24,699.35,805.83
2143,790.93,700.6,805.43
2144,788.9,701.48,805.2
2145,789.91,701.82,804.72
2146,795.93,700.83,805.37
2147,801.04,700.61,805.15
2148,802.08,699.91,805.5
2149,802.94,700.03,805.56
2150,803.99,700.18,805.24
2151,802.07,700.37,805.4
2152,804.03,700.2,805.36
2153,782.78,422.62,718.63
2154,804.61,699.96,805.37
2155,804.61,699.96,805.37
2156,804.61,699.96,805.37
2157,804.61,699.96,805.37
2158,804.61,699.96,805.37
2159,794.95,699.96,569.25
2160,805.75,699.96,815.83
2161,807.43,698.69,805.08
2162,805.06,699.31,805.46
2163,805.92,700.68,805.11
2164,805.93,700.62,805.29
2165,806.27,700.74,805.21
2166,807.07,700.54,805.35
2167,804.75,700.05,805.31
2168,806.59,700.36,805.68
2169,800.73,700.08,804.67
2170,802.6,700.67,805.68
2171,807.51,699.6,805.22
2172,805.11,700.04,805.55
2173,803.89,700.19,805.19
2174,803.52,699.99,806.1
2175,808.99,700.2,805.13
2176,806.96,699.54,805.39
2177,806.36,700.02,805.15
2178,806.84,699.31,805.29
2179,806.89,699.47,805.72
2180,802.96,698.61,805.38
2181,806.59,698.45,805.62
2182,812.77,699.95,805.85
2183,801.3,698.31,805.6
2184,800.88,699.36,805.88
2185,805.97,700.11,805.12
2186,804.24,699.69,805.78
2187,802.69,699.79,805.76
2188,805.88,699.69,805.32
2189,805.24,700.0,805.54
2190,804.48,699.42,805.83
2191,803.49,699.54,805.33
2192,807.02,699.35,805.32
2193,803.55,700.37,805.39
2194,806.19,700.49,804.79
2195,802.86,699.96,805.73
2196,805.34,700.11,805.41
2197,804.16,699.79,805.5
2198,803.85,699.77,805.92
2199,807.46,700.4,805.14
2200,803.75,698.98,804.78
2201,806.76,700.7,805.55
2202,807.34,699.77,805.46
2203,805.27,699.98,805.56
2204,803.57,699.63,805.58
2205,809.39,700.77,805.59
2206,803.19,698.92,805.07
2207,807.3,700.93,805.42
2208,809.08,700.16,805.36
2209,806.93,700.04,805.46
2210,806.92,699.77,805.55
2211,805.04,699.7,805.43
2212,805.03,699.82,805.61
2213,804.6,699.78,805.48
2214,805.69,700.0,805.03
2215,806.06,700.45,805.09
2216,807.45,700.4,805.17
2217,806.03,700.2,805.22
2218,805.44,700.29,805.16
2219,803.8,700.39,804.98
2220,807.51,700.32,805.36
2221,807.78,700.23,805.14
2222,807.24,699.86,805.66
2223,803.81,700.28,805.34
2224,806.32,700.54,804.93
2225,804.49,700.16,805.01
2226,802.99,699.89,805.52
2227,803.43,700.57,805.21
2228,803.49,700.34,805.35
2229,807.12,699.83,805.9
2230,805.48,700.71,805.14
2231,804.88,700.02,805.33
2232,806.42,700.39,804.96
2233,806.31,701.08,805.12
2234,805.15,699.66,805.47
2235,801.6,699.47,805.58
2236,803.52,700.06,805.79
2237,808.01,699.94,805.1
2238,808.2,699.4,805.11
2239,804.29,700.1,805.16
2240,805.09,700.2,805.39
2241,807.69,698.67,805.37
2242,803.48,700.29,805.43
2243,802.95,700.49,805.23
2244,804.91,700.28,805.15
2245,803.48,700.12,805.32
2246,813.49,700.41,805.87
2247,799.19,699.07,805.2
2248,811.75,700.64,805.45
2249,803.83,699.17,804.93
2250,806.87,700.86,805.32
2251,808.09,699.93,804.89
2252,803.59,699.9,805.35
2253,805.56,700.82,805.16
2254,806.8,699.45,805.8
2255,803.66,700.05,805.12
2256,806.63,699.91,805.16
2257,805.14,700.03,804.95
2258,804.93,699.68,805.4
2259,807.33,700.28,805.49
2260,806.71,699.75,805.42
2261,806.35,700.06,805.64
2262,805.0,699.81,805.24
2263,804.85,699.66,805.56
2264,805.37,699.65,805.58
2265,804.95,699.4,805.6
2266,799.76,699.42,805.81
2267,803.18,700.43,805.6
2268,804.8,700.07,805.39
2269,808.52,699.95,805.14
2270,803.46,699.67,805.66
2271,807.95,699.32,805.84
2272,806.17,699.71,805.64
2273,802.03,699.66,805.1
2274,801.52,700.04,805.42
2275,806.14,701.25,805.3
2276,805.26,700.64,805.45
2277,802.91,699.23,805.14
2278,805.62,700.62,805.16
2279,803.98,699.13,805.46
2280,806.9,699.47,805.84
2281,804.76,699.36,805.36
2282,805.83,699.9,805.37
2283,806.65,699.59,805.81
2284,806.47,699.18,805.89
2285,803.63,700.94,804.81
2286,802.86,701.64,805.38
2287,803.11,701.19,804.77
2288,802.05,699.96,805.84
2289,804.37,700.33,805.38
2290,806.73,699.9,805.29
2291,804.53,700.01,805.03
2292,806.53,700.17,805.42
2293,803.92,699.28,805.5
2294,807.09,700.09,806.07
2295,806.68,699.7,805.36
2296,802.76,699.63,805.17
2297,805.2,700.02,805.8
2298,805.23,700.11,804.9
2299,805.44,699.44,805.83
2300,803.75,700.34,805.49
2301,806.2,700.15,805.22
2302,804.81,699.83,805.29
2303,803.09,699.97,805.56
2304,805.39,699.68,805.8
2305,802.82,699.92,805.26
2306,803.8,699.28,805.7
2307,807.8,699.73,805.75
2308,807.07,699.59,805.29
2309,806.52,699.22,805.56
2310,804.43,699.21,805.25
2311,805.22,699.4,805.88
2312,804.55,699.45,805.14
2313,804.82,699.57,805.46
2314,806.39,699.58,805.37
2315,806.24,700.56,805.29
2316,804.29,700.41,805.24
2317,805.39,700.02,805.54
2318,807.58,700.0,805.29
2319,804.98,699.66,805.41
2320,803.4,700.42,804.81
2321,806.41,699.74,805.56
2322,807.71,700.14,805.55
2323,804.78,699.36,805.23
2324,804.77,700.18,805.15
2325,805.65,700.57,804.96
2326,805.15,701.23,804.96
2327,803.86,700.56,804.91
2328,804.3,701.41,804.79
2329,779.68,676.24,785.73
2330,796.14,698.79,805.19
2331,811.95,701.44,805.11
2332,799.95,699.04,805.38
2333,804.92,700.79,805.52
2334,806.4,700.14,805.48
2335,805.84,699.96,805.32
2336,805.45,699.93,805.61
2337,803.08,699.56,805.46
2338,804.36,700.28,805.27
2339,807.71,699.78,805.12
2340,805.79,699.98,805.46
2341,803.93,699.96,805.57
2342,807.16,700.2,805.47
2343,805.1,699.0,802.62
2344,757.76,662.98,763.43
2345,811.05,699.57,806.24
2346,808.05,699.8,805.31
2347,805.61,699.76,805.72
2348,805.83,699.78,805.0
2349,805.68,700.02,805.01
2350,803.58,699.59,805.71
2351,805.59,699.32,805.54
2352,806.79,699.88,805.09
2353,808.35,699.98,805.94
2354,799.51,699.43,805.55
2355,802.62,699.73,805.34
2356,806.41,700.05,804.97
2357,806.47,699.68,805.48
2358,805.42,699.55,805.69
2359,803.94,699.58,805.57
2360,802.68,699.94,805.47
2361,805.44,700.32,805.3
2362,805.93,700.09,805.05
2363,804.12,699.81,805.2
2364,804.89,699.46,805.6
2365,806.51,699.44,805.33
2366,804.11,700.13,805.23
2367,803.31,699.38,805.62
2368,807.4,699.4,805.62
2369,804.82,699.87,805.7
2370,805.4,700.31,805.15
2371,806.85,700.38,805.38
2372,806.22,699.85,805.86
2373,807.31,700.61,805.12
2374,806.34,700.22,805.38
2375,805.64,700.06,805.37
2376,805.34,700.2,805.15
2377,804.83,700.0,805.65
2378,803.75,700.2,804.98
2379,804.38,699.88,804.96
2380,811.7,700.41,805.5
2381,800.51,698.59,805.59
2382,806.75,700.45,806.23
2383,802.27,698.61,805.52
2384,806.49,701.1,805.9
2385,802.9,699.46,804.86
2386,804.81,699.88,805.54
2387,808.35,698.92,805.23
2388,803.16,700.74,805.51
2389,806.26,699.97,805.56
2390,808.16,700.61,805.34
2391,807.52,700.09,805.02
2392,804.98,698.97,805.48
2393,804.81,700.25,805.02
2394,805.51,699.89,805.34
2395,804.41,699.86,805.66
2396,805.94,700.79,805.04
2397,805.07,700.16,805.22
2398,806.04,700.24,805.37
2399,805.62,699.68,805.39
2400,805.65,700.28,805.3
2401,804.31,700.2,805.36
2402,806.32,699.95,805.2
2403,805.74,700.07,805.64
2404,804.54,699.79,805.33
2405,804.24,699.9,805.48
2406,806.13,699.64,805.44
2407,805.91,700.07,805.22
2408,806.24,700.21,805.0
2409,805.22,700.0,804.8
2410,804.58,700.48,804.69
2411,804.87,700.07,805.26
2412,805.03,699.76,805.3
2413,805.3,700.22,805.5
2414,804.03,699.62,805.48
2415,803.44,700.02,805.35
2416,807.32,700.15,805.43
2417,762.72,665.98,765.62
2418,703.73,617.48,719.33
2419,767.48,658.43,772.64
2420,807.12,700.02,804.85
2421,805.91,700.82,805.54
2422,805.14,700.19,805.55
2423,807.21,700.23,805.14
2424,805.34,700.36,805.17
2425,803.29,700.33,805.54
2426,805.22,700.13,805.42
2427,808.33,700.22,805.07
2428,804.63,700.22,805.5
2429,805.55,700.44,805.39
2430,811.11,700.05,804.87
2431,807.05,699.8,805.5
2432,805.62,700.06,805.16
2433,805.71,699.83,805.28
2434,805.55,700.38,805.23
2435,800.4,699.42,805.59
2436,807.34,700.26,805.48
2437,803.37,700.8,805.54
2438,807.93,699.94,805.05
2439,806.07,700.1,805.46
2440,805.03,699.8,805.13
2441,806.51,699.98,805.32
2442,805.12,700.3,805.33
2443,804.85,700.29,805.02
2444,805.97,700.04,805.61
2445,804.08,699.65,805.55
2446,805.3,700.11,805.61
2447,805.24,700.2,804.98
2448,803.85,700.0,805.11
2449,805.68,699.63,805.47
2450,805.86,699.67,805.3
2451,805.41,699.98,805.66
2452,806.45,699.9,805.44
2453,806.96,699.94,805.74
2454,805.81,699.84,805.7
2455,799.79,699.65,805.18
2456,804.82,700.4,805.41
2457,806.66,699.95,805.27
2458,803.35,700.42,805.3
2459,804.59,699.77,805.44
2460,805.77,699.89,805.6
2461,805.77,699.87,805.09
2462,803.76,700.53,805.26
2463,803.46,700.15,805.25
2464,806.24,699.71,804.95
2465,805.23,699.9,805.39
2466,805.43,700.06,804.96
2467,807.44,699.86,805.34
2468,804.88,699.68,805.74
2469,804.56,699.83,805.44
2470,806.68,699.77,805.58
2471,807.69,699.82,805.23
2472,807.17,699.57,805.04
2473,803.41,697.92,799.94
2474,791.48,684.77,797.02
2475,801.24,699.95,805.63
2476,807.03,699.66,804.97
2477,799.58,699.89,805.68
2478,809.37,700.6,805.38
2479,806.89,699.4,805.09
2480,796.89,700.34,805.65
2481,806.1,700.08,805.26
2482,804.83,699.82,805.11
2483,804.03,699.8,805.61
2484,804.13,699.94,805.59
2485,803.69,700.15,805.0
2486,805.75,699.86,805.81
2487,803.23,700.13,805.24
2488,808.73,700.09,805.79
2489,806.19,699.58,805.88
2490,804.5,700.17,805.13
2491,807.42,699.82,805.26
2492,804.67,699.8,805.44
2493,803.89,700.02,805.68
2494,807.21,700.32,805.61
2495,806.93,699.59,804.92
2496,806.44,699.81,805.27
2497,806.06,699.99,805.46
2498,805.91,700.05,805.05
2499,802.71,699.41,805.51
2500,800.4,699.47,805.46
2501,804.32,699.68,805.27
2502,811.33,699.87,805.32
2503,802.23,699.31,805.29
2504,801.81,699.91,805.82
2505,802.32,699.59,805.81
2506,810.15,699.55,805.36
2507,804.92,699.02,805.23
2508,804.9,699.47,805.24
2509,803.07,699.62,805.73
2510,806.22,699.64,805.47
2511,807.61,699.9,805.51
2512,807.7,699.51,805.45
2513,805.08,699.9,805.24
2514,805.37,700.12,805.69
2515,806.43,701.09,805.25
2516,805.2,701.87,805.28
2517,789.35,690.39,790.3
2518,699.64,618.25,724.42
2519,804.56,687.68,804.22
2520,800.38,699.96,805.58
2521,809.63,700.37,805.26
2522,806.05,700.13,805.62
2523,803.99,700.54,804.94
2524,806.67,700.48,805.23
2525,805.32,700.02,805.33
2526,805.63,699.95,805.65
2527,804.66,700.14,805.1
2528,804.62,700.11,805.13
2529,805.27,700.22,805.52
2530,805.4,700.11,805.23
2531,807.05,700.13,805.53
2532,806.47,699.76,805.64
2533,806.27,700.18,805.53
2534,803.62,700.01,805.29
2535,805.75,700.39,805.12
2536,805.15,700.1,805.47
2537,804.83,699.89,805.77
2538,805.34,700.06,805.57
2539,806.05,699.46,805.17
2540,814.96,700.43,805.27
2541,806.65,700.07,805.19
2542,804.62,700.03,805.5
2543,808.92,700.12,805.62
2544,806.24,699.94,805.55
2545,804.92,699.83,805.08
2546,800.61,698.99,805.62
2547,808.4,701.21,805.8
2548,807.64,699.71,805.29
2549,808.74,700.6,805.41
2550,796.7,699.24,804.82
2551,804.19,700.63,804.99
2552,804.42,699.64,805.05
2553,806.9,699.71,805.27
2554,807.92,700.2,805.55
2555,804.89,699.86,805.62
2556,805.09,699.84,805.38
2557,805.78,699.91,805.62
2558,803.17,699.67,805.25
2559,805.01,700.13,805.52
2560,807.12,700.07,805.48
2561,802.07,700.08,805.6
2562,803.86,699.89,805.66
2563,807.26,700.02,805.9
2564,805.12,699.69,805.6
2565,804.06,697.71,801.25
2566,717.24,629.67,737.3
2567,807.38,696.18,805.94
2568,810.84,700.85,805.53
2569,805.33,699.91,805.35
2570,802.04,699.21,805.51
2571,801.82,700.24,805.23
2572,805.01,699.71,805.61
2573,809.55,699.31,805.42
2574,801.45,698.61,804.82
2575,800.28,698.2,806.14
2576,802.03,693.71,800.2
2577,698.83,618.26,739.83
2578,715.56,617.98,745.6
2579,753.36,651.31,779.97
2580,808.57,700.12,805.4
2581,805.21,699.91,805.39
2582,802.09,699.71,805.5
2583,806.92,699.91,805.58
2584,804.79,700.02,805.41
2585,804.89,699.6,805.48
2586,807.63,700.12,805.95
2587,807.31,699.3,805.14
2588,804.9,699.67,805.18
2589,802.73,699.95,805.04
2590,804.74,700.58,805.31
2591,806.35,699.42,805.25
2592,799.72,699.92,805.34
2593,808.62,700.72,804.62
2594,809.81,700.02,804.74
2595,803.83,699.07,805.49
2596,805.67,699.93,805.7
2597,804.61,700.41,805.26
2598,805.19,700.24,805.62
2599,806.14,699.79,805.67
2600,801.32,700.15,804.92
2601,803.62,700.11,804.98
2602,805.58,700.36,805.64
2603,807.62,700.03,805.66
2604,806.64,699.52,805.65
2605,806.77,700.33,805.71
2606,807.98,701.4,804.81
2607,806.15,700.49,805.13
2608,806.99,700.34,805.52
2609,797.69,699.95,805.12
2610,808.37,701.19,805.57
2611,807.74,700.95,805.07
2612,805.4,700.54,805.04
2613,801.91,700.45,805.45
2614,805.61,700.48,805.36
2615,804.67,699.9,805.78
2616,810.91,699.9,804.93
2617,800.6,700.03,805.81
2618,804.42,700.02,805.83
2619,805.66,699.93,805.48
2620,802.67,699.85,805.05
2621,803.82,700.05,805.36
2622,806.47,700.29,805.56
2623,806.78,699.81,805.61
2624,806.7,700.26,805.04
2625,804.67,699.99,805.39
2626,804.78,699.92,804.84
2627,804.21,699.91,805.04
2628,802.27,699.77,805.74
2629,810.17,700.09,805.58
2630,804.19,699.37,804.91
2631,800.43,699.99,805.17
2632,805.75,700.18,805.14
2633,809.64,700.36,805.29
2634,805.18,699.46,804.63
2635,798.28,699.64,805.9
2636,812.2,700.61,805.69
2637,804.03,699.57,804.94
2638,800.18,700.15,805.88
2639,806.53,700.46,805.28
2640,804.3,699.58,805.02
2641,805.3,699.8,805.17
2642,812.13,700.51,805.92
2643,807.34,699.95,805.51
2644,802.32,699.99,805.36
2645,801.56,700.41,804.68
2646,805.28,699.91,805.22
2647,803.44,700.21,805.17
2648,807.89,699.93,805.2
2649,809.47,699.71,805.56
2650,804.01,699.41,804.99
2651,799.29,699.97,805.73
2652,810.7,700.19,805.04
2653,807.27,699.99,805.73
2654,804.25,699.9,805.97
2655,806.88,700.03,805.67
2656,804.63,699.48,805.16
2657,802.08,700.24,805.63
2658,808.18,699.89,805.51
2659,804.38,699.94,805.75
2660,806.94,699.73,805.71
2661,798.82,699.83,804.89
2662,807.33,700.29,805.65
2663,806.17,699.52,805.27
2664,806.09,700.0,805.89
2665,803.95,700.0,805.56
2666,804.0,699.38,805.74
2667,804.27,699.64,805.38
2668,804.83,699.64,805.38
2669,795.89,698.34,805.42
2670,790.88,698.44,805.38
2671,800.38,591.51,791.47
2672,539.45,699.96,518.92
2673,804.61,699.96,805.37
2674,804.61,699.96,805.37
2675,804.61,699.96,805.37
2676,804.61,699.96,805.37
2677,804.61,699.96,805.37
2678,804.61,699.96,805.37
2679,804.61,699.96,805.37
2680,804.61,699.96,805.37
2681,782.71,699.96,515.09
2682,793.94,699.96,816.85
2683,776.82,702.47,805.21
2684,778.28,699.68,805.13
2685,782.11,700.04,805.72
2686,783.47,699.7,805.56
2687,783.31,699.86,805.56
2688,779.91,699.18,805.81
2689,777.76,699.51,805.6
2690,777.93,699.54,805.34
2691,770.78,699.61,805.18
2692,775.54,699.69,805.42
2693,775.98,699.78,805.42
2694,778.67,701.0,805.62
2695,777.83,700.01,805.67
2696,774.57,699.89,805.13
2697,771.85,699.51,805.62
2698,776.16,700.95,805.0
2699,774.11,699.87,805.34
2700,773.62,699.61,805.64
2701,774.38,700.07,805.62
2702,772.26,700.1,805.15
2703,771.39,699.76,805.09
2704,772.32,700.42,805.63
2705,767.08,699.5,805.34
2706,770.28,701.1,804.59
2707,765.87,700.6,805.0
2708,767.08,701.39,805.46
2709,772.99,700.51,805.34
2710,771.1,700.73,805.17
2711,748.89,671.67,773.37
2712,717.37,625.84,745.53
2713,770.59,698.56,805.92
2714,773.09,699.79,805.23
2715,770.96,700.67,805.8
2716,773.39,699.71,805.53
2717,771.76,700.01,805.3
2718,769.95,699.33,805.17
2719,776.37,700.73,805.3
2720,778.02,699.65,805.35
2721,776.24,699.58,805.51
2722,773.7,699.95,805.53
2723,780.57,700.38,805.04
2724,778.78,699.96,804.97
2725,778.5,700.26,805.51
2726,781.04,700.35,805.28
2727,782.63,700.16,805.64
2728,778.8,699.25,805.34
2729,784.44,700.59,805.61
2730,779.1,699.58,805.37
2731,784.87,700.28,805.33
2732,783.5,699.86,805.61
2733,783.38,700.47,805.17
2734,784.54,700.37,805.34
2735,781.36,700.12,805.11
2736,782.06,699.57,805.34
2737,779.81,699.92,805.3
2738,778.86,700.24,805.21
2739,781.04,700.12,805.39
2740,782.85,699.86,805.74
2741,776.24,699.69,805.59
2742,779.32,700.18,805.34
2743,777.31,700.05,804.87
2744,785.7,700.41,805.1
2745,785.22,699.84,805.59
2746,781.68,699.7,805.14
2747,779.75,700.33,805.33
2748,775.95,699.56,805.78
2749,778.53,699.67,805.3
2750,776.86,700.34,805.15
2751,770.74,699.21,805.67
2752,770.2,693.18,801.04
2753,781.16,700.02,805.74
2754,774.67,698.59,805.12
2755,769.69,699.46,805.5
2756,766.83,699.59,805.75
2757,761.77,699.32,804.95
2758,756.3,698.85,805.17
2759,745.07,698.86,805.4
2760,742.87,699.01,805.0
2761,740.09,699.37,805.69
2762,734.5,697.98,805.72
2763,730.32,698.76,805.99
2764,722.79,698.69,806.15
2765,720.78,698.64,806.07
2766,718.86,699.84,805.69
2767,767.03,390.1,791.35
2768,305.55,699.96,805.37
2769,804.61,699.96,805.37
2770,804.61,699.96,805.37
2771,804.61,699.96,805.37
2772,804.61,699.96,805.37
2773,804.61,699.96,805.37
2774,804.61,699.96,805.37
2775,804.61,699.96,805.37
2776,804.61,699.96,805.37
2777,804.61,699.96,805.37
2778,804.61,699.96,805.37
2779,804.61,699.96,805.37
2780,804.61,699.96,805.37
2781,804.61,699.96,805.37
2782,804.61,699.96,805.37
2783,804.61,699.96,805.37
2784,804.61,699.96,805.37
2785,804.61,699.96,805.37
2786,804.61,699.96,805.37
2787,804.61,699.96,805.37
2788,804.61,699.96,805.37
2789,804.61,699.96,805.37
2790,804.61,699.96,805.37
2791,804.61,699.96,805.37
2792,804.61,699.96,805.37
2793,804.61,699.96,805.37
2794,804.61,699.96,805.37
2795,804.61,699.96,805.37
2796,804.61,699.96,805.37
2797,804.61,699.96,805.37
2798,804.61,699.96,805.37
2799,804.61,699.96,805.37
2800,804.61,699.96,805.37
2801,804.61,699.96,805.37
2802,804.61,699.96,805.37
2803,804.61,699.96,805.37
2804,804.61,699.96,805.37
2805,804.61,699.96,805.37
2806,804.61,699.96,805.37
2807,804.61,699.96,805.37
2808,804.61,699.96,805.37
2809,804.61,699.96,805.37
2810,804.61,699.96,805.37
2811,804.61,699.96,805.37
2812,804.61,699.96,805.37
2813,804.61,699.96,805.37
2814,804.61,699.96,805.37
2815,804.61,699.96,805.37
2816,804.61,699.96,805.37
2817,804.61,699.96,805.37
2818,804.61,699.96,805.37
2819,804.61,699.96,805.37
2820,804.61,699.96,805.37
2821,804.61,699.96,805.37
2822,804.61,699.96,805.37
2823,804.61,699.96,805.37
2824,804.61,699.96,805.37
2825,804.61,699.96,805.37
2826,804.61,699.96,805.37
2827,804.61,699.96,805.37
2828,804.61,699.96,805.37
2829,804.61,699.96,805.37
2830,804.61,699.96,805.37
2831,804.61,699.96,805.37
2832,804.61,699.96,805.37
2833,804.61,699.96,805.37
2834,804.61,699.96,805.37
2835,804.61,699.96,805.37
2836,804.61,699.96,805.37
2837,804.61,699.96,805.37
2838,804.61,699.96,805.37
2839,804.61,699.96,805.37
2840,804.61,699.96,805.37
2841,804.61,699.96,805.37
2842,804.61,699.96,805.37
2843,804.61,699.96,805.37
2844,804.61,699.96,805.37
2845,804.61,699.96,805.37
2846,804.61,699.96,805.37
2847,804.61,699.96,805.37
2848,804.61,699.96,805.37
2849,804.61,699.96,805.37
2850,804.61,699.96,805.37
2851,804.61,699.96,805.37
2852,804.61,699.96,805.37
2853,804.61,699.96,805.37
2854,804.61,699.96,805.37
2855,804.61,699.96,805.37
2856,804.61,699.96,805.37
2857,804.61,699.96,805.37
2858,804.61,699.96,805.37
2859,804.61,699.96,805.37
2860,804.61,699.96,805.37
2861,804.61,699.96,805.37
2862,804.61,699.96,805.37
2863,804.61,699.96,805.37
2864,804.61,699.96,805.37
2865,804.61,699.96,805.37
2866,804.61,699.96,805.37
2867,804.61,699.96,805.37
2868,804.61,699.96,805.37
2869,804.61,699.96,805.37
2870,804.61,699.96,805.37
2871,804.61,699.96,805.37
2872,804.61,699.96,805.37
2873,804.61,699.96,805.37
2874,804.61,699.96,805.37
2875,804.61,699.96,805.37
2876,804.61,699.96,805.37
2877,804.61,699.96,805.37
2878,804.61,699.96,805.37
2879,804.61,699.96,805.37
