,FIT_200_002A_P.PV,FIT_200_004A_P.PV,PT_200A_Tags.Q_Filtrate_PV
0,0.0,0.0,1447.82
1,0.0,0.0,1449.14
2,0.0,0.0,1452.34
3,0.0,0.0,1456.55
4,0.0,0.0,1452.25
5,0.0,0.0,1456.45
6,0.0,0.0,1454.1
7,0.0,0.0,1453.99
8,0.0,0.0,1451.96
9,0.0,0.0,1454.76
10,0.0,0.0,1451.32
11,0.0,0.0,1453.53
12,0.0,0.0,1451.98
13,0.0,0.0,1454.45
14,0.0,0.0,1452.79
15,0.0,0.0,1453.17
16,0.0,0.0,1447.03
17,0.0,0.0,1449.97
18,0.0,0.0,1447.81
19,0.0,0.0,1349.77
20,0.0,0.0,523.04
21,0.0,0.0,1504.33
22,0.0,0.0,1504.33
23,0.0,0.0,1504.33
24,0.0,0.0,1504.33
25,0.0,0.0,1504.33
26,0.0,0.0,1504.33
27,0.0,0.0,1504.33
28,0.0,0.0,1504.33
29,0.0,0.0,1504.33
30,0.0,0.0,1504.33
31,0.0,0.0,1504.33
32,0.0,0.0,1504.33
33,0.0,0.0,1504.33
34,0.0,0.0,1504.33
35,0.0,0.0,1504.33
36,0.0,0.0,1504.33
37,0.0,0.0,1504.33
38,0.0,0.0,1504.33
39,0.0,0.0,1504.33
40,0.0,0.0,1504.33
41,0.0,0.0,1504.33
42,0.0,0.0,1504.33
43,0.0,0.0,1504.33
44,0.0,0.0,1504.33
45,0.0,0.0,1504.33
46,0.0,0.0,1504.33
47,0.0,0.0,1504.33
48,0.0,0.0,1504.33
49,0.0,0.0,1504.33
50,0.0,0.0,1504.33
51,0.0,0.0,1504.33
52,0.0,0.0,1504.33
53,0.0,0.0,1504.33
54,0.0,0.0,1504.33
55,0.0,0.0,1504.33
56,0.0,0.0,1504.33
57,0.0,0.0,1504.33
58,0.0,0.0,1504.33
59,0.0,0.0,1504.33
60,0.0,0.0,1504.33
61,0.0,0.0,1504.33
62,0.0,0.0,1504.33
63,0.0,0.0,1504.33
64,0.0,0.0,1504.33
65,0.0,0.0,1504.33
66,0.0,0.0,1504.33
67,0.0,0.0,1504.33
68,0.0,0.0,1504.33
69,0.0,0.0,1504.33
70,0.0,0.0,1504.33
71,0.0,0.0,1504.33
72,0.0,0.0,1504.33
73,0.0,0.0,1504.33
74,0.0,0.0,1504.33
75,0.0,0.0,1504.33
76,0.0,0.0,1504.33
77,0.0,0.0,1504.33
78,0.0,0.0,1504.33
79,0.0,0.0,1504.33
80,0.0,0.0,1504.33
81,0.0,0.0,1504.33
82,0.0,0.0,1504.33
83,0.0,0.0,1504.33
84,0.0,0.0,1504.33
85,0.0,0.0,1504.33
86,0.0,0.0,1504.33
87,0.0,0.0,1504.33
88,0.0,0.0,1504.33
89,0.0,0.0,1504.33
90,0.0,0.0,1504.33
91,0.0,0.0,1504.33
92,0.0,0.0,1504.33
93,0.0,0.0,1504.33
94,0.0,0.0,1504.33
95,0.0,0.0,1504.33
96,0.0,0.0,1504.33
97,0.0,0.0,1504.33
98,0.0,0.0,1504.33
99,0.0,0.0,1504.33
100,0.0,0.0,1504.33
101,0.0,0.0,1504.33
102,0.0,0.0,1504.33
103,0.0,0.0,1504.33
104,0.0,0.0,1504.33
105,0.0,0.0,1504.33
106,0.0,0.0,1504.33
107,0.0,0.0,1504.33
108,0.0,0.0,1504.33
109,0.0,0.0,1504.33
110,0.0,0.0,1504.33
111,0.0,0.0,1504.33
112,0.0,0.0,1504.33
113,0.0,0.0,1504.33
114,0.0,0.0,1504.33
115,0.0,0.0,1504.33
116,0.0,0.0,1504.33
117,0.0,0.0,1504.33
118,0.0,0.0,1504.33
119,0.0,0.0,1504.33
120,0.0,0.0,1504.33
121,0.0,0.0,1504.33
122,0.0,0.0,1504.33
123,0.0,0.0,1504.33
124,0.0,0.0,1504.33
125,0.0,0.0,1504.33
126,0.0,0.0,1504.33
127,0.0,0.0,1504.33
128,0.0,0.0,1504.33
129,0.0,0.0,1504.33
130,0.0,0.0,1504.33
131,0.0,0.0,1504.33
132,0.0,0.0,1504.33
133,0.0,0.0,1504.33
134,0.0,0.0,1504.33
135,0.0,0.0,1504.33
136,0.0,0.0,1504.33
137,0.0,0.0,1504.33
138,0.0,0.0,1504.33
139,0.0,0.0,1504.33
140,0.0,0.0,1504.33
141,0.0,0.0,1504.33
142,0.0,0.0,1504.33
143,0.0,0.0,1504.33
144,0.0,0.0,1504.33
145,0.0,0.0,1504.33
146,0.0,0.0,1504.33
147,0.0,0.0,1504.33
148,0.0,0.0,1504.33
149,0.0,0.0,1504.33
150,0.0,0.0,1504.33
151,0.0,0.0,1504.33
152,0.0,0.0,1504.33
153,0.0,0.0,1504.33
154,0.0,0.0,1504.33
155,0.0,0.0,1504.33
156,0.0,0.0,1504.33
157,0.0,0.0,1504.33
158,0.0,0.0,1504.33
159,0.0,0.0,1504.33
160,0.0,0.0,1504.33
161,0.0,0.0,1504.33
162,0.0,0.0,1504.33
163,0.0,0.0,1504.33
164,0.0,0.0,1504.33
165,0.0,0.0,1504.33
166,0.0,0.0,1504.33
167,0.0,0.0,1504.33
168,0.0,0.0,1504.33
169,0.0,0.0,1504.33
170,0.0,0.0,1504.33
171,0.0,0.0,1504.33
172,0.0,0.0,1504.33
173,0.0,0.0,1504.33
174,0.0,0.0,1504.33
175,0.0,0.0,1504.33
176,0.0,0.0,1504.33
177,0.0,0.0,1504.33
178,0.0,0.0,1504.33
179,0.0,0.0,1504.33
180,0.0,0.0,1504.33
181,0.0,0.0,1504.33
182,0.0,0.0,1504.33
183,0.0,0.0,1504.33
184,0.0,0.0,1504.33
185,0.0,0.0,1504.33
186,0.0,0.0,1504.33
187,0.0,0.0,1504.33
188,0.0,0.0,1504.33
189,0.0,0.0,507.03
190,0.0,0.0,850.53
191,0.0,0.0,1507.5
192,0.0,0.0,1502.15
193,0.0,0.0,1508.12
194,0.0,0.0,1504.62
195,0.0,0.0,1508.33
196,0.0,0.0,1505.46
197,0.0,0.0,1505.98
198,0.0,0.0,1506.7
199,0.0,0.0,1507.88
200,0.0,0.0,1505.95
201,0.0,0.0,1504.05
202,0.0,0.0,1504.65
203,0.0,0.0,1504.46
204,0.0,0.0,1504.24
205,0.0,0.0,1505.45
206,0.0,0.0,1504.96
207,0.0,0.0,1504.58
208,0.0,0.0,1505.2
209,0.0,0.0,1512.04
210,0.0,0.0,1507.99
211,0.0,0.0,1505.15
212,0.0,0.0,1505.82
213,0.0,0.0,1505.94
214,0.0,0.0,1504.0
215,0.0,0.0,1505.25
216,0.0,0.0,1505.32
217,0.0,0.0,1505.18
218,0.0,0.0,1505.35
219,0.0,0.0,1503.6
220,0.0,0.0,1507.58
221,0.0,0.0,1505.47
222,0.0,0.0,1505.88
223,0.0,0.0,1503.05
224,0.0,0.0,1502.64
225,0.0,0.0,1507.27
226,0.0,0.0,1504.68
227,0.0,0.0,1503.44
228,0.0,0.0,1503.43
229,0.0,0.0,1502.71
230,0.0,0.0,1514.34
231,0.0,0.0,1507.04
232,0.0,0.0,1505.62
233,0.0,0.0,1506.67
234,0.0,0.0,1509.21
235,0.0,0.0,1502.95
236,0.0,0.0,1502.62
237,0.0,0.0,1503.7
238,0.0,0.0,1502.42
239,0.0,0.0,1503.4
240,0.0,0.0,1503.1
241,0.0,0.0,1512.15
242,0.0,0.0,1509.27
243,0.0,0.0,1506.01
244,0.0,0.0,1506.28
245,0.0,0.0,1506.22
246,0.0,0.0,1503.37
247,0.0,0.0,1504.1
248,0.0,0.0,1502.13
249,0.0,0.0,1505.87
250,0.0,0.0,1505.45
251,0.0,0.0,1505.23
252,0.0,0.0,1502.94
253,0.0,0.0,1504.35
254,0.0,0.0,1504.6
255,0.0,0.0,1508.9
256,0.0,0.0,1509.15
257,0.0,0.0,1506.0
258,0.0,0.0,1507.85
259,0.0,0.0,1509.05
260,0.0,0.0,1503.26
261,0.0,0.0,1504.52
262,0.0,0.0,1505.62
263,0.0,0.0,1503.68
264,0.0,0.0,1502.24
265,0.0,0.0,1503.23
266,0.0,0.0,1504.15
267,0.0,0.0,1503.06
268,0.0,0.0,1511.93
269,0.0,0.0,1509.46
270,0.0,0.0,1505.96
271,0.0,0.0,1504.43
272,0.0,0.0,1506.72
273,0.0,0.0,1504.58
274,0.0,0.0,1505.9
275,0.0,0.0,1503.67
276,0.0,0.0,1505.49
277,0.0,0.0,1471.85
278,0.0,0.0,1410.6
279,0.0,0.0,1417.44
280,0.0,0.0,1506.74
281,0.0,0.0,1506.03
282,0.0,0.0,1505.4
283,0.0,0.0,1504.02
284,0.0,0.0,1506.36
285,0.0,0.0,1505.78
286,0.0,0.0,1505.1
287,0.0,0.0,1506.64
288,0.0,0.0,1506.42
289,0.0,0.0,1503.83
290,0.0,0.0,1506.94
291,0.0,0.0,1503.69
292,0.0,0.0,1504.84
293,0.0,0.0,1506.25
294,0.0,0.0,1502.28
295,0.0,0.0,1503.91
296,0.0,0.0,1503.65
297,0.0,0.0,1503.08
298,0.0,0.0,1502.71
299,0.0,0.0,1512.83
300,0.0,0.0,1505.44
301,0.0,0.0,1504.72
302,0.0,0.0,1503.97
303,0.0,0.0,1505.43
304,0.0,0.0,1508.57
305,0.0,0.0,1505.63
306,0.0,0.0,1509.19
307,0.0,0.0,1507.34
308,0.0,0.0,1504.81
309,0.0,0.0,1499.87
310,0.0,0.0,1506.53
311,0.0,0.0,1504.31
312,0.0,0.0,1503.61
313,0.0,0.0,1505.65
314,0.0,0.0,1504.87
315,0.0,0.0,1502.31
316,0.0,0.0,1504.66
317,0.0,0.0,1506.12
318,0.0,0.0,1503.47
319,0.0,0.0,1509.33
320,0.0,0.0,1503.53
321,0.0,0.0,1465.33
322,0.0,0.0,1491.68
323,0.0,0.0,1505.67
324,0.0,0.0,1504.5
325,0.0,0.0,1505.28
326,0.0,0.0,1511.61
327,0.0,0.0,1505.5
328,0.0,0.0,1505.83
329,0.0,0.0,1501.58
330,0.0,0.0,1509.76
331,0.0,0.0,1510.91
332,0.0,0.0,1507.97
333,0.0,0.0,1505.78
334,0.0,0.0,1506.6
335,0.0,0.0,1503.79
336,0.0,0.0,1504.69
337,0.0,0.0,1503.1
338,0.0,0.0,1503.13
339,0.0,0.0,1500.38
340,0.0,0.0,1501.46
341,0.0,0.0,1504.16
342,0.0,0.0,1506.85
343,0.0,0.0,1503.62
344,0.0,0.0,1505.71
345,0.0,0.0,1503.11
346,0.0,0.0,1502.04
347,0.0,0.0,1509.8
348,0.0,0.0,1508.49
349,0.0,0.0,1504.67
350,0.0,0.0,1512.81
351,0.0,0.0,1507.69
352,0.0,0.0,1504.45
353,0.0,0.0,1498.75
354,0.0,0.0,1498.7
355,0.0,0.0,1507.8
356,0.0,0.0,1502.15
357,0.0,0.0,1501.92
358,0.0,0.0,1391.31
359,0.0,0.0,397.96
360,0.0,0.0,1504.33
361,0.0,0.0,1504.33
362,0.0,0.0,1504.33
363,0.0,0.0,1504.33
364,0.0,0.0,1504.33
365,0.0,0.0,1504.33
366,0.0,0.0,1504.33
367,0.0,0.0,1504.33
368,0.0,0.0,1504.33
369,0.0,0.0,1504.33
370,0.0,0.0,1504.33
371,0.0,0.0,1504.33
372,0.0,0.0,1504.33
373,0.0,0.0,1504.33
374,0.0,0.0,1504.33
375,0.0,0.0,1504.33
376,0.0,0.0,1504.33
377,0.0,0.0,1504.33
378,0.0,0.0,1504.33
379,0.0,0.0,1504.33
380,0.0,0.0,1504.33
381,0.0,0.0,1504.33
382,0.0,0.0,1504.33
383,0.0,0.0,1504.33
384,0.0,0.0,1504.33
385,0.0,0.0,1504.33
386,0.0,0.0,1504.33
387,0.0,0.0,1504.33
388,0.0,0.0,1504.33
389,0.0,0.0,1504.33
390,0.0,0.0,1504.33
391,0.0,0.0,1504.33
392,0.0,0.0,1504.33
393,0.0,0.0,1504.33
394,0.0,0.0,1504.33
395,0.0,0.0,1504.33
396,0.0,0.0,1504.33
397,0.0,0.0,1504.33
398,0.0,0.0,1504.33
399,0.0,0.0,1504.33
400,0.0,0.0,1504.33
401,0.0,0.0,1504.33
402,0.0,0.0,1504.33
403,0.0,0.0,1504.33
404,0.0,0.0,1504.33
405,0.0,0.0,1504.33
406,0.0,0.0,1504.33
407,0.0,0.0,1504.33
408,0.0,0.0,1504.33
409,0.0,0.0,1504.33
410,0.0,0.0,1504.33
411,0.0,0.0,1504.33
412,0.0,0.0,1504.33
413,0.0,0.0,1504.33
414,0.0,0.0,1504.33
415,0.0,0.0,1504.33
416,0.0,0.0,1504.33
417,0.0,0.0,1504.33
418,0.0,0.0,1504.33
419,0.0,0.0,1504.33
420,0.0,0.0,1504.33
421,0.0,0.0,1504.33
422,0.0,0.0,1504.33
423,0.0,0.0,1504.33
424,0.0,0.0,1504.33
425,0.0,0.0,1504.33
426,0.0,0.0,1504.33
427,0.0,0.0,1504.33
428,0.0,0.0,1504.33
429,0.0,0.0,1504.33
430,0.0,0.0,1504.33
431,0.0,0.0,1504.33
432,0.0,0.0,1504.33
433,0.0,0.0,1504.33
434,0.0,0.0,1504.33
435,0.0,0.0,1504.33
436,0.0,0.0,1504.33
437,0.0,0.0,1504.33
438,0.0,0.0,1504.33
439,0.0,0.0,1504.33
440,0.0,0.0,1504.33
441,0.0,0.0,1504.33
442,0.0,0.0,1504.33
443,0.0,0.0,1504.33
444,0.0,0.0,1504.33
445,0.0,0.0,1504.33
446,0.0,0.0,1504.33
447,0.0,0.0,1504.33
448,0.0,0.0,1504.33
449,0.0,0.0,1504.33
450,0.0,0.0,1504.33
451,0.0,0.0,1504.33
452,0.0,0.0,1504.33
453,0.0,0.0,1504.33
454,0.0,0.0,1504.33
455,0.0,0.0,1504.33
456,0.0,0.0,1504.33
457,0.0,0.0,1504.33
458,0.0,0.0,1504.33
459,0.0,0.0,1504.33
460,0.0,0.0,1504.33
461,0.0,0.0,1504.33
462,0.0,0.0,1504.33
463,0.0,0.0,1504.33
464,0.0,0.0,1504.33
465,0.0,0.0,1504.33
466,0.0,0.0,1504.33
467,0.0,0.0,1504.33
468,0.0,0.0,1504.33
469,0.0,0.0,1504.33
470,0.0,0.0,1504.33
471,0.0,0.0,1504.33
472,0.0,0.0,1504.33
473,0.0,0.0,1504.33
474,0.0,0.0,1504.33
475,0.0,0.0,1504.33
476,0.0,0.0,1504.33
477,0.0,0.0,1504.33
478,0.0,0.0,1504.33
479,0.0,0.0,1504.33
480,0.0,0.0,1504.33
481,0.0,0.0,1504.33
482,0.0,0.0,1504.33
483,0.0,0.0,1504.33
484,0.0,0.0,1504.33
485,0.0,0.0,1504.33
486,0.0,0.0,1504.33
487,0.0,0.0,1504.33
488,0.0,0.0,1504.33
489,0.0,0.0,1504.33
490,0.0,0.0,1504.33
491,0.0,0.0,1504.33
492,0.0,0.0,1504.33
493,0.0,0.0,1504.33
494,0.0,0.0,1504.33
495,0.0,0.0,1504.33
496,0.0,0.0,1504.33
497,0.0,0.0,1504.33
498,0.0,0.0,1504.33
499,0.0,0.0,1504.33
500,0.0,0.0,1504.33
501,0.0,0.0,1504.33
502,0.0,0.0,1504.33
503,0.0,0.0,1504.33
504,0.0,0.0,1504.33
505,0.0,0.0,1504.33
506,0.0,0.0,1504.33
507,0.0,0.0,1504.33
508,0.0,0.0,1504.33
509,0.0,0.0,1504.33
510,0.0,0.0,1504.33
511,0.0,0.0,1504.33
512,0.0,0.0,1504.33
513,0.0,0.0,1504.33
514,0.0,0.0,1504.33
515,0.0,0.0,1504.33
516,0.0,0.0,1504.33
517,0.0,0.0,1504.33
518,0.0,0.0,1504.33
519,0.0,0.0,1504.33
520,0.0,0.0,1504.33
521,0.0,0.0,1504.33
522,0.0,0.0,1504.33
523,0.0,0.0,1504.33
524,0.0,0.0,1504.33
525,0.0,0.0,1504.33
526,0.0,0.0,1504.33
527,0.0,0.0,1504.33
528,0.0,0.0,1504.33
529,0.0,0.0,1504.33
530,0.0,0.0,1504.33
531,0.0,0.0,1504.33
532,0.0,0.0,1504.33
533,0.0,0.0,1504.33
534,0.0,0.0,1504.33
535,0.0,0.0,1504.33
536,0.0,0.0,1504.33
537,0.0,0.0,1504.33
538,0.0,0.0,1504.33
539,0.0,0.0,1504.33
540,0.0,0.0,1504.33
541,0.0,0.0,1504.33
542,0.0,0.0,1504.33
543,0.0,0.0,1504.33
544,0.0,0.0,1504.33
545,0.0,0.0,1504.33
546,0.0,0.0,1504.33
547,0.0,0.0,1504.33
548,0.0,0.0,1504.33
549,0.0,0.0,1504.33
550,0.0,0.0,1504.33
551,0.0,0.0,1504.33
552,0.0,0.0,1504.33
553,0.0,0.0,1504.33
554,0.0,0.0,1504.33
555,0.0,0.0,1504.33
556,0.0,0.0,1504.33
557,0.0,0.0,1504.33
558,0.0,0.0,1504.33
559,0.0,0.0,1504.33
560,0.0,0.0,1504.33
561,0.0,0.0,1504.33
562,0.0,0.0,1504.33
563,0.0,0.0,1504.33
564,0.0,0.0,1504.33
565,0.0,0.0,1504.33
566,0.0,0.0,1504.33
567,0.0,0.0,1504.33
568,0.0,0.0,1504.33
569,0.0,0.0,1504.33
570,0.0,0.0,1504.33
571,0.0,0.0,1504.33
572,0.0,0.0,1504.33
573,0.0,0.0,1504.33
574,0.0,0.0,1504.33
575,0.0,0.0,1504.33
576,0.0,0.0,1504.33
577,0.0,0.0,1504.33
578,0.0,0.0,1504.33
579,0.0,0.0,1504.33
580,0.0,0.0,1504.33
581,0.0,0.0,1504.33
582,0.0,0.0,1504.33
583,0.0,0.0,1504.33
584,0.0,0.0,1504.33
585,0.0,0.0,1504.33
586,0.0,0.0,1504.33
587,0.0,0.0,1504.33
588,0.0,0.0,1504.33
589,0.0,0.0,1504.33
590,0.0,0.0,1504.33
591,0.0,0.0,1504.33
592,0.0,0.0,1504.33
593,0.0,0.0,1504.33
594,0.0,0.0,1504.33
595,0.0,0.0,1504.33
596,0.0,0.0,1504.33
597,0.0,0.0,1504.33
598,0.0,0.0,1504.33
599,0.0,0.0,1504.33
600,0.0,0.0,1504.33
601,0.0,0.0,1504.33
602,0.0,0.0,1504.33
603,0.0,0.0,1504.33
604,0.0,0.0,1504.33
605,0.0,0.0,1504.33
606,0.0,0.0,1504.33
607,0.0,0.0,1504.33
608,0.0,0.0,1504.33
609,0.0,0.0,1504.33
610,0.0,0.0,1504.33
611,0.0,0.0,1504.33
612,0.0,0.0,517.83
613,0.0,0.0,808.98
614,0.0,0.0,1257.66
615,0.0,0.0,1505.66
616,0.0,0.0,1510.71
617,0.0,0.0,1506.3
618,0.0,0.0,1476.82
619,0.0,0.0,1500.58
620,0.0,0.0,1503.79
621,0.0,0.0,1509.28
622,0.0,0.0,1314.72
623,0.0,0.0,421.42
624,0.0,0.0,1504.33
625,0.0,0.0,1504.33
626,0.0,0.0,1504.33
627,0.0,0.0,1504.33
628,0.0,0.0,1504.33
629,0.0,0.0,1504.33
630,0.0,0.0,1504.33
631,0.0,0.0,1504.33
632,0.0,0.0,1504.33
633,0.0,0.0,1504.33
634,0.0,0.0,1504.33
635,0.0,0.0,1504.33
636,0.0,0.0,1504.33
637,0.0,0.0,1504.33
638,0.0,0.0,1504.33
639,0.0,0.0,1504.33
640,0.0,0.0,1504.33
641,0.0,0.0,1504.33
642,0.0,0.0,1504.33
643,0.0,0.0,1504.33
644,0.0,0.0,1504.33
645,0.0,0.0,1504.33
646,0.0,0.0,1504.33
647,0.0,0.0,1504.33
648,0.0,0.0,1504.33
649,0.0,0.0,1504.33
650,0.0,0.0,1504.33
651,0.0,0.0,1504.33
652,0.0,0.0,1504.33
653,0.0,0.0,1504.33
654,0.0,0.0,1504.33
655,0.0,0.0,1504.33
656,0.0,0.0,1504.33
657,0.0,0.0,1504.33
658,0.0,0.0,1504.33
659,0.0,0.0,1504.33
660,0.0,0.0,1504.33
661,0.0,0.0,1504.33
662,0.0,0.0,1504.33
663,0.0,0.0,1504.33
664,0.0,0.0,1504.33
665,0.0,0.0,1504.33
666,0.0,0.0,1504.33
667,0.0,0.0,1504.33
668,0.0,0.0,1504.33
669,0.0,0.0,1504.33
670,0.0,0.0,1504.33
671,0.0,0.0,1504.33
672,0.0,0.0,1504.33
673,0.0,0.0,1504.33
674,0.0,0.0,1504.33
675,0.0,0.0,1504.33
676,0.0,0.0,1504.33
677,0.0,0.0,1504.33
678,0.0,0.0,1504.33
679,0.0,0.0,1504.33
680,0.0,0.0,1504.33
681,0.0,0.0,1504.33
682,0.0,0.0,1504.33
683,0.0,0.0,1504.33
684,0.0,0.0,1504.33
685,0.0,0.0,1504.33
686,0.0,0.0,1504.33
687,0.0,0.0,1504.33
688,0.0,0.0,1504.33
689,0.0,0.0,1504.33
690,0.0,0.0,1504.33
691,0.0,0.0,1504.33
692,0.0,0.0,1504.33
693,0.0,0.0,1504.33
694,0.0,0.0,1504.33
695,0.0,0.0,1504.33
696,0.0,0.0,1504.33
697,0.0,0.0,340.42
698,0.0,0.0,814.97
699,0.0,0.0,1338.25
700,0.0,0.0,1502.81
701,0.0,0.0,1508.93
702,0.0,0.0,1507.72
703,0.0,0.0,1503.68
704,0.0,0.0,1503.14
705,0.0,0.0,1504.77
706,0.0,0.0,1508.85
707,0.0,0.0,1504.54
708,0.0,0.0,1502.05
709,0.0,0.0,1508.31
710,0.0,0.0,1503.77
711,0.0,0.0,1510.14
712,0.0,0.0,1504.66
713,0.0,0.0,1502.03
714,0.0,0.0,1510.31
715,0.0,0.0,1508.47
716,0.0,0.0,1504.73
717,0.0,0.0,1497.59
718,0.0,0.0,1497.38
719,0.0,0.0,1504.86
720,0.0,0.0,1507.69
721,0.0,0.0,1502.55
722,0.0,0.0,1504.45
723,0.0,0.0,1501.88
724,0.0,0.0,1505.33
725,0.0,0.0,1505.08
726,0.0,0.0,1510.27
727,0.0,0.0,1501.33
728,0.0,0.0,1511.74
729,0.0,0.0,1507.0
730,0.0,0.0,1501.38
731,0.0,0.0,1520.95
732,0.0,0.0,1507.86
733,0.0,0.0,1450.1
734,0.0,0.0,1456.72
735,0.0,0.0,1416.08
736,0.0,0.0,1409.63
737,0.0,0.0,1454.21
738,0.0,0.0,1504.4
739,0.0,0.0,1511.26
740,0.0,0.0,1507.55
741,0.0,0.0,1501.37
742,0.0,0.0,1502.22
743,0.0,0.0,1504.6
744,0.0,0.0,1511.79
745,0.0,0.0,1506.59
746,0.0,0.0,1507.83
747,0.0,0.0,1503.37
748,0.0,0.0,1503.4
749,0.0,0.0,1501.69
750,0.0,0.0,1509.52
751,0.0,0.0,1250.82
752,0.0,0.0,349.92
753,0.0,0.0,1504.33
754,0.0,0.0,1504.33
755,0.0,0.0,1504.33
756,0.0,0.0,1504.33
757,0.0,0.0,1504.33
758,0.0,0.0,1504.33
759,0.0,0.0,1504.33
760,0.0,0.0,1504.33
761,0.0,0.0,1504.33
762,0.0,0.0,1504.33
763,0.0,0.0,1504.33
764,0.0,0.0,1504.33
765,0.0,0.0,1504.33
766,0.0,0.0,1504.33
767,0.0,0.0,1504.33
768,0.0,0.0,1504.33
769,0.0,0.0,1504.33
770,0.0,0.0,1504.33
771,0.0,0.0,1504.33
772,0.0,0.0,1504.33
773,0.0,0.0,1504.33
774,0.0,0.0,1504.33
775,0.0,0.0,1504.33
776,0.0,0.0,1504.33
777,0.0,0.0,1504.33
778,0.0,0.0,1504.33
779,0.0,0.0,1504.33
780,0.0,0.0,1504.33
781,0.0,0.0,1504.33
782,0.0,0.0,1504.33
783,0.0,0.0,1504.33
784,0.0,0.0,1504.33
785,0.0,0.0,1504.33
786,0.0,0.0,1504.33
787,0.0,0.0,1504.33
788,0.0,0.0,1504.33
789,0.0,0.0,1504.33
790,0.0,0.0,1504.33
791,0.0,0.0,1504.33
792,0.0,0.0,1504.33
793,0.0,0.0,1504.33
794,0.0,0.0,1504.33
795,0.0,0.0,1504.33
796,0.0,0.0,1504.33
797,0.0,0.0,1504.33
798,0.0,0.0,1504.33
799,0.0,0.0,1504.33
800,0.0,0.0,1504.33
801,0.0,0.0,1504.33
802,0.0,0.0,1504.33
803,0.0,0.0,1504.33
804,0.0,0.0,1504.33
805,0.0,0.0,1504.33
806,0.0,0.0,1504.33
807,0.0,0.0,1504.33
808,0.0,0.0,1504.33
809,0.0,0.0,1504.33
810,0.0,0.0,1504.33
811,0.0,0.0,1504.33
812,0.0,0.0,1504.33
813,0.0,0.0,1504.33
814,0.0,0.0,1504.33
815,0.0,0.0,1504.33
816,0.0,0.0,1504.33
817,0.0,0.0,1504.33
818,0.0,0.0,1504.33
819,0.0,0.0,1504.33
820,0.0,0.0,1504.33
821,0.0,0.0,1504.33
822,0.0,0.0,1504.33
823,0.0,0.0,1504.33
824,0.0,0.0,1504.33
825,0.0,0.0,1504.33
826,0.0,0.0,1504.33
827,0.0,0.0,1504.33
828,0.0,0.0,1504.33
829,0.0,0.0,1504.33
830,0.0,0.0,1504.33
831,0.0,0.0,1504.33
832,0.0,0.0,1504.33
833,0.0,0.0,1504.33
834,0.0,0.0,1504.33
835,0.0,0.0,1504.33
836,0.0,0.0,1504.33
837,0.0,0.0,1504.33
838,0.0,0.0,1504.33
839,0.0,0.0,1504.33
840,0.0,0.0,1504.33
841,0.0,0.0,1504.33
842,0.0,0.0,1504.33
843,0.0,0.0,1504.33
844,0.0,0.0,1504.33
845,0.0,0.0,1504.33
846,0.0,0.0,1504.33
847,0.0,0.0,1504.33
848,0.0,0.0,1504.33
849,0.0,0.0,1504.33
850,0.0,0.0,1504.33
851,0.0,0.0,1504.33
852,0.0,0.0,1504.33
853,0.0,0.0,1504.33
854,0.0,0.0,1504.33
855,0.0,0.0,1504.33
856,0.0,0.0,1504.33
857,0.0,0.0,1504.33
858,0.0,0.0,1504.33
859,0.0,0.0,1504.33
860,0.0,0.0,1504.33
861,0.0,0.0,1504.33
862,0.0,0.0,1504.33
863,0.0,0.0,1504.33
864,0.0,0.0,1504.33
865,0.0,0.0,1504.33
866,0.0,0.0,1504.33
867,0.0,0.0,722.13
868,0.0,0.0,383.71
869,0.0,0.0,1504.33
870,0.0,0.0,1504.33
871,0.0,0.0,1504.33
872,0.0,0.0,1504.33
873,0.0,0.0,1504.33
874,0.0,0.0,1504.33
875,0.0,0.0,1504.33
876,0.0,0.0,1504.33
877,0.0,0.0,1504.33
878,0.0,0.0,1504.33
879,0.0,0.0,1504.33
880,0.0,0.0,1504.33
881,0.0,0.0,1504.33
882,0.0,0.0,1504.33
883,0.0,0.0,1504.33
884,0.0,0.0,1504.33
885,0.0,0.0,572.17
886,0.0,0.0,804.78
887,0.0,0.0,1475.22
888,0.0,0.0,1506.85
889,0.0,0.0,1507.67
890,0.0,0.0,1504.55
891,0.0,0.0,1502.43
892,0.0,0.0,1507.5
893,0.0,0.0,1507.32
894,0.0,0.0,1511.66
895,0.0,0.0,1508.32
896,0.0,0.0,1504.47
897,0.0,0.0,1465.62
898,0.0,0.0,1438.06
899,0.0,0.0,1510.78
900,0.0,0.0,1436.36
901,0.0,0.0,1412.44
902,0.0,0.0,1417.19
903,0.0,0.0,1417.78
904,0.0,0.0,1416.5
905,0.0,0.0,1414.91
906,0.0,0.0,1473.01
907,0.0,0.0,1510.97
908,0.0,0.0,1509.38
909,0.0,0.0,1502.11
910,0.0,0.0,1500.4
911,0.0,0.0,1445.62
912,0.0,0.0,1491.02
913,0.0,0.0,1505.13
914,0.0,0.0,1464.32
915,0.0,0.0,1490.58
916,0.0,0.0,1504.71
917,0.0,0.0,1504.75
918,0.0,0.0,1511.02
919,0.0,0.0,1509.16
920,0.0,0.0,1504.38
921,0.0,0.0,1503.51
922,0.0,0.0,1503.01
923,0.0,0.0,1503.82
924,0.0,0.0,1298.34
925,0.0,0.0,399.92
926,0.0,0.0,1504.33
927,0.0,0.0,1504.33
928,0.0,0.0,1504.33
929,0.0,0.0,1504.33
930,0.0,0.0,1504.33
931,0.0,0.0,1504.33
932,0.0,0.0,1504.33
933,0.0,0.0,1504.33
934,0.0,0.0,1504.33
935,0.0,0.0,1504.33
936,0.0,0.0,1504.33
937,0.0,0.0,1504.33
938,0.0,0.0,1504.33
939,0.0,0.0,1504.33
940,0.0,0.0,1504.33
941,0.0,0.0,1504.33
942,0.0,0.0,1504.33
943,0.0,0.0,1504.33
944,0.0,0.0,1504.33
945,0.0,0.0,1504.33
946,0.0,0.0,1504.33
947,0.0,0.0,1504.33
948,0.0,0.0,1504.33
949,0.0,0.0,1504.33
950,0.0,0.0,1504.33
951,0.0,0.0,1504.33
952,0.0,0.0,1504.33
953,0.0,0.0,1504.33
954,0.0,0.0,1504.33
955,0.0,0.0,1504.33
956,0.0,0.0,1504.33
957,0.0,0.0,1504.33
958,0.0,0.0,1504.33
959,0.0,0.0,1504.33
960,0.0,0.0,1504.33
961,0.0,0.0,1504.33
962,0.0,0.0,1504.33
963,0.0,0.0,1504.33
964,0.0,0.0,1504.33
965,0.0,0.0,1504.33
966,0.0,0.0,1504.33
967,0.0,0.0,1504.33
968,0.0,0.0,1504.33
969,0.0,0.0,1504.33
970,0.0,0.0,1504.33
971,0.0,0.0,1504.33
972,0.0,0.0,1504.33
973,0.0,0.0,1504.33
974,0.0,0.0,1504.33
975,0.0,0.0,1504.33
976,0.0,0.0,1504.33
977,0.0,0.0,1504.33
978,0.0,0.0,1504.33
979,0.0,0.0,1504.33
980,0.0,0.0,1504.33
981,0.0,0.0,1504.33
982,0.0,0.0,1504.33
983,0.0,0.0,1504.33
984,0.0,0.0,1504.33
985,0.0,0.0,829.44
986,0.0,0.0,1128.15
987,0.0,0.0,1500.08
988,0.0,0.0,1506.55
989,0.0,0.0,1504.77
990,0.0,0.0,1508.83
991,0.0,0.0,1507.73
992,0.0,0.0,1504.58
993,0.0,0.0,1505.17
994,0.0,0.0,1506.63
995,0.0,0.0,1504.33
996,0.0,0.0,1501.39
997,0.0,0.0,1504.97
998,0.0,0.0,1500.87
999,0.0,0.0,1510.49
1000,0.0,0.0,1503.09
1001,0.0,0.0,1505.84
1002,0.0,0.0,1502.53
1003,0.0,0.0,1482.15
1004,0.0,0.0,1456.7
1005,0.0,0.0,1510.69
1006,0.0,0.0,1506.11
1007,0.0,0.0,1506.92
1008,0.0,0.0,1506.89
1009,0.0,0.0,1498.28
1010,0.0,0.0,1505.34
1011,0.0,0.0,1502.3
1012,0.0,0.0,1515.45
1013,0.0,0.0,1500.91
1014,0.0,0.0,1505.04
1015,0.0,0.0,1503.43
1016,0.0,0.0,1508.28
1017,0.0,0.0,1498.83
1018,0.0,0.0,1507.47
1019,0.0,0.0,1505.53
1020,0.0,0.0,1509.89
1021,0.0,0.0,1513.4
1022,0.0,0.0,1499.98
1023,0.0,0.0,1504.28
1024,0.0,0.0,1502.4
1025,0.0,0.0,1506.3
1026,0.0,0.0,1506.26
1027,0.0,0.0,1511.11
1028,0.0,0.0,1503.09
1029,0.0,0.0,1507.29
1030,0.0,0.0,1509.96
1031,0.0,0.0,1504.7
1032,0.0,0.0,1504.53
1033,0.0,0.0,1509.1
1034,0.0,0.0,1505.47
1035,0.0,0.0,1502.47
1036,0.0,0.0,1501.57
1037,0.0,0.0,1500.83
1038,0.0,0.0,1500.34
1039,0.0,0.0,1501.3
1040,0.0,0.0,1509.59
1041,0.0,0.0,1507.22
1042,0.0,0.0,1507.92
1043,0.0,0.0,1509.72
1044,0.0,0.0,1506.58
1045,0.0,0.0,1504.71
1046,0.0,0.0,1505.14
1047,0.0,0.0,1502.6
1048,0.0,0.0,1502.43
1049,0.0,0.0,1499.4
1050,0.0,0.0,1511.97
1051,0.0,0.0,1474.35
1052,0.0,0.0,1436.28
1053,0.0,0.0,1503.01
1054,0.0,0.0,1505.97
1055,0.0,0.0,1504.08
1056,0.0,0.0,1505.56
1057,0.0,0.0,1504.02
1058,0.0,0.0,1504.33
1059,0.0,0.0,1508.0
1060,0.0,0.0,1507.18
1061,0.0,0.0,1511.5
1062,0.0,0.0,1506.12
1063,0.0,0.0,1506.34
1064,0.0,0.0,1505.3
1065,0.0,0.0,1499.53
1066,0.0,0.0,1502.94
1067,0.0,0.0,1504.36
1068,0.0,0.0,1514.46
1069,0.0,0.0,1507.74
1070,0.0,0.0,1505.15
1071,0.0,0.0,1505.11
1072,0.0,0.0,1503.18
1073,0.0,0.0,1499.64
1074,0.0,0.0,1509.45
1075,0.0,0.0,1506.0
1076,0.0,0.0,1502.24
1077,0.0,0.0,1511.97
1078,0.0,0.0,1505.51
1079,0.0,0.0,1505.42
1080,0.0,0.0,1505.29
1081,0.0,0.0,1497.9
1082,0.0,0.0,1509.75
1083,0.0,0.0,1505.06
1084,0.0,0.0,1506.73
1085,0.0,0.0,1508.09
1086,0.0,0.0,1508.75
1087,0.0,0.0,1500.06
1088,0.0,0.0,1505.39
1089,0.0,0.0,1508.36
1090,0.0,0.0,1507.09
1091,0.0,0.0,1502.91
1092,0.0,0.0,1511.76
1093,0.0,0.0,1508.59
1094,0.0,0.0,1504.19
1095,0.0,0.0,1503.73
1096,0.0,0.0,1497.87
1097,0.0,0.0,1513.84
1098,0.0,0.0,1505.13
1099,0.0,0.0,1503.39
1100,0.0,0.0,1503.95
1101,0.0,0.0,1504.46
1102,0.0,0.0,1513.41
1103,0.0,0.0,1502.11
1104,0.0,0.0,1503.24
1105,0.0,0.0,1500.41
1106,0.0,0.0,1508.74
1107,0.0,0.0,1509.47
1108,0.0,0.0,1500.98
1109,0.0,0.0,1504.2
1110,0.0,0.0,1512.11
1111,0.0,0.0,1501.6
1112,0.0,0.0,1506.47
1113,0.0,0.0,1499.36
1114,0.0,0.0,1506.59
1115,0.0,0.0,1513.49
1116,0.0,0.0,1508.33
1117,0.0,0.0,1507.3
1118,0.0,0.0,1507.04
1119,0.0,0.0,1505.49
1120,0.0,0.0,1504.44
1121,0.0,0.0,1504.58
1122,0.0,0.0,1503.1
1123,0.0,0.0,1501.41
1124,0.0,0.0,1501.34
1125,0.0,0.0,1497.13
1126,0.0,0.0,1507.45
1127,0.0,0.0,1501.05
1128,0.0,0.0,1513.34
1129,0.0,0.0,1508.98
1130,0.0,0.0,1509.23
1131,0.0,0.0,1504.1
1132,0.0,0.0,1503.74
1133,0.0,0.0,1502.73
1134,0.0,0.0,1502.34
1135,0.0,0.0,1500.17
1136,0.0,0.0,1504.32
1137,0.0,0.0,1501.92
1138,0.0,0.0,1506.14
1139,0.0,0.0,1508.8
1140,0.0,0.0,1479.25
1141,0.0,0.0,1499.64
1142,0.0,0.0,1507.45
1143,0.0,0.0,1505.59
1144,0.0,0.0,1503.59
1145,0.0,0.0,1504.08
1146,0.0,0.0,1502.3
1147,0.0,0.0,1509.25
1148,0.0,0.0,1503.67
1149,0.0,0.0,1501.6
1150,0.0,0.0,1513.45
1151,0.0,0.0,1506.37
1152,0.0,0.0,1503.08
1153,0.0,0.0,1495.82
1154,0.0,0.0,1510.47
1155,0.0,0.0,1506.51
1156,0.0,0.0,1509.95
1157,0.0,0.0,1505.45
1158,0.0,0.0,1498.72
1159,0.0,0.0,1503.1
1160,0.0,0.0,1505.35
1161,0.0,0.0,1515.67
1162,0.0,0.0,1501.92
1163,0.0,0.0,1505.08
1164,0.0,0.0,1502.98
1165,0.0,0.0,1507.28
1166,0.0,0.0,1514.2
1167,0.0,0.0,1508.85
1168,0.0,0.0,1508.82
1169,0.0,0.0,1503.3
1170,0.0,0.0,1504.28
1171,0.0,0.0,1495.47
1172,0.0,0.0,1504.4
1173,0.0,0.0,1501.06
1174,0.0,0.0,1509.07
1175,0.0,0.0,1510.94
1176,0.0,0.0,1499.96
1177,0.0,0.0,1505.12
1178,0.0,0.0,1500.76
1179,0.0,0.0,1508.51
1180,0.0,0.0,1513.99
1181,0.0,0.0,1508.41
1182,0.0,0.0,1506.78
1183,0.0,0.0,1505.33
1184,0.0,0.0,1505.2
1185,0.0,0.0,1505.0
1186,0.0,0.0,1504.59
1187,0.0,0.0,1505.46
1188,0.0,0.0,1503.08
1189,0.0,0.0,1497.28
1190,0.0,0.0,1507.5
1191,0.0,0.0,1502.51
1192,0.0,0.0,1511.31
1193,0.0,0.0,1512.69
1194,0.0,0.0,1506.39
1195,0.0,0.0,1507.01
1196,0.0,0.0,1503.99
1197,0.0,0.0,1502.45
1198,0.0,0.0,1502.75
1199,0.0,0.0,1502.76
1200,0.0,0.0,1503.35
1201,0.0,0.0,1503.63
1202,0.0,0.0,1508.48
1203,0.0,0.0,1502.0
1204,0.0,0.0,1505.4
1205,0.0,0.0,1501.85
1206,0.0,0.0,1508.57
1207,0.0,0.0,1510.8
1208,0.0,0.0,1504.09
1209,0.0,0.0,1505.04
1210,0.0,0.0,1499.94
1211,0.0,0.0,1505.24
1212,0.0,0.0,1505.49
1213,0.0,0.0,1513.23
1214,0.0,0.0,1506.96
1215,0.0,0.0,1500.77
1216,0.0,0.0,1500.63
1217,0.0,0.0,1502.18
1218,0.0,0.0,1513.77
1219,0.0,0.0,1506.7
1220,0.0,0.0,1500.19
1221,0.0,0.0,1503.5
1222,0.0,0.0,1504.2
1223,0.0,0.0,1512.72
1224,0.0,0.0,1508.95
1225,0.0,0.0,1506.53
1226,0.0,0.0,1504.92
1227,0.0,0.0,1505.05
1228,0.0,0.0,1502.49
1229,0.0,0.0,1496.66
1230,0.0,0.0,1505.88
1231,0.0,0.0,1501.68
1232,0.0,0.0,1507.98
1233,0.0,0.0,1511.84
1234,0.0,0.0,1505.39
1235,0.0,0.0,1499.61
1236,0.0,0.0,1505.98
1237,0.0,0.0,1507.07
1238,0.0,0.0,1504.1
1239,0.0,0.0,1507.4
1240,0.0,0.0,1500.23
1241,0.0,0.0,1503.26
1242,0.0,0.0,1505.07
1243,0.0,0.0,1515.01
1244,0.0,0.0,1506.3
1245,0.0,0.0,1505.6
1246,0.0,0.0,1504.18
1247,0.0,0.0,1503.27
1248,0.0,0.0,1503.86
1249,0.0,0.0,1507.57
1250,0.0,0.0,1503.48
1251,0.0,0.0,1506.22
1252,0.0,0.0,1506.37
1253,0.0,0.0,1507.63
1254,0.0,0.0,1505.78
1255,0.0,0.0,1506.12
1256,0.0,0.0,1503.85
1257,0.0,0.0,1504.76
1258,0.0,0.0,1503.87
1259,0.0,0.0,1501.47
1260,0.0,0.0,1506.33
1261,0.0,0.0,1501.59
1262,0.0,0.0,1515.1
1263,0.0,0.0,1507.33
1264,0.0,0.0,1503.89
1265,0.0,0.0,1498.96
1266,0.0,0.0,1504.33
1267,0.0,0.0,1505.44
1268,0.0,0.0,1506.41
1269,0.0,0.0,1511.97
1270,0.0,0.0,1507.11
1271,0.0,0.0,1508.02
1272,0.0,0.0,1505.54
1273,0.0,0.0,1497.03
1274,0.0,0.0,1502.35
1275,0.0,0.0,1502.34
1276,0.0,0.0,1511.09
1277,0.0,0.0,1506.62
1278,0.0,0.0,1504.5
1279,0.0,0.0,1501.1
1280,0.0,0.0,1502.09
1281,0.0,0.0,1515.44
1282,0.0,0.0,1505.5
1283,0.0,0.0,1508.24
1284,0.0,0.0,1507.81
1285,0.0,0.0,1502.21
1286,0.0,0.0,1501.24
1287,0.0,0.0,1498.02
1288,0.0,0.0,1510.68
1289,0.0,0.0,1505.77
1290,0.0,0.0,1507.52
1291,0.0,0.0,1511.33
1292,0.0,0.0,1507.29
1293,0.0,0.0,1507.54
1294,0.0,0.0,1499.99
1295,0.0,0.0,1503.03
1296,0.0,0.0,1502.86
1297,0.0,0.0,1516.88
1298,0.0,0.0,1510.37
1299,0.0,0.0,1504.07
1300,0.0,0.0,1503.15
1301,0.0,0.0,1500.73
1302,0.0,0.0,1505.86
1303,0.0,0.0,1513.24
1304,0.0,0.0,1510.1
1305,0.0,0.0,1508.24
1306,0.0,0.0,1505.07
1307,0.0,0.0,1506.46
1308,0.0,0.0,1503.19
1309,0.0,0.0,1505.76
1310,0.0,0.0,1499.56
1311,0.0,0.0,1499.73
1312,0.0,0.0,1502.35
1313,0.0,0.0,1503.77
1314,0.0,0.0,1509.49
1315,0.0,0.0,1508.18
1316,0.0,0.0,1501.13
1317,0.0,0.0,1499.85
1318,0.0,0.0,1505.86
1319,0.0,0.0,1515.07
1320,0.0,0.0,1507.27
1321,0.0,0.0,1507.16
1322,0.0,0.0,1505.88
1323,0.0,0.0,1498.13
1324,0.0,0.0,1500.89
1325,0.0,0.0,1504.61
1326,0.0,0.0,1503.39
1327,0.0,0.0,1506.51
1328,0.0,0.0,1507.71
1329,0.0,0.0,1505.43
1330,0.0,0.0,1509.32
1331,0.0,0.0,1507.96
1332,0.0,0.0,1507.07
1333,0.0,0.0,1503.56
1334,0.0,0.0,1502.06
1335,0.0,0.0,1499.71
1336,0.0,0.0,1508.86
1337,0.0,0.0,1511.63
1338,0.0,0.0,1507.19
1339,0.0,0.0,1500.88
1340,0.0,0.0,1503.56
1341,0.0,0.0,1501.46
1342,0.0,0.0,1506.3
1343,0.0,0.0,1511.09
1344,0.0,0.0,1508.34
1345,0.0,0.0,1505.26
1346,0.0,0.0,1503.4
1347,0.0,0.0,1503.18
1348,0.0,0.0,1499.8
1349,0.0,0.0,1508.65
1350,0.0,0.0,1504.78
1351,0.0,0.0,1509.94
1352,0.0,0.0,1506.56
1353,0.0,0.0,1507.33
1354,0.0,0.0,1502.22
1355,0.0,0.0,1500.27
1356,0.0,0.0,1506.59
1357,0.0,0.0,1507.92
1358,0.0,0.0,1500.32
1359,0.0,0.0,1502.58
1360,0.0,0.0,1503.95
1361,0.0,0.0,1514.32
1362,0.0,0.0,1502.55
1363,0.0,0.0,1502.52
1364,0.0,0.0,1502.96
1365,0.0,0.0,1505.59
1366,0.0,0.0,1511.31
1367,0.0,0.0,1505.64
1368,0.0,0.0,1505.3
1369,0.0,0.0,1503.39
1370,0.0,0.0,1502.14
1371,0.0,0.0,1503.87
1372,0.0,0.0,1506.96
1373,0.0,0.0,1505.35
1374,0.0,0.0,1501.74
1375,0.0,0.0,1503.83
1376,0.0,0.0,1503.48
1377,0.0,0.0,1512.52
1378,0.0,0.0,1505.06
1379,0.0,0.0,1505.5
1380,0.0,0.0,1503.31
1381,0.0,0.0,1503.58
1382,0.0,0.0,1504.1
1383,0.0,0.0,1503.11
1384,0.0,0.0,1506.22
1385,0.0,0.0,1506.41
1386,0.0,0.0,1500.06
1387,0.0,0.0,1500.55
1388,0.0,0.0,1497.13
1389,0.0,0.0,1510.72
1390,0.0,0.0,1502.61
1391,0.0,0.0,1506.26
1392,0.0,0.0,1499.21
1393,0.0,0.0,1503.68
1394,0.0,0.0,1501.02
1395,0.0,0.0,1505.5
1396,0.0,0.0,1501.2
1397,0.0,0.0,1505.44
1398,0.0,0.0,1501.81
1399,0.0,0.0,1505.72
1400,0.0,0.0,1500.85
1401,0.0,0.0,1506.7
1402,0.0,0.0,1500.24
1403,0.0,0.0,1506.39
1404,0.0,0.0,1497.52
1405,0.0,0.0,1504.08
1406,0.0,0.0,1498.97
1407,0.0,0.0,1503.73
1408,0.0,0.0,1497.3
1409,0.0,0.0,1502.15
1410,0.0,0.0,1506.37
1411,0.0,0.0,1507.78
1412,0.0,0.0,1503.93
1413,0.0,0.0,1505.7
1414,0.0,0.0,1506.86
1415,0.0,0.0,1504.97
1416,0.0,0.0,1505.68
1417,0.0,0.0,1506.37
1418,0.0,0.0,1499.55
1419,0.0,0.0,1503.85
1420,0.0,0.0,1504.0
1421,0.0,0.0,1502.17
1422,0.0,0.0,1502.57
1423,0.0,0.0,1502.66
1424,0.0,0.0,1500.94
1425,0.0,0.0,1498.74
1426,0.0,0.0,1497.63
1427,0.0,0.0,1497.35
1428,0.0,0.0,1503.61
1429,0.0,0.0,1506.6
1430,0.0,0.0,1505.53
1431,0.0,0.0,1505.78
1432,0.0,0.0,1504.24
1433,0.0,0.0,1502.34
1434,0.0,0.0,1502.78
1435,0.0,0.0,1492.99
1436,0.0,0.0,1493.47
1437,0.0,0.0,1489.68
1438,0.0,0.0,1498.09
1439,0.0,0.0,1499.51
1440,0.0,0.0,1501.99
1441,0.0,0.0,1499.37
1442,0.0,0.0,1499.43
1443,0.0,0.0,1498.57
1444,0.0,0.0,1496.86
1445,0.0,0.0,1497.52
1446,0.0,0.0,1498.98
1447,0.0,0.0,1496.95
1448,0.0,0.0,1496.98
1449,0.0,0.0,1496.57
1450,0.0,0.0,1494.49
1451,0.0,0.0,1490.45
1452,0.0,0.0,1493.92
1453,0.0,0.0,1486.08
1454,0.0,0.0,1489.99
1455,0.0,0.0,1494.99
1456,0.0,0.0,1495.48
1457,0.0,0.0,1495.6
1458,0.0,0.0,1486.25
1459,0.0,0.0,1462.5
1460,0.0,0.0,1463.21
1461,0.0,0.0,1462.17
1462,0.0,0.0,1459.59
1463,0.0,0.0,1466.42
1464,0.0,0.0,1462.28
1465,0.0,0.0,1467.66
1466,0.0,0.0,1464.67
1467,0.0,0.0,1462.39
1468,0.0,0.0,1464.41
1469,0.0,0.0,1462.41
1470,0.0,0.0,1463.84
1471,0.0,0.0,1462.1
1472,0.0,0.0,1456.74
1473,0.0,0.0,1463.9
1474,0.0,0.0,1462.04
1475,0.0,0.0,1460.06
1476,0.0,0.0,1460.91
1477,0.0,0.0,1463.96
1478,0.0,0.0,1463.25
1479,0.0,0.0,1462.92
1480,0.0,0.0,1463.54
1481,0.0,0.0,1462.64
1482,0.0,0.0,1463.85
1483,0.0,0.0,1463.14
1484,0.0,0.0,1460.89
1485,0.0,0.0,1461.68
1486,0.0,0.0,1461.52
1487,0.0,0.0,1460.5
1488,0.0,0.0,1460.86
1489,0.0,0.0,1461.86
1490,0.0,0.0,1459.66
1491,0.0,0.0,1459.52
1492,0.0,0.0,1461.78
1493,0.0,0.0,1456.98
1494,0.0,0.0,1459.58
1495,0.0,0.0,1460.72
1496,0.0,0.0,1457.27
1497,0.0,0.0,1456.9
1498,0.0,0.0,1456.74
1499,0.0,0.0,1449.09
1500,0.0,0.0,1450.43
1501,0.0,0.0,1446.4
1502,0.0,0.0,1443.62
1503,0.0,0.0,1440.18
1504,0.0,0.0,1439.89
1505,0.0,0.0,1434.5
1506,0.0,0.0,1432.01
1507,0.0,0.0,1433.64
1508,0.0,0.0,1432.53
1509,0.0,0.0,1433.83
1510,0.0,0.0,1430.89
1511,0.0,0.0,1432.03
1512,0.0,0.0,1433.3
1513,0.0,0.0,1439.46
1514,0.0,0.0,1438.92
1515,0.0,0.0,1439.42
1516,0.0,0.0,1440.07
1517,0.0,0.0,1438.7
1518,0.0,0.0,1432.74
1519,0.0,0.0,1434.34
1520,0.0,0.0,1442.79
1521,0.0,0.0,1437.58
1522,0.0,0.0,1437.78
1523,0.0,0.0,1443.33
1524,0.0,0.0,1439.17
1525,0.0,0.0,1440.45
1526,0.0,0.0,1436.83
1527,0.0,0.0,1435.29
1528,0.0,0.0,1433.45
1529,0.0,0.0,1431.82
1530,0.0,0.0,1429.54
1531,0.0,0.0,1426.27
1532,0.0,0.0,1423.44
1533,0.0,0.0,1424.26
1534,0.0,0.0,1425.89
1535,0.0,0.0,1428.74
1536,0.0,0.0,1430.32
1537,0.0,0.0,1428.82
1538,0.0,0.0,1426.74
1539,0.0,0.0,1429.37
1540,0.0,0.0,1426.35
1541,0.0,0.0,1430.83
1542,0.0,0.0,1429.3
1543,0.0,0.0,1426.37
1544,0.0,0.0,1427.12
1545,0.0,0.0,1427.75
1546,0.0,0.0,1426.43
1547,0.0,0.0,1425.79
1548,0.0,0.0,1424.73
1549,0.0,0.0,1421.64
1550,0.0,0.0,1418.81
1551,0.0,0.0,1415.88
1552,0.0,0.0,1416.4
1553,0.0,0.0,1416.8
1554,0.0,0.0,1411.5
1555,0.0,0.0,1413.69
1556,0.0,0.0,1418.52
1557,0.0,0.0,1416.94
1558,0.0,0.0,1414.78
1559,0.0,0.0,1399.62
1560,0.0,0.0,1417.79
1561,0.0,0.0,1416.1
1562,0.0,0.0,1418.77
1563,0.0,0.0,1427.77
1564,0.0,0.0,1422.42
1565,0.0,0.0,1420.62
1566,0.0,0.0,1420.32
1567,0.0,0.0,1417.56
1568,0.0,0.0,1425.1
1569,0.0,0.0,1423.29
1570,0.0,0.0,1421.16
1571,0.0,0.0,1422.74
1572,0.0,0.0,1431.08
1573,0.0,0.0,1426.45
1574,0.0,0.0,1428.48
1575,0.0,0.0,1427.72
1576,0.0,0.0,1424.34
1577,0.0,0.0,1429.63
1578,0.0,0.0,1430.05
1579,0.0,0.0,1430.14
1580,0.0,0.0,1428.68
1581,0.0,0.0,1426.74
1582,0.0,0.0,1424.51
1583,0.0,0.0,1434.44
1584,0.0,0.0,1430.67
1585,0.0,0.0,1438.62
1586,0.0,0.0,1436.05
1587,0.0,0.0,1437.51
1588,0.0,0.0,1439.44
1589,0.0,0.0,1440.55
1590,0.0,0.0,1440.66
1591,0.0,0.0,1438.62
1592,0.0,0.0,1438.54
1593,0.0,0.0,1439.94
1594,0.0,0.0,1445.01
1595,0.0,0.0,1439.24
1596,0.0,0.0,1441.04
1597,0.0,0.0,1438.23
1598,0.0,0.0,1437.93
1599,0.0,0.0,1437.36
1600,0.0,0.0,1437.75
1601,0.0,0.0,1433.44
1602,0.0,0.0,1435.14
1603,0.0,0.0,1434.82
1604,0.0,0.0,1434.04
1605,0.0,0.0,1434.07
1606,0.0,0.0,1435.17
1607,0.0,0.0,1434.46
1608,0.0,0.0,1434.14
1609,0.0,0.0,1433.66
1610,0.0,0.0,1433.46
1611,0.0,0.0,1432.14
1612,0.0,0.0,1432.08
1613,0.0,0.0,1434.61
1614,0.0,0.0,1437.89
1615,0.0,0.0,1436.6
1616,0.0,0.0,1435.52
1617,0.0,0.0,1431.45
1618,0.0,0.0,1437.53
1619,0.0,0.0,1436.84
1620,0.0,0.0,1433.97
1621,0.0,0.0,1437.06
1622,0.0,0.0,1434.65
1623,0.0,0.0,1437.12
1624,0.0,0.0,1438.94
1625,0.0,0.0,1438.39
1626,0.0,0.0,1434.07
1627,0.0,0.0,1432.16
1628,0.0,0.0,1438.77
1629,0.0,0.0,1440.36
1630,0.0,0.0,1438.78
1631,0.0,0.0,1437.54
1632,0.0,0.0,1438.23
1633,0.0,0.0,1432.51
1634,0.0,0.0,1436.07
1635,0.0,0.0,1431.43
1636,0.0,0.0,1428.64
1637,0.0,0.0,1423.29
1638,0.0,0.0,1424.98
1639,0.0,0.0,1429.4
1640,0.0,0.0,1426.54
1641,0.0,0.0,1425.68
1642,0.0,0.0,1426.21
1643,0.0,0.0,1425.82
1644,0.0,0.0,1422.98
1645,0.0,0.0,1423.57
1646,0.0,0.0,1424.55
1647,0.0,0.0,1421.38
1648,0.0,0.0,1423.73
1649,0.0,0.0,1421.44
1650,0.0,0.0,1424.72
1651,0.0,0.0,1428.12
1652,0.0,0.0,1425.52
1653,0.0,0.0,1424.65
1654,0.0,0.0,1427.01
1655,0.0,0.0,1428.06
1656,0.0,0.0,1451.81
1657,0.0,0.0,1463.01
1658,0.0,0.0,1461.78
1659,0.0,0.0,1461.23
1660,0.0,0.0,1457.95
1661,0.0,0.0,1461.49
1662,0.0,0.0,1457.27
1663,0.0,0.0,1451.45
1664,0.0,0.0,1455.24
1665,0.0,0.0,1452.99
1666,0.0,0.0,1459.78
1667,0.0,0.0,1462.66
1668,0.0,0.0,1464.4
1669,0.0,0.0,1462.03
1670,0.0,0.0,1455.62
1671,0.0,0.0,1460.13
1672,0.0,0.0,1453.27
1673,0.0,0.0,762.52
1674,0.0,0.0,1504.33
1675,0.0,0.0,1504.33
1676,0.0,0.0,1504.33
1677,0.0,0.0,1504.33
1678,0.0,0.0,302.48
1679,0.0,0.0,1504.33
1680,0.0,0.0,1504.33
1681,0.0,0.0,1504.33
1682,0.0,0.0,385.81
1683,0.0,0.0,804.97
1684,0.0,0.0,1411.66
1685,0.0,0.0,1509.72
1686,0.0,0.0,1505.6
1687,0.0,0.0,1499.56
1688,0.0,0.0,1511.03
1689,0.0,0.0,1505.0
1690,0.0,0.0,1505.33
1691,0.0,0.0,1505.4
1692,0.0,0.0,1506.67
1693,0.0,0.0,1507.05
1694,0.0,0.0,1510.54
1695,0.0,0.0,1504.14
1696,0.0,0.0,1503.43
1697,0.0,0.0,1504.16
1698,0.0,0.0,1506.79
1699,0.0,0.0,1507.49
1700,0.0,0.0,1507.5
1701,0.0,0.0,1508.75
1702,0.0,0.0,1505.06
1703,0.0,0.0,1503.1
1704,0.0,0.0,1503.99
1705,0.0,0.0,1502.82
1706,0.0,0.0,1505.11
1707,0.0,0.0,1510.35
1708,0.0,0.0,1507.99
1709,0.0,0.0,1507.24
1710,0.0,0.0,1504.73
1711,0.0,0.0,1505.84
1712,0.0,0.0,1395.1
1713,0.0,0.0,520.11
1714,0.0,0.0,1504.33
1715,0.0,0.0,1504.33
1716,0.0,0.0,1504.33
1717,0.0,0.0,1504.33
1718,0.0,0.0,1504.33
1719,0.0,0.0,1504.33
1720,0.0,0.0,1504.33
1721,0.0,0.0,1504.33
1722,0.0,0.0,1504.33
1723,0.0,0.0,1504.33
1724,0.0,0.0,1504.33
1725,0.0,0.0,1504.33
1726,0.0,0.0,1504.33
1727,0.0,0.0,1504.33
1728,0.0,0.0,1504.33
1729,0.0,0.0,1504.33
1730,0.0,0.0,1504.33
1731,0.0,0.0,1504.33
1732,0.0,0.0,1504.33
1733,0.0,0.0,1504.33
1734,0.0,0.0,1504.33
1735,0.0,0.0,1504.33
1736,0.0,0.0,1504.33
1737,0.0,0.0,1504.33
1738,0.0,0.0,1504.33
1739,0.0,0.0,1504.33
1740,0.0,0.0,1504.33
1741,0.0,0.0,1504.33
1742,0.0,0.0,1504.33
1743,0.0,0.0,1504.33
1744,0.0,0.0,1504.33
1745,0.0,0.0,1504.33
1746,0.0,0.0,1504.33
1747,0.0,0.0,1504.33
1748,0.0,0.0,1504.33
1749,0.0,0.0,1504.33
1750,0.0,0.0,1504.33
1751,0.0,0.0,1504.33
1752,0.0,0.0,1504.33
1753,0.0,0.0,1504.33
1754,0.0,0.0,1504.33
1755,0.0,0.0,1504.33
1756,0.0,0.0,1504.33
1757,0.0,0.0,1504.33
1758,0.0,0.0,1504.33
1759,0.0,0.0,1504.33
1760,0.0,0.0,1504.33
1761,0.0,0.0,1504.33
1762,0.0,0.0,1504.33
1763,0.0,0.0,1504.33
1764,0.0,0.0,1504.33
1765,0.0,0.0,1504.33
1766,0.0,0.0,1504.33
1767,0.0,0.0,1504.33
1768,0.0,0.0,1504.33
1769,0.0,0.0,1504.33
1770,0.0,0.0,1504.33
1771,0.0,0.0,1504.33
1772,0.0,0.0,1504.33
1773,0.0,0.0,1504.33
1774,0.0,0.0,1504.33
1775,0.0,0.0,1504.33
1776,0.0,0.0,1504.33
1777,0.0,0.0,1504.33
1778,0.0,0.0,1504.33
1779,0.0,0.0,1504.33
1780,0.0,0.0,1504.33
1781,0.0,0.0,1504.33
1782,0.0,0.0,1504.33
1783,0.0,0.0,1504.33
1784,0.0,0.0,1504.33
1785,0.0,0.0,1504.33
1786,0.0,0.0,1504.33
1787,0.0,0.0,1504.33
1788,0.0,0.0,1504.33
1789,0.0,0.0,1504.33
1790,0.0,0.0,1504.33
1791,0.0,0.0,1504.33
1792,0.0,0.0,1504.33
1793,0.0,0.0,1504.33
1794,0.0,0.0,1504.33
1795,0.0,0.0,1504.33
1796,0.0,0.0,1504.33
1797,0.0,0.0,1504.33
1798,0.0,0.0,1504.33
1799,0.0,0.0,1504.33
1800,0.0,0.0,1504.33
1801,0.0,0.0,1504.33
1802,0.0,0.0,1504.33
1803,0.0,0.0,1504.33
1804,0.0,0.0,1504.33
1805,0.0,0.0,1504.33
1806,0.0,0.0,1504.33
1807,0.0,0.0,1504.33
1808,0.0,0.0,1504.33
1809,0.0,0.0,1504.33
1810,0.0,0.0,1504.33
1811,0.0,0.0,1504.33
1812,0.0,0.0,1504.33
1813,0.0,0.0,1504.33
1814,0.0,0.0,1504.33
1815,0.0,0.0,1504.33
1816,0.0,0.0,1504.33
1817,0.0,0.0,1504.33
1818,0.0,0.0,1504.33
1819,0.0,0.0,1504.33
1820,0.0,0.0,1504.33
1821,0.0,0.0,1504.33
1822,0.0,0.0,1504.33
1823,0.0,0.0,1504.33
1824,0.0,0.0,1504.33
1825,0.0,0.0,1504.33
1826,0.0,0.0,1504.33
1827,0.0,0.0,1504.33
1828,0.0,0.0,1504.33
1829,0.0,0.0,1504.33
1830,0.0,0.0,1504.33
1831,0.0,0.0,1504.33
1832,0.0,0.0,1504.33
1833,0.0,0.0,1504.33
1834,0.0,0.0,1504.33
1835,0.0,0.0,1504.33
1836,0.0,0.0,1504.33
1837,0.0,0.0,1504.33
1838,0.0,0.0,1504.33
1839,0.0,0.0,1504.33
1840,0.0,0.0,1504.33
1841,0.0,0.0,1504.33
1842,0.0,0.0,1504.33
1843,0.0,0.0,1504.33
1844,0.0,0.0,1504.33
1845,0.0,0.0,1504.33
1846,0.0,0.0,1504.33
1847,0.0,0.0,1504.33
1848,0.0,0.0,1504.33
1849,0.0,0.0,1504.33
1850,0.0,0.0,1504.33
1851,0.0,0.0,1504.33
1852,0.0,0.0,1504.33
1853,0.0,0.0,1504.33
1854,0.0,0.0,1504.33
1855,0.0,0.0,1504.33
1856,0.0,0.0,1504.33
1857,0.0,0.0,1504.33
1858,0.0,0.0,1504.33
1859,0.0,0.0,1504.33
1860,0.0,0.0,1504.33
1861,0.0,0.0,1504.33
1862,0.0,0.0,1504.33
1863,0.0,0.0,810.21
1864,0.0,0.0,1238.3
1865,0.0,0.0,1502.39
1866,0.0,0.0,1507.0
1867,0.0,0.0,1507.38
1868,0.0,0.0,1504.77
1869,0.0,0.0,1493.63
1870,0.0,0.0,1470.15
1871,0.0,0.0,1507.97
1872,0.0,0.0,1508.8
1873,0.0,0.0,1504.94
1874,0.0,0.0,1503.97
1875,0.0,0.0,1434.64
1876,0.0,0.0,567.72
1877,0.0,0.0,1504.33
1878,0.0,0.0,1504.33
1879,0.0,0.0,809.98
1880,0.0,0.0,1235.8
1881,0.0,0.0,1506.17
1882,0.0,0.0,1502.95
1883,0.0,0.0,1507.09
1884,0.0,0.0,1505.57
1885,0.0,0.0,1506.07
1886,0.0,0.0,1506.06
1887,0.0,0.0,1503.48
1888,0.0,0.0,1503.37
1889,0.0,0.0,1509.64
1890,0.0,0.0,1504.82
1891,0.0,0.0,1503.18
1892,0.0,0.0,1512.92
1893,0.0,0.0,1504.01
1894,0.0,0.0,1502.46
1895,0.0,0.0,1504.31
1896,0.0,0.0,1505.2
1897,0.0,0.0,1505.19
1898,0.0,0.0,1505.8
1899,0.0,0.0,1509.38
1900,0.0,0.0,1506.89
1901,0.0,0.0,1499.58
1902,0.0,0.0,1502.72
1903,0.0,0.0,1511.0
1904,0.0,0.0,1505.96
1905,0.0,0.0,1504.02
1906,0.0,0.0,1505.54
1907,0.0,0.0,1505.14
1908,0.0,0.0,1504.12
1909,0.0,0.0,1505.47
1910,0.0,0.0,1504.75
1911,0.0,0.0,1505.93
1912,0.0,0.0,1504.46
1913,0.0,0.0,1505.26
1914,0.0,0.0,1505.89
1915,0.0,0.0,1504.84
1916,0.0,0.0,1505.65
1917,0.0,0.0,1503.6
1918,0.0,0.0,1505.58
1919,0.0,0.0,1504.86
1920,0.0,0.0,1505.33
1921,0.0,0.0,1506.91
1922,0.0,0.0,1506.67
1923,0.0,0.0,1506.08
1924,0.0,0.0,1300.99
1925,0.0,0.0,411.94
1926,0.0,0.0,1504.33
1927,0.0,0.0,1504.33
1928,0.0,0.0,1504.33
1929,0.0,0.0,1504.33
1930,0.0,0.0,1504.33
1931,0.0,0.0,1504.33
1932,0.0,0.0,1504.33
1933,0.0,0.0,1504.33
1934,0.0,0.0,1504.33
1935,0.0,0.0,1504.33
1936,0.0,0.0,1504.33
1937,0.0,0.0,1504.33
1938,0.0,0.0,1504.33
1939,0.0,0.0,1504.33
1940,0.0,0.0,1504.33
1941,0.0,0.0,1504.33
1942,0.0,0.0,1504.33
1943,0.0,0.0,1504.33
1944,0.0,0.0,1504.33
1945,0.0,0.0,1504.33
1946,0.0,0.0,1504.33
1947,0.0,0.0,1504.33
1948,0.0,0.0,1504.33
1949,0.0,0.0,1504.33
1950,0.0,0.0,1504.33
1951,0.0,0.0,1504.33
1952,0.0,0.0,1504.33
1953,0.0,0.0,1504.33
1954,0.0,0.0,1504.33
1955,0.0,0.0,1504.33
1956,0.0,0.0,1504.33
1957,0.0,0.0,801.02
1958,0.0,0.0,1309.84
1959,0.0,0.0,1503.45
1960,0.0,0.0,1508.86
1961,0.0,0.0,1503.88
1962,0.0,0.0,1503.4
1963,0.0,0.0,1508.16
1964,0.0,0.0,1503.57
1965,0.0,0.0,1503.35
1966,0.0,0.0,1511.73
1967,0.0,0.0,1507.81
1968,0.0,0.0,1506.57
1969,0.0,0.0,1497.93
1970,0.0,0.0,1500.72
1971,0.0,0.0,1507.41
1972,0.0,0.0,1509.45
1973,0.0,0.0,1503.03
1974,0.0,0.0,1501.69
1975,0.0,0.0,1508.72
1976,0.0,0.0,1506.36
1977,0.0,0.0,1510.07
1978,0.0,0.0,1501.68
1979,0.0,0.0,1506.33
1980,0.0,0.0,1507.26
1981,0.0,0.0,1506.83
1982,0.0,0.0,1506.72
1983,0.0,0.0,1507.3
1984,0.0,0.0,1504.33
1985,0.0,0.0,1507.35
1986,0.0,0.0,1505.61
1987,0.0,0.0,1503.68
1988,0.0,0.0,1504.33
1989,0.0,0.0,1505.94
1990,0.0,0.0,1503.52
1991,0.0,0.0,1504.94
1992,0.0,0.0,1517.27
1993,0.0,0.0,1503.06
1994,0.0,0.0,1499.95
1995,0.0,0.0,1505.72
1996,0.0,0.0,1508.54
1997,0.0,0.0,1507.85
1998,0.0,0.0,1508.44
1999,0.0,0.0,1506.51
2000,0.0,0.0,1504.83
2001,0.0,0.0,1506.54
2002,0.0,0.0,1506.67
2003,0.0,0.0,1500.66
2004,0.0,0.0,1502.56
2005,0.0,0.0,1503.25
2006,0.0,0.0,1505.71
2007,0.0,0.0,1505.97
2008,0.0,0.0,1509.1
2009,0.0,0.0,1508.44
2010,0.0,0.0,1506.25
2011,0.0,0.0,1506.35
2012,0.0,0.0,1505.89
2013,0.0,0.0,1504.92
2014,0.0,0.0,1505.1
2015,0.0,0.0,1009.5
2016,0.0,0.0,1504.33
2017,0.0,0.0,1504.33
2018,0.0,0.0,1504.33
2019,0.0,0.0,1504.33
2020,0.0,0.0,1504.33
2021,0.0,0.0,1504.33
2022,0.0,0.0,1504.33
2023,0.0,0.0,1504.33
2024,0.0,0.0,1504.33
2025,0.0,0.0,1504.33
2026,0.0,0.0,1504.33
2027,0.0,0.0,1504.33
2028,0.0,0.0,1504.33
2029,0.0,0.0,1504.33
2030,0.0,0.0,1504.33
2031,0.0,0.0,1504.33
2032,0.0,0.0,1504.33
2033,0.0,0.0,1504.33
2034,0.0,0.0,1504.33
2035,0.0,0.0,1504.33
2036,0.0,0.0,1504.33
2037,0.0,0.0,1504.33
2038,0.0,0.0,1504.33
2039,0.0,0.0,1504.33
2040,0.0,0.0,1504.33
2041,0.0,0.0,1504.33
2042,0.0,0.0,1504.33
2043,0.0,0.0,1504.33
2044,0.0,0.0,1504.33
2045,0.0,0.0,1504.33
2046,0.0,0.0,1504.33
2047,0.0,0.0,1504.33
2048,0.0,0.0,1504.33
2049,0.0,0.0,1504.33
2050,0.0,0.0,1504.33
2051,0.0,0.0,1504.33
2052,0.0,0.0,1504.33
2053,0.0,0.0,1504.33
2054,0.0,0.0,1504.33
2055,0.0,0.0,1504.33
2056,0.0,0.0,1504.33
2057,0.0,0.0,1504.33
2058,0.0,0.0,607.1
2059,0.0,0.0,969.27
2060,0.0,0.0,1505.14
2061,0.0,0.0,1506.7
2062,0.0,0.0,1505.19
2063,0.0,0.0,1504.8
2064,0.0,0.0,1505.39
2065,0.0,0.0,1505.81
2066,0.0,0.0,1504.12
2067,0.0,0.0,1506.14
2068,0.0,0.0,1505.03
2069,0.0,0.0,1505.24
2070,0.0,0.0,1509.98
2071,0.0,0.0,1506.8
2072,0.0,0.0,1499.04
2073,0.0,0.0,1506.72
2074,0.0,0.0,1503.77
2075,0.0,0.0,1506.57
2076,0.0,0.0,1509.36
2077,0.0,0.0,1502.11
2078,0.0,0.0,1500.77
2079,0.0,0.0,1511.02
2080,0.0,0.0,1505.96
2081,0.0,0.0,1500.43
2082,0.0,0.0,1506.56
2083,0.0,0.0,1507.53
2084,0.0,0.0,1507.65
2085,0.0,0.0,1505.84
2086,0.0,0.0,1506.62
2087,0.0,0.0,1505.33
2088,0.0,0.0,1505.17
2089,0.0,0.0,1502.17
2090,0.0,0.0,1504.06
2091,0.0,0.0,1504.97
2092,0.0,0.0,1504.64
2093,0.0,0.0,1508.21
2094,0.0,0.0,1506.45
2095,0.0,0.0,1499.7
2096,0.0,0.0,1507.74
2097,0.0,0.0,1509.83
2098,0.0,0.0,1505.0
2099,0.0,0.0,1501.37
2100,0.0,0.0,1500.31
2101,0.0,0.0,1500.32
2102,0.0,0.0,1503.89
2103,0.0,0.0,1517.49
2104,0.0,0.0,1512.08
2105,0.0,0.0,1501.94
2106,0.0,0.0,1501.58
2107,0.0,0.0,1504.69
2108,0.0,0.0,1505.61
2109,0.0,0.0,1509.59
2110,0.0,0.0,1504.81
2111,0.0,0.0,1406.46
2112,0.0,0.0,532.44
2113,0.0,0.0,1504.33
2114,0.0,0.0,1504.33
2115,0.0,0.0,1504.33
2116,0.0,0.0,1504.33
2117,0.0,0.0,1504.33
2118,0.0,0.0,1504.33
2119,0.0,0.0,1504.33
2120,0.0,0.0,1504.33
2121,0.0,0.0,1504.33
2122,0.0,0.0,1504.33
2123,0.0,0.0,1504.33
2124,0.0,0.0,1504.33
2125,0.0,0.0,1504.33
2126,0.0,0.0,1504.33
2127,0.0,0.0,1504.33
2128,0.0,0.0,1504.33
2129,0.0,0.0,1504.33
2130,0.0,0.0,1504.33
2131,0.0,0.0,1504.33
2132,0.0,0.0,1504.33
2133,0.0,0.0,1504.33
2134,0.0,0.0,1504.33
2135,0.0,0.0,1504.33
2136,0.0,0.0,1504.33
2137,0.0,0.0,1504.33
2138,0.0,0.0,1504.33
2139,0.0,0.0,1504.33
2140,0.0,0.0,1504.33
2141,0.0,0.0,1504.33
2142,0.0,0.0,1504.33
2143,0.0,0.0,1504.33
2144,0.0,0.0,1504.33
2145,0.0,0.0,1504.33
2146,0.0,0.0,1504.33
2147,0.0,0.0,1504.33
2148,0.0,0.0,1504.33
2149,0.0,0.0,1504.33
2150,0.0,0.0,1504.33
2151,0.0,0.0,1504.33
2152,0.0,0.0,1504.33
2153,0.0,0.0,1504.33
2154,0.0,0.0,1504.33
2155,0.0,0.0,1504.33
2156,0.0,0.0,1504.33
2157,0.0,0.0,1504.33
2158,0.0,0.0,1504.33
2159,0.0,0.0,1504.33
2160,0.0,0.0,1504.33
2161,0.0,0.0,1504.33
2162,0.0,0.0,1504.33
2163,0.0,0.0,1504.33
2164,0.0,0.0,1504.33
2165,0.0,0.0,1504.33
2166,0.0,0.0,1504.33
2167,0.0,0.0,1504.33
2168,0.0,0.0,1504.33
2169,0.0,0.0,1504.33
2170,0.0,0.0,1504.33
2171,0.0,0.0,1504.33
2172,0.0,0.0,1504.33
2173,0.0,0.0,1504.33
2174,0.0,0.0,806.19
2175,0.0,0.0,1388.34
2176,0.0,0.0,1507.38
2177,0.0,0.0,1504.15
2178,0.0,0.0,1504.34
2179,0.0,0.0,1506.33
2180,0.0,0.0,1507.11
2181,0.0,0.0,1505.5
2182,0.0,0.0,1506.68
2183,0.0,0.0,1505.63
2184,0.0,0.0,1502.32
2185,0.0,0.0,1504.82
2186,0.0,0.0,1507.28
2187,0.0,0.0,1507.75
2188,0.0,0.0,1508.38
2189,0.0,0.0,1504.56
2190,0.0,0.0,1501.68
2191,0.0,0.0,1501.17
2192,0.0,0.0,1505.19
2193,0.0,0.0,1505.79
2194,0.0,0.0,1504.8
2195,0.0,0.0,1507.96
2196,0.0,0.0,1506.2
2197,0.0,0.0,1504.02
2198,0.0,0.0,1505.15
2199,0.0,0.0,1504.13
2200,0.0,0.0,1495.52
2201,0.0,0.0,1509.82
2202,0.0,0.0,1504.83
2203,0.0,0.0,1505.91
2204,0.0,0.0,1300.42
2205,0.0,0.0,406.17
2206,0.0,0.0,1504.33
2207,0.0,0.0,1504.33
2208,0.0,0.0,1504.33
2209,0.0,0.0,1504.33
2210,0.0,0.0,1504.33
2211,0.0,0.0,1504.33
2212,0.0,0.0,1504.33
2213,0.0,0.0,1504.33
2214,0.0,0.0,1504.33
2215,0.0,0.0,1504.33
2216,0.0,0.0,1504.33
2217,0.0,0.0,1504.33
2218,0.0,0.0,1504.33
2219,0.0,0.0,1504.33
2220,0.0,0.0,1504.33
2221,0.0,0.0,1504.33
2222,0.0,0.0,1504.33
2223,0.0,0.0,1504.33
2224,0.0,0.0,1504.33
2225,0.0,0.0,1504.33
2226,0.0,0.0,1504.33
2227,0.0,0.0,1504.33
2228,0.0,0.0,1504.33
2229,0.0,0.0,1504.33
2230,0.0,0.0,1504.33
2231,0.0,0.0,1504.33
2232,0.0,0.0,1504.33
2233,0.0,0.0,1504.33
2234,0.0,0.0,1504.33
2235,0.0,0.0,1504.33
2236,0.0,0.0,1504.33
2237,0.0,0.0,1504.33
2238,0.0,0.0,1504.33
2239,0.0,0.0,1504.33
2240,0.0,0.0,1504.33
2241,0.0,0.0,1504.33
2242,0.0,0.0,1504.33
2243,0.0,0.0,1504.33
2244,0.0,0.0,1504.33
2245,0.0,0.0,1504.33
2246,0.0,0.0,1504.33
2247,0.0,0.0,1504.33
2248,0.0,0.0,1504.33
2249,0.0,0.0,1504.33
2250,0.0,0.0,1504.33
2251,0.0,0.0,1504.33
2252,0.0,0.0,1504.33
2253,0.0,0.0,1504.33
2254,0.0,0.0,1504.33
2255,0.0,0.0,1504.33
2256,0.0,0.0,1504.33
2257,0.0,0.0,1504.33
2258,0.0,0.0,1504.33
2259,0.0,0.0,1504.33
2260,0.0,0.0,1504.33
2261,0.0,0.0,1504.33
2262,0.0,0.0,1504.33
2263,0.0,0.0,1504.33
2264,0.0,0.0,1504.33
2265,0.0,0.0,1504.33
2266,0.0,0.0,1504.33
2267,0.0,0.0,1504.33
2268,0.0,0.0,1504.33
2269,0.0,0.0,1504.33
2270,0.0,0.0,1504.33
2271,0.0,0.0,1504.33
2272,0.0,0.0,1504.33
2273,0.0,0.0,1504.33
2274,0.0,0.0,1504.33
2275,0.0,0.0,1504.33
2276,0.0,0.0,1504.33
2277,0.0,0.0,1504.33
2278,0.0,0.0,1504.33
2279,0.0,0.0,1504.33
2280,0.0,0.0,1504.33
2281,0.0,0.0,1504.33
2282,0.0,0.0,1504.33
2283,0.0,0.0,1504.33
2284,0.0,0.0,1504.33
2285,0.0,0.0,1504.33
2286,0.0,0.0,1504.33
2287,0.0,0.0,1504.33
2288,0.0,0.0,1504.33
2289,0.0,0.0,1504.33
2290,0.0,0.0,1504.33
2291,0.0,0.0,1504.33
2292,0.0,0.0,1504.33
2293,0.0,0.0,1504.33
2294,0.0,0.0,1504.33
2295,0.0,0.0,1504.33
2296,0.0,0.0,1504.33
2297,0.0,0.0,1504.33
2298,0.0,0.0,1504.33
2299,0.0,0.0,1504.33
2300,0.0,0.0,1504.33
2301,0.0,0.0,1504.33
2302,0.0,0.0,1504.33
2303,0.0,0.0,1504.33
2304,0.0,0.0,1504.33
2305,0.0,0.0,1504.33
2306,0.0,0.0,1504.33
2307,0.0,0.0,1504.33
2308,0.0,0.0,1504.33
2309,0.0,0.0,1504.33
2310,0.0,0.0,1504.33
2311,0.0,0.0,1504.33
2312,0.0,0.0,1504.33
2313,0.0,0.0,1504.33
2314,0.0,0.0,1504.33
2315,0.0,0.0,1504.33
2316,0.0,0.0,1504.33
2317,0.0,0.0,1504.33
2318,0.0,0.0,1504.33
2319,0.0,0.0,1504.33
2320,0.0,0.0,1504.33
2321,0.0,0.0,1504.33
2322,0.0,0.0,1504.33
2323,0.0,0.0,1504.33
2324,0.0,0.0,1504.33
2325,0.0,0.0,1504.33
2326,0.0,0.0,1504.33
2327,0.0,0.0,1504.33
2328,0.0,0.0,1504.33
2329,0.0,0.0,1504.33
2330,0.0,0.0,1504.33
2331,0.0,0.0,1504.33
2332,0.0,0.0,1504.33
2333,0.0,0.0,1504.33
2334,0.0,0.0,1504.33
2335,0.0,0.0,1504.33
2336,0.0,0.0,1504.33
2337,0.0,0.0,1504.33
2338,0.0,0.0,1504.33
2339,0.0,0.0,1504.33
2340,0.0,0.0,1504.33
2341,0.0,0.0,1504.33
2342,0.0,0.0,1504.33
2343,0.0,0.0,1504.33
2344,0.0,0.0,1504.33
2345,0.0,0.0,1504.33
2346,0.0,0.0,1504.33
2347,0.0,0.0,1504.33
2348,0.0,0.0,1504.33
2349,0.0,0.0,1504.33
2350,0.0,0.0,1504.33
2351,0.0,0.0,1504.33
2352,0.0,0.0,1504.33
2353,0.0,0.0,1504.33
2354,0.0,0.0,1504.33
2355,0.0,0.0,1504.33
2356,0.0,0.0,1504.33
2357,0.0,0.0,1504.33
2358,0.0,0.0,1504.33
2359,0.0,0.0,1504.33
2360,0.0,0.0,1504.33
2361,0.0,0.0,1504.33
2362,0.0,0.0,1504.33
2363,0.0,0.0,1504.33
2364,0.0,0.0,1504.33
2365,0.0,0.0,1504.33
2366,0.0,0.0,1504.33
2367,0.0,0.0,1504.33
2368,0.0,0.0,1504.33
2369,0.0,0.0,1504.33
2370,0.0,0.0,1504.33
2371,0.0,0.0,1504.33
2372,0.0,0.0,1504.33
2373,0.0,0.0,1504.33
2374,0.0,0.0,1504.33
2375,0.0,0.0,1504.33
2376,0.0,0.0,1504.33
2377,0.0,0.0,1504.33
2378,0.0,0.0,1504.33
2379,0.0,0.0,1504.33
2380,0.0,0.0,1504.33
2381,0.0,0.0,1504.33
2382,0.0,0.0,1504.33
2383,0.0,0.0,1504.33
2384,0.0,0.0,1504.33
2385,0.0,0.0,1504.33
2386,0.0,0.0,1504.33
2387,0.0,0.0,1504.33
2388,0.0,0.0,1504.33
2389,0.0,0.0,1504.33
2390,0.0,0.0,1504.33
2391,0.0,0.0,788.8
2392,0.0,0.0,1086.66
2393,0.0,0.0,1507.31
2394,0.0,0.0,1504.12
2395,0.0,0.0,1505.72
2396,0.0,0.0,1506.43
2397,0.0,0.0,1505.39
2398,0.0,0.0,1501.55
2399,0.0,0.0,1509.92
2400,0.0,0.0,1506.47
2401,0.0,0.0,1505.34
2402,0.0,0.0,1505.18
2403,0.0,0.0,1499.33
2404,0.0,0.0,1506.52
2405,0.0,0.0,1507.72
2406,0.0,0.0,1506.19
2407,0.0,0.0,1505.11
2408,0.0,0.0,1504.93
2409,0.0,0.0,1505.91
2410,0.0,0.0,1504.99
2411,0.0,0.0,1505.75
2412,0.0,0.0,1504.63
2413,0.0,0.0,1506.82
2414,0.0,0.0,1507.67
2415,0.0,0.0,1508.45
2416,0.0,0.0,1505.58
2417,0.0,0.0,1503.14
2418,0.0,0.0,1503.06
2419,0.0,0.0,1506.08
2420,0.0,0.0,1508.31
2421,0.0,0.0,1504.52
2422,0.0,0.0,1501.36
2423,0.0,0.0,1509.91
2424,0.0,0.0,1504.59
2425,0.0,0.0,1508.37
2426,0.0,0.0,1503.81
2427,0.0,0.0,1504.25
2428,0.0,0.0,1502.26
2429,0.0,0.0,1503.72
2430,0.0,0.0,1501.54
2431,0.0,0.0,1510.43
2432,0.0,0.0,1505.61
2433,0.0,0.0,1510.0
2434,0.0,0.0,1506.83
2435,0.0,0.0,1503.15
2436,0.0,0.0,1503.33
2437,0.0,0.0,1506.27
2438,0.0,0.0,1507.28
2439,0.0,0.0,1505.71
2440,0.0,0.0,1500.52
2441,0.0,0.0,1501.62
2442,0.0,0.0,1513.44
2443,0.0,0.0,1504.71
2444,0.0,0.0,1507.94
2445,0.0,0.0,1500.58
2446,0.0,0.0,1502.85
2447,0.0,0.0,1507.73
2448,0.0,0.0,1511.07
2449,0.0,0.0,1507.5
2450,0.0,0.0,1508.64
2451,0.0,0.0,1498.39
2452,0.0,0.0,1504.98
2453,0.0,0.0,1503.67
2454,0.0,0.0,1511.35
2455,0.0,0.0,1505.55
2456,0.0,0.0,1505.76
2457,0.0,0.0,1497.82
2458,0.0,0.0,1504.44
2459,0.0,0.0,1504.04
2460,0.0,0.0,1508.64
2461,0.0,0.0,1506.43
2462,0.0,0.0,1503.9
2463,0.0,0.0,1507.54
2464,0.0,0.0,1503.57
2465,0.0,0.0,1504.97
2466,0.0,0.0,1502.37
2467,0.0,0.0,1508.26
2468,0.0,0.0,1509.65
2469,0.0,0.0,1504.93
2470,0.0,0.0,1504.36
2471,0.0,0.0,1505.47
2472,0.0,0.0,1504.74
2473,0.0,0.0,1504.04
2474,0.0,0.0,1505.85
2475,0.0,0.0,1503.75
2476,0.0,0.0,1504.55
2477,0.0,0.0,1508.09
2478,0.0,0.0,1509.2
2479,0.0,0.0,1505.07
2480,0.0,0.0,1500.29
2481,0.0,0.0,1504.65
2482,0.0,0.0,1506.92
2483,0.0,0.0,1509.12
2484,0.0,0.0,1506.22
2485,0.0,0.0,1499.03
2486,0.0,0.0,1503.35
2487,0.0,0.0,1508.49
2488,0.0,0.0,1512.37
2489,0.0,0.0,1504.34
2490,0.0,0.0,1498.45
2491,0.0,0.0,1505.1
2492,0.0,0.0,1506.52
2493,0.0,0.0,1512.38
2494,0.0,0.0,1506.61
2495,0.0,0.0,1504.3
2496,0.0,0.0,1506.86
2497,0.0,0.0,1496.4
2498,0.0,0.0,1507.91
2499,0.0,0.0,1505.53
2500,0.0,0.0,1508.1
2501,0.0,0.0,1504.31
2502,0.0,0.0,1506.89
2503,0.0,0.0,1499.76
2504,0.0,0.0,1511.65
2505,0.0,0.0,1506.36
2506,0.0,0.0,1504.94
2507,0.0,0.0,1363.28
2508,0.0,0.0,492.15
2509,0.0,0.0,1504.33
2510,0.0,0.0,1504.33
2511,0.0,0.0,1504.33
2512,0.0,0.0,1504.33
2513,0.0,0.0,1504.33
2514,0.0,0.0,1504.33
2515,0.0,0.0,1504.33
2516,0.0,0.0,1504.33
2517,0.0,0.0,1504.33
2518,0.0,0.0,1504.33
2519,0.0,0.0,1504.33
2520,0.0,0.0,1504.33
2521,0.0,0.0,1504.33
2522,0.0,0.0,1504.33
2523,0.0,0.0,1504.33
2524,0.0,0.0,1504.33
2525,0.0,0.0,1504.33
2526,0.0,0.0,1504.33
2527,0.0,0.0,1504.33
2528,0.0,0.0,1504.33
2529,0.0,0.0,1504.33
2530,0.0,0.0,1504.33
2531,0.0,0.0,1504.33
2532,0.0,0.0,1504.33
2533,0.0,0.0,1504.33
2534,0.0,0.0,1504.33
2535,0.0,0.0,1504.33
2536,0.0,0.0,500.14
2537,0.0,0.0,844.1
2538,0.0,0.0,1497.94
2539,0.0,0.0,1504.76
2540,0.0,0.0,1509.22
2541,0.0,0.0,1500.77
2542,0.0,0.0,1507.58
2543,0.0,0.0,1504.94
2544,0.0,0.0,1509.14
2545,0.0,0.0,1503.72
2546,0.0,0.0,1508.67
2547,0.0,0.0,1505.08
2548,0.0,0.0,1502.34
2549,0.0,0.0,1504.06
2550,0.0,0.0,1508.04
2551,0.0,0.0,1505.32
2552,0.0,0.0,1506.61
2553,0.0,0.0,1505.37
2554,0.0,0.0,1503.52
2555,0.0,0.0,1509.05
2556,0.0,0.0,1504.87
2557,0.0,0.0,1503.08
2558,0.0,0.0,1504.48
2559,0.0,0.0,1505.07
2560,0.0,0.0,1504.19
2561,0.0,0.0,1504.65
2562,0.0,0.0,1504.96
2563,0.0,0.0,1510.85
2564,0.0,0.0,1509.14
2565,0.0,0.0,1514.01
2566,0.0,0.0,1498.26
2567,0.0,0.0,1503.96
2568,0.0,0.0,1504.12
2569,0.0,0.0,1511.07
2570,0.0,0.0,1504.99
2571,0.0,0.0,1502.23
2572,0.0,0.0,1504.28
2573,0.0,0.0,1511.75
2574,0.0,0.0,1506.21
2575,0.0,0.0,1499.62
2576,0.0,0.0,1501.7
2577,0.0,0.0,1503.67
2578,0.0,0.0,1511.6
2579,0.0,0.0,1510.64
2580,0.0,0.0,1499.62
2581,0.0,0.0,1504.46
2582,0.0,0.0,1503.54
2583,0.0,0.0,1513.03
2584,0.0,0.0,1507.7
2585,0.0,0.0,1500.46
2586,0.0,0.0,1505.28
2587,0.0,0.0,1506.85
2588,0.0,0.0,1503.62
2589,0.0,0.0,1508.42
2590,0.0,0.0,1503.72
2591,0.0,0.0,1504.92
2592,0.0,0.0,1502.92
2593,0.0,0.0,1501.71
2594,0.0,0.0,1501.13
2595,0.0,0.0,1509.51
2596,0.0,0.0,1503.89
2597,0.0,0.0,1510.96
2598,0.0,0.0,1501.86
2599,0.0,0.0,1502.52
2600,0.0,0.0,1503.79
2601,0.0,0.0,1508.58
2602,0.0,0.0,1511.81
2603,0.0,0.0,1499.39
2604,0.0,0.0,1505.31
2605,0.0,0.0,1504.45
2606,0.0,0.0,1511.51
2607,0.0,0.0,1505.02
2608,0.0,0.0,1505.45
2609,0.0,0.0,1499.6
2610,0.0,0.0,1501.14
2611,0.0,0.0,1508.19
2612,0.0,0.0,1504.57
2613,0.0,0.0,1509.97
2614,0.0,0.0,1509.61
2615,0.0,0.0,1502.39
2616,0.0,0.0,1499.93
2617,0.0,0.0,1510.67
2618,0.0,0.0,1505.89
2619,0.0,0.0,1508.66
2620,0.0,0.0,1505.53
2621,0.0,0.0,1504.1
2622,0.0,0.0,1505.33
2623,0.0,0.0,1498.91
2624,0.0,0.0,1510.66
2625,0.0,0.0,1506.43
2626,0.0,0.0,1506.47
2627,0.0,0.0,1506.37
2628,0.0,0.0,1497.45
2629,0.0,0.0,1503.58
2630,0.0,0.0,1506.86
2631,0.0,0.0,1515.03
2632,0.0,0.0,1505.75
2633,0.0,0.0,1502.55
2634,0.0,0.0,1499.74
2635,0.0,0.0,1504.16
2636,0.0,0.0,1508.55
2637,0.0,0.0,1500.77
2638,0.0,0.0,1443.76
2639,0.0,0.0,1410.64
2640,0.0,0.0,1416.59
2641,0.0,0.0,1436.67
2642,0.0,0.0,1503.66
2643,0.0,0.0,1503.42
2644,0.0,0.0,1509.98
2645,0.0,0.0,1504.9
2646,0.0,0.0,1502.86
2647,0.0,0.0,1507.04
2648,0.0,0.0,1514.39
2649,0.0,0.0,1504.99
2650,0.0,0.0,1506.07
2651,0.0,0.0,1498.7
2652,0.0,0.0,1502.88
2653,0.0,0.0,1509.39
2654,0.0,0.0,1511.37
2655,0.0,0.0,1505.4
2656,0.0,0.0,1501.51
2657,0.0,0.0,1503.11
2658,0.0,0.0,1502.82
2659,0.0,0.0,1509.85
2660,0.0,0.0,1505.93
2661,0.0,0.0,1509.28
2662,0.0,0.0,1506.25
2663,0.0,0.0,1501.79
2664,0.0,0.0,1503.54
2665,0.0,0.0,1504.85
2666,0.0,0.0,1503.37
2667,0.0,0.0,1501.49
2668,0.0,0.0,1508.04
2669,0.0,0.0,1512.54
2670,0.0,0.0,1502.4
2671,0.0,0.0,1503.64
2672,0.0,0.0,1502.37
2673,0.0,0.0,1515.86
2674,0.0,0.0,1504.94
2675,0.0,0.0,1506.82
2676,0.0,0.0,1497.09
2677,0.0,0.0,1504.64
2678,0.0,0.0,1502.61
2679,0.0,0.0,1511.35
2680,0.0,0.0,1508.42
2681,0.0,0.0,1501.96
2682,0.0,0.0,1501.13
2683,0.0,0.0,1508.12
2684,0.0,0.0,1512.39
2685,0.0,0.0,1503.04
2686,0.0,0.0,1505.63
2687,0.0,0.0,1505.32
2688,0.0,0.0,1504.16
2689,0.0,0.0,1507.74
2690,0.0,0.0,1504.04
2691,0.0,0.0,1505.5
2692,0.0,0.0,1508.21
2693,0.0,0.0,1506.88
2694,0.0,0.0,1508.73
2695,0.0,0.0,1497.35
2696,0.0,0.0,1506.48
2697,0.0,0.0,1511.02
2698,0.0,0.0,1505.1
2699,0.0,0.0,1505.09
2700,0.0,0.0,1504.83
2701,0.0,0.0,1506.06
2702,0.0,0.0,1501.86
2703,0.0,0.0,1508.46
2704,0.0,0.0,1504.47
2705,0.0,0.0,1502.84
2706,0.0,0.0,1503.4
2707,0.0,0.0,1507.38
2708,0.0,0.0,1509.63
2709,0.0,0.0,1502.33
2710,0.0,0.0,1503.97
2711,0.0,0.0,1501.91
2712,0.0,0.0,1506.8
2713,0.0,0.0,1508.92
2714,0.0,0.0,1506.08
2715,0.0,0.0,1504.49
2716,0.0,0.0,1507.13
2717,0.0,0.0,1500.8
2718,0.0,0.0,1498.23
2719,0.0,0.0,1511.73
2720,0.0,0.0,1503.03
2721,0.0,0.0,1507.82
2722,0.0,0.0,1507.97
2723,0.0,0.0,1502.67
2724,0.0,0.0,1499.75
2725,0.0,0.0,1503.43
2726,0.0,0.0,1511.92
2727,0.0,0.0,1511.31
2728,0.0,0.0,1506.09
2729,0.0,0.0,1502.36
2730,0.0,0.0,1503.33
2731,0.0,0.0,1504.36
2732,0.0,0.0,1506.42
2733,0.0,0.0,1504.51
2734,0.0,0.0,1512.53
2735,0.0,0.0,1503.81
2736,0.0,0.0,1500.28
2737,0.0,0.0,1507.75
2738,0.0,0.0,1506.62
2739,0.0,0.0,1510.0
2740,0.0,0.0,1502.38
2741,0.0,0.0,1503.12
2742,0.0,0.0,1504.64
2743,0.0,0.0,1510.14
2744,0.0,0.0,1505.01
2745,0.0,0.0,1508.47
2746,0.0,0.0,1502.29
2747,0.0,0.0,1506.6
2748,0.0,0.0,1508.19
2749,0.0,0.0,1504.93
2750,0.0,0.0,1501.39
2751,0.0,0.0,1507.85
2752,0.0,0.0,1510.85
2753,0.0,0.0,1503.34
2754,0.0,0.0,1507.28
2755,0.0,0.0,1502.42
2756,0.0,0.0,1508.26
2757,0.0,0.0,1508.88
2758,0.0,0.0,1506.51
2759,0.0,0.0,1506.56
2760,0.0,0.0,1502.72
2761,0.0,0.0,1499.67
2762,0.0,0.0,1507.52
2763,0.0,0.0,1508.97
2764,0.0,0.0,1503.88
2765,0.0,0.0,1502.9
2766,0.0,0.0,1503.37
2767,0.0,0.0,1507.18
2768,0.0,0.0,1511.3
2769,0.0,0.0,1503.36
2770,0.0,0.0,1507.95
2771,0.0,0.0,1506.73
2772,0.0,0.0,1502.12
2773,0.0,0.0,1499.98
2774,0.0,0.0,1506.88
2775,0.0,0.0,1511.52
2776,0.0,0.0,1502.75
2777,0.0,0.0,1505.41
2778,0.0,0.0,1502.03
2779,0.0,0.0,1509.12
2780,0.0,0.0,1511.29
2781,0.0,0.0,1500.58
2782,0.0,0.0,1502.77
2783,0.0,0.0,1503.33
2784,0.0,0.0,1509.04
2785,0.0,0.0,1508.37
2786,0.0,0.0,1506.22
2787,0.0,0.0,1508.38
2788,0.0,0.0,1503.13
2789,0.0,0.0,1501.75
2790,0.0,0.0,1500.66
2791,0.0,0.0,1509.98
2792,0.0,0.0,1506.43
2793,0.0,0.0,1510.15
2794,0.0,0.0,1507.45
2795,0.0,0.0,1498.53
2796,0.0,0.0,1507.74
2797,0.0,0.0,1506.2
2798,0.0,0.0,1510.56
2799,0.0,0.0,1507.84
2800,0.0,0.0,1503.89
2801,0.0,0.0,1503.88
2802,0.0,0.0,1508.81
2803,0.0,0.0,1510.84
2804,0.0,0.0,1503.4
2805,0.0,0.0,1502.75
2806,0.0,0.0,1500.54
2807,0.0,0.0,1503.76
2808,0.0,0.0,1505.96
2809,0.0,0.0,1505.49
2810,0.0,0.0,1508.17
2811,0.0,0.0,1507.21
2812,0.0,0.0,1503.22
2813,0.0,0.0,1505.38
2814,0.0,0.0,1506.95
2815,0.0,0.0,1498.54
2816,0.0,0.0,1507.07
2817,0.0,0.0,1501.42
2818,0.0,0.0,1510.3
2819,0.0,0.0,1505.05
2820,0.0,0.0,1506.1
2821,0.0,0.0,1501.69
2822,0.0,0.0,1510.97
2823,0.0,0.0,1509.06
2824,0.0,0.0,1504.08
2825,0.0,0.0,1500.69
2826,0.0,0.0,1505.24
2827,0.0,0.0,1514.05
2828,0.0,0.0,1501.32
2829,0.0,0.0,1502.93
2830,0.0,0.0,1503.75
2831,0.0,0.0,1509.27
2832,0.0,0.0,1504.32
2833,0.0,0.0,1504.35
2834,0.0,0.0,1505.72
2835,0.0,0.0,1504.07
2836,0.0,0.0,1507.53
2837,0.0,0.0,1507.06
2838,0.0,0.0,1507.46
2839,0.0,0.0,1502.67
2840,0.0,0.0,1505.83
2841,0.0,0.0,1506.14
2842,0.0,0.0,1502.38
2843,0.0,0.0,1505.04
2844,0.0,0.0,1505.23
2845,0.0,0.0,1508.19
2846,0.0,0.0,1504.64
2847,0.0,0.0,1505.15
2848,0.0,0.0,1500.55
2849,0.0,0.0,1507.15
2850,0.0,0.0,1509.64
2851,0.0,0.0,1497.28
2852,0.0,0.0,1504.24
2853,0.0,0.0,1509.69
2854,0.0,0.0,1500.79
2855,0.0,0.0,1503.71
2856,0.0,0.0,1504.94
2857,0.0,0.0,1513.56
2858,0.0,0.0,1499.05
2859,0.0,0.0,1505.46
2860,0.0,0.0,1502.08
2861,0.0,0.0,1505.69
2862,0.0,0.0,1506.5
2863,0.0,0.0,1501.64
2864,0.0,0.0,1503.16
2865,0.0,0.0,1504.81
2866,0.0,0.0,1512.79
2867,0.0,0.0,1505.1
2868,0.0,0.0,1503.12
2869,0.0,0.0,1505.24
2870,0.0,0.0,1502.72
2871,0.0,0.0,1503.51
2872,0.0,0.0,1482.47
2873,0.0,0.0,1416.23
2874,0.0,0.0,1479.82
2875,0.0,0.0,1510.65
2876,0.0,0.0,1500.64
2877,0.0,0.0,1508.34
2878,0.0,0.0,1511.67
2879,0.0,0.0,1504.18
2880,0.0,0.0,1506.58
2881,0.0,0.0,1503.64
2882,0.0,0.0,1504.91
2883,0.0,0.0,1503.31
2884,0.0,0.0,1507.23
2885,0.0,0.0,1506.87
2886,0.0,0.0,1506.39
2887,0.0,0.0,1502.38
2888,0.0,0.0,1498.34
2889,0.0,0.0,1504.85
2890,0.0,0.0,1505.5
2891,0.0,0.0,1511.29
2892,0.0,0.0,1505.39
2893,0.0,0.0,1507.36
2894,0.0,0.0,1503.5
2895,0.0,0.0,1501.13
2896,0.0,0.0,1503.62
2897,0.0,0.0,1506.36
2898,0.0,0.0,1505.39
2899,0.0,0.0,1501.16
2900,0.0,0.0,1505.72
2901,0.0,0.0,1506.11
2902,0.0,0.0,1509.69
2903,0.0,0.0,1509.85
2904,0.0,0.0,1507.39
2905,0.0,0.0,1502.32
2906,0.0,0.0,1503.0
2907,0.0,0.0,1508.37
2908,0.0,0.0,1501.43
2909,0.0,0.0,1504.88
2910,0.0,0.0,1510.35
2911,0.0,0.0,1507.23
2912,0.0,0.0,1504.66
2913,0.0,0.0,1507.56
2914,0.0,0.0,1499.53
2915,0.0,0.0,1502.93
2916,0.0,0.0,1508.54
2917,0.0,0.0,1508.72
2918,0.0,0.0,1507.01
2919,0.0,0.0,1500.78
2920,0.0,0.0,1506.31
2921,0.0,0.0,1510.37
2922,0.0,0.0,1507.19
2923,0.0,0.0,1506.49
2924,0.0,0.0,1505.27
2925,0.0,0.0,1504.41
2926,0.0,0.0,1506.46
2927,0.0,0.0,1507.08
2928,0.0,0.0,1504.33
2929,0.0,0.0,1503.77
2930,0.0,0.0,1503.23
2931,0.0,0.0,1509.22
2932,0.0,0.0,1508.87
2933,0.0,0.0,1501.18
2934,0.0,0.0,1503.29
2935,0.0,0.0,1506.04
2936,0.0,0.0,1505.34
2937,0.0,0.0,1508.12
2938,0.0,0.0,1509.61
2939,0.0,0.0,1502.18
2940,0.0,0.0,1502.07
2941,0.0,0.0,1504.53
2942,0.0,0.0,1504.32
2943,0.0,0.0,1511.4
2944,0.0,0.0,1509.4
2945,0.0,0.0,1503.35
2946,0.0,0.0,1509.51
2947,0.0,0.0,1507.29
2948,0.0,0.0,1508.8
2949,0.0,0.0,1506.46
2950,0.0,0.0,1503.2
2951,0.0,0.0,1501.11
2952,0.0,0.0,1501.66
2953,0.0,0.0,1501.94
2954,0.0,0.0,1503.62
2955,0.0,0.0,1506.29
2956,0.0,0.0,1507.48
2957,0.0,0.0,1508.17
2958,0.0,0.0,1505.76
2959,0.0,0.0,1500.76
2960,0.0,0.0,1504.78
2961,0.0,0.0,1505.68
2962,0.0,0.0,1511.72
2963,0.0,0.0,1498.05
2964,0.0,0.0,1504.71
2965,0.0,0.0,1503.24
2966,0.0,0.0,1507.48
2967,0.0,0.0,1510.39
2968,0.0,0.0,1501.5
2969,0.0,0.0,1505.15
2970,0.0,0.0,1502.46
2971,0.0,0.0,1503.99
2972,0.0,0.0,1512.0
2973,0.0,0.0,1502.26
2974,0.0,0.0,1507.57
2975,0.0,0.0,1510.15
