,FIT_400_001C_P.PV,FIT_400_002C_P.PV,Q_400_001C_P.PV
0,803.71,700.13,805.7
1,803.21,699.82,805.29
2,805.73,700.18,805.38
3,805.1,700.51,805.8
4,804.55,699.29,805.22
5,807.07,700.16,805.51
6,805.87,699.8,805.41
7,805.59,700.44,805.71
8,808.08,699.9,805.46
9,802.16,700.03,805.46
10,806.12,699.79,805.71
11,805.27,700.15,805.16
12,804.05,700.13,805.57
13,806.07,699.84,805.04
14,802.4,699.72,805.39
15,804.45,699.77,805.57
16,808.08,700.42,805.96
17,804.4,700.27,805.48
18,803.04,699.4,805.2
19,805.79,699.85,805.38
20,806.41,700.23,805.64
21,802.84,699.85,804.92
22,806.28,700.0,805.51
23,805.95,700.25,805.55
24,806.23,699.98,805.75
25,806.02,700.09,805.45
26,801.25,699.94,805.21
27,805.73,700.2,805.37
28,804.89,699.92,805.84
29,804.77,700.14,805.17
30,805.39,699.88,805.5
31,803.44,699.9,805.33
32,808.69,700.21,805.48
33,802.38,700.21,805.21
34,805.18,699.85,805.21
35,805.05,699.88,804.97
36,805.54,700.38,805.23
37,807.25,699.72,805.31
38,804.49,699.55,804.93
39,804.71,699.76,805.7
40,805.26,700.27,805.15
41,805.48,699.85,805.13
42,804.3,699.65,804.94
43,807.34,700.0,805.23
44,803.81,699.94,805.4
45,804.47,699.9,805.36
46,805.74,699.95,805.75
47,806.57,699.93,805.9
48,805.3,700.22,805.34
49,806.27,700.06,805.61
50,802.44,699.8,805.24
51,804.89,700.19,805.44
52,804.79,700.02,805.24
53,806.7,700.13,805.58
54,803.95,699.88,805.14
55,804.25,699.91,805.26
56,803.86,700.03,805.39
57,806.59,699.95,805.26
58,804.17,699.85,804.92
59,803.7,700.48,805.64
60,806.46,700.23,805.06
61,803.47,699.95,805.16
62,803.76,699.63,805.22
63,803.99,700.43,805.63
64,805.14,699.9,805.42
65,806.51,699.81,805.52
66,805.11,698.82,804.99
67,806.58,700.94,805.31
68,802.78,699.87,804.84
69,806.05,699.74,805.34
70,803.18,700.5,805.3
71,805.62,700.17,805.45
72,805.17,699.9,805.34
73,803.48,699.86,805.58
74,806.67,699.65,805.33
75,805.51,700.24,805.29
76,803.24,699.81,805.43
77,805.79,699.95,805.72
78,805.66,699.88,805.31
79,806.02,699.54,805.72
80,805.12,700.44,805.57
81,805.55,699.94,804.94
82,806.64,699.9,805.37
83,803.62,699.72,804.98
84,803.58,699.83,805.45
85,804.37,700.11,805.8
86,805.89,700.46,805.07
87,805.13,700.4,805.1
88,805.61,699.78,805.23
89,804.55,699.91,805.43
90,807.21,699.94,805.63
91,803.1,699.82,805.64
92,804.32,700.08,805.83
93,804.72,699.9,805.04
94,807.82,699.81,805.65
95,804.13,700.07,805.68
96,806.4,700.48,805.08
97,806.96,700.11,805.55
98,803.43,700.2,804.99
99,807.15,699.71,805.6
100,801.74,700.32,805.03
101,807.9,700.41,805.64
102,804.05,699.92,805.43
103,805.0,700.2,805.01
104,804.33,699.58,805.68
105,805.59,699.97,805.61
106,808.01,700.52,805.2
107,801.96,699.87,805.42
108,806.72,700.12,805.39
109,804.12,699.62,805.76
110,804.82,700.0,805.1
111,806.74,699.97,805.8
112,802.76,699.69,805.87
113,807.47,700.8,805.81
114,803.24,699.83,805.88
115,808.2,700.48,805.35
116,803.47,699.83,805.86
117,806.46,699.76,805.36
118,803.49,700.1,806.26
119,805.17,699.82,805.5
120,805.41,699.63,805.72
121,802.65,700.16,805.33
122,806.23,699.85,805.28
123,805.63,699.83,805.32
124,803.57,699.9,805.73
125,805.78,700.25,805.67
126,801.94,699.94,805.72
127,806.33,700.14,805.16
128,806.9,700.04,805.27
129,803.52,699.82,805.28
130,807.03,700.19,805.28
131,803.28,699.71,805.51
132,804.3,700.0,805.78
133,804.71,699.85,805.64
134,804.93,700.17,804.8
135,803.97,699.7,805.68
136,805.81,700.5,805.34
137,806.54,699.44,804.88
138,803.1,699.86,805.2
139,807.28,700.59,805.52
140,803.34,699.86,805.08
141,803.79,699.58,805.29
142,805.09,700.33,805.21
143,805.92,700.08,805.32
144,805.23,700.16,805.56
145,801.75,699.55,806.02
146,804.1,699.37,805.72
147,806.33,700.39,805.33
148,803.48,699.98,806.02
149,805.32,699.88,805.16
150,805.54,700.14,805.59
151,805.93,699.81,805.22
152,806.26,700.36,805.51
153,803.31,699.41,805.27
154,805.02,700.61,804.96
155,805.36,700.0,804.79
156,804.08,699.77,804.86
157,805.0,700.09,805.5
158,805.12,699.88,805.05
159,805.9,699.86,805.58
160,807.86,700.34,805.39
161,803.07,699.23,804.94
162,805.46,699.99,805.5
163,804.6,699.78,805.81
164,805.16,699.62,805.06
165,805.24,699.97,805.2
166,802.98,699.87,805.64
167,804.14,699.94,805.24
168,804.89,699.94,805.5
169,806.33,699.98,805.43
170,806.42,700.21,805.03
171,802.68,699.7,804.93
172,804.95,700.16,805.33
173,804.68,699.74,805.36
174,807.78,700.4,805.63
175,804.64,699.89,805.24
176,801.81,699.29,804.63
177,806.61,700.31,805.64
178,804.43,700.22,805.51
179,804.12,699.74,805.48
180,804.88,700.33,805.59
181,803.84,699.78,804.95
182,807.15,700.06,805.49
183,802.56,699.78,805.32
184,805.74,700.18,805.38
185,805.08,699.91,804.88
186,807.04,700.13,805.53
187,802.22,700.38,805.24
188,807.62,700.24,805.59
189,802.47,699.79,806.1
190,805.83,700.18,805.39
191,806.64,700.37,805.11
192,804.76,699.72,805.68
193,804.64,700.33,805.82
194,806.58,699.98,804.81
195,804.02,700.15,805.42
196,804.07,699.98,805.95
197,806.1,700.0,805.72
198,802.55,699.77,805.98
199,807.52,700.04,805.01
200,803.53,699.82,805.76
201,804.15,700.34,805.23
202,805.92,699.95,805.29
203,805.65,700.36,804.99
204,804.18,699.54,806.04
205,805.75,700.51,805.87
206,806.19,700.16,805.42
207,807.4,699.98,805.48
208,803.01,700.04,805.01
209,805.03,699.91,805.01
210,807.78,700.74,804.92
211,806.13,699.81,804.91
212,805.48,699.85,805.76
213,804.39,699.89,805.46
214,807.02,700.34,805.5
215,803.45,699.81,804.63
216,803.48,699.68,805.6
217,805.85,700.21,805.26
218,805.37,700.16,804.72
219,804.06,699.75,804.79
220,806.93,700.04,805.45
221,803.73,699.45,805.47
222,803.65,699.68,805.34
223,805.63,700.01,805.33
224,805.96,700.24,805.46
225,803.58,699.68,805.21
226,803.71,699.7,805.62
227,804.72,700.0,805.92
228,804.9,700.0,805.58
229,804.12,700.1,805.64
230,805.98,700.16,805.61
231,803.4,699.74,805.67
232,805.42,700.1,805.52
233,805.96,700.08,805.61
234,804.76,699.84,805.15
235,804.85,700.0,805.31
236,804.44,699.86,805.23
237,807.2,700.34,805.44
238,803.26,699.64,805.08
239,804.93,699.7,805.58
240,804.06,699.99,805.0
241,805.18,700.26,805.61
242,805.92,699.66,805.5
243,802.96,699.95,805.57
244,807.02,700.07,805.24
245,804.65,700.22,805.35
246,806.72,700.03,805.45
247,805.65,699.57,805.45
248,803.98,699.63,805.58
249,804.85,700.22,805.56
250,805.59,699.97,805.88
251,802.19,700.06,805.77
252,804.85,699.46,805.07
253,807.39,700.5,805.21
254,804.75,700.14,805.26
255,805.05,699.98,805.47
256,803.43,699.96,805.23
257,806.29,700.1,805.16
258,803.94,699.9,805.87
259,805.12,700.42,805.54
260,806.2,700.02,805.3
261,804.91,699.78,805.42
262,806.98,699.91,805.07
263,803.1,700.05,805.19
264,803.66,699.98,805.73
265,809.01,700.69,805.17
266,805.92,699.75,805.68
267,803.03,699.59,805.38
268,803.55,699.48,804.92
269,806.11,700.14,805.14
270,804.27,699.84,805.21
271,805.09,699.97,805.13
272,803.27,699.77,805.06
273,793.45,688.83,790.23
274,770.78,672.14,773.24
275,775.33,672.48,773.52
276,776.95,677.23,782.35
277,805.04,699.93,805.38
278,806.71,700.12,805.42
279,803.74,700.33,805.27
280,804.24,699.82,805.12
281,808.25,700.34,805.38
282,805.36,700.01,805.73
283,803.49,699.8,805.76
284,806.76,700.1,805.68
285,805.46,700.0,805.47
286,806.09,699.79,805.6
287,805.93,700.24,805.63
288,804.95,700.11,805.29
289,807.13,699.89,805.1
290,803.06,700.32,805.63
291,805.04,699.87,805.49
292,805.49,699.56,805.12
293,802.88,700.25,805.29
294,806.8,700.23,805.82
295,801.84,699.48,805.68
296,806.95,700.4,806.01
297,804.5,699.82,805.6
298,805.01,699.94,805.2
299,806.1,700.47,805.52
300,806.03,700.06,805.65
301,804.04,699.31,805.31
302,809.22,700.3,805.5
303,801.52,699.53,805.32
304,804.39,700.36,805.67
305,805.67,700.25,805.61
306,805.74,699.79,805.04
307,807.09,700.53,805.77
308,805.97,699.9,805.29
309,805.21,700.31,805.22
310,805.39,699.65,805.45
311,800.6,699.87,805.06
312,804.63,700.39,805.39
313,806.73,700.35,805.53
314,805.64,699.95,805.06
315,801.94,700.39,805.54
316,806.27,700.02,805.47
317,804.54,699.89,805.08
318,807.08,699.79,805.6
319,805.28,700.29,805.6
320,803.63,699.9,805.25
321,805.87,699.8,805.07
322,805.5,699.97,805.4
323,807.15,700.17,805.37
324,805.47,699.52,805.26
325,804.01,699.64,805.8
326,803.93,700.46,805.51
327,806.6,700.03,805.09
328,807.08,700.18,805.38
329,802.86,700.25,805.35
330,805.95,700.11,805.83
331,807.06,699.92,805.45
332,803.77,700.18,805.39
333,803.63,699.93,805.81
334,807.31,700.05,805.57
335,804.45,699.92,805.31
336,806.51,700.27,804.77
337,803.38,699.86,805.62
338,806.08,700.24,805.6
339,805.13,700.12,805.86
340,807.51,700.0,804.86
341,804.87,700.2,805.74
342,802.06,699.9,805.48
343,807.61,700.29,805.59
344,803.4,699.94,805.75
345,806.71,700.35,805.14
346,806.31,700.13,805.1
347,804.4,699.71,805.66
348,805.31,699.89,805.2
349,804.45,700.0,805.48
350,805.61,700.0,806.09
351,805.01,699.96,805.14
352,805.49,699.66,805.45
353,805.74,700.14,805.44
354,803.3,699.61,805.34
355,805.17,700.36,805.82
356,804.27,699.9,805.67
357,804.35,699.69,805.3
358,805.73,700.17,805.62
359,805.36,700.01,804.7
360,805.04,699.99,805.95
361,804.56,699.89,805.18
362,808.0,700.28,805.47
363,804.35,699.53,805.44
364,805.1,699.89,804.96
365,802.57,700.05,805.27
366,805.26,700.29,805.64
367,803.93,699.91,805.9
368,805.26,699.92,805.69
369,805.01,700.11,805.38
370,805.05,700.03,804.78
371,805.07,699.92,805.41
372,805.55,699.54,805.45
373,803.83,699.78,805.23
374,806.09,700.38,805.33
375,802.27,699.83,805.48
376,805.57,699.77,805.69
377,805.43,699.84,805.28
378,803.17,700.07,805.29
379,804.61,700.06,805.25
380,804.47,700.09,805.21
381,807.47,699.71,805.62
382,803.93,699.88,805.65
383,805.76,700.2,805.02
384,805.03,700.0,805.66
385,803.26,699.52,805.92
386,697.96,699.99,678.17
387,805.05,699.99,805.38
388,805.05,699.99,805.38
389,805.05,699.99,805.38
390,805.05,699.99,805.38
391,805.05,699.99,805.38
392,805.05,699.99,805.38
393,805.05,699.99,805.38
394,805.05,699.99,805.38
395,805.05,699.99,805.38
396,805.05,699.99,805.38
397,805.05,699.99,805.38
398,805.05,699.99,805.38
399,805.05,699.99,805.38
400,805.05,699.99,805.38
401,552.31,699.99,805.38
402,802.62,699.99,810.01
403,808.38,702.99,805.57
404,806.02,700.03,805.21
405,803.78,699.68,805.54
406,806.5,700.36,805.46
407,805.64,700.29,805.24
408,804.35,700.18,805.29
409,805.5,699.28,805.08
410,805.17,699.77,805.18
411,806.21,700.22,805.22
412,805.66,699.86,805.01
413,805.85,700.2,805.55
414,802.38,699.73,805.59
415,807.05,700.07,805.61
416,805.68,699.91,805.57
417,805.65,700.11,805.32
418,802.81,699.64,805.12
419,809.94,700.59,805.25
420,804.36,699.72,805.48
421,804.82,700.31,805.4
422,805.35,700.02,805.22
423,807.18,700.03,804.99
424,805.09,700.34,805.03
425,802.17,699.71,805.65
426,806.57,700.39,805.74
427,805.34,699.61,805.24
428,805.49,699.86,805.11
429,804.01,699.83,805.43
430,806.52,700.23,805.49
431,806.02,699.74,805.8
432,805.08,700.13,804.87
433,805.48,700.29,805.35
434,803.73,700.61,805.26
435,806.35,700.06,805.19
436,805.26,699.83,805.9
437,804.79,700.06,805.65
438,807.37,700.13,805.75
439,806.85,700.19,805.41
440,805.51,700.53,805.5
441,804.84,700.01,805.28
442,805.01,700.28,805.47
443,805.61,699.67,805.37
444,805.47,699.82,805.24
445,804.25,700.08,804.93
446,805.57,700.21,805.26
447,802.6,699.48,805.09
448,805.85,700.51,805.67
449,788.61,699.99,769.28
450,805.05,699.99,805.38
451,805.05,699.99,805.38
452,805.05,699.99,805.38
453,805.05,699.99,805.38
454,805.05,699.99,805.38
455,805.05,699.99,805.38
456,805.05,699.99,805.38
457,805.05,699.99,805.38
458,805.05,699.99,805.38
459,805.05,699.99,805.38
460,805.05,699.99,805.38
461,805.05,699.99,805.38
462,805.05,699.99,805.38
463,805.05,699.99,805.38
464,805.05,699.99,805.38
465,805.05,699.99,805.38
466,805.05,699.99,805.38
467,805.05,699.99,805.38
468,805.05,699.99,805.38
469,805.05,699.99,805.38
470,805.05,699.99,805.38
471,805.05,699.99,805.38
472,805.05,699.99,805.38
473,805.05,699.99,805.38
474,805.05,699.99,805.38
475,805.05,699.99,805.38
476,805.05,699.99,805.38
477,805.05,699.99,805.38
478,805.05,699.99,805.38
479,805.05,699.99,805.38
480,805.05,699.99,805.38
481,805.05,699.99,805.38
482,805.05,699.99,805.38
483,805.05,699.99,805.38
484,805.05,699.99,805.38
485,805.05,699.99,805.38
486,805.05,699.99,805.38
487,805.05,699.99,805.38
488,805.05,699.99,805.38
489,805.05,699.99,805.38
490,805.05,699.99,805.38
491,805.05,699.99,805.38
492,805.05,699.99,805.38
493,805.05,699.99,805.38
494,805.05,699.99,805.38
495,805.05,699.99,805.38
496,805.05,699.99,805.38
497,805.05,699.99,805.38
498,805.05,699.99,805.38
499,559.82,699.99,805.38
500,806.19,699.99,805.01
501,803.57,428.46,809.01
502,803.91,699.08,805.21
503,805.29,700.29,805.58
504,806.47,699.95,805.56
505,805.27,699.49,805.05
506,805.72,699.89,805.1
507,807.33,700.23,805.14
508,803.58,699.27,805.52
509,805.75,700.12,805.57
510,806.38,699.9,805.35
511,805.09,700.04,805.23
512,804.79,700.04,805.21
513,805.37,699.59,805.13
514,807.72,699.95,805.16
515,804.78,700.57,805.18
516,803.91,699.92,805.27
517,805.1,700.43,805.47
518,808.17,700.06,805.5
519,804.14,699.33,805.32
520,806.41,700.01,805.56
521,805.36,699.79,805.72
522,805.33,699.83,805.02
523,805.34,700.25,805.35
524,803.67,699.85,805.44
525,805.76,700.07,805.62
526,808.37,700.34,805.37
527,806.34,699.81,805.58
528,804.18,699.67,805.01
529,802.84,699.92,805.59
530,805.98,699.98,805.3
531,805.96,700.23,805.31
532,806.28,700.15,805.34
533,805.71,700.01,804.96
534,805.99,700.1,805.34
535,805.49,699.58,805.86
536,806.47,700.2,805.22
537,803.57,699.79,805.37
538,807.31,700.32,805.65
539,804.24,699.99,805.49
540,804.49,699.66,805.37
541,804.99,700.35,805.04
542,806.89,699.46,805.25
543,804.99,699.75,805.19
544,805.33,699.97,805.53
545,805.07,699.77,805.63
546,806.93,700.04,805.49
547,803.57,699.48,805.6
548,808.2,700.65,805.52
549,805.05,699.83,805.57
550,804.58,699.97,805.58
551,805.09,699.67,805.03
552,806.66,700.36,805.69
553,804.7,699.78,804.99
554,805.81,700.0,805.22
555,805.24,700.1,805.22
556,803.07,699.79,805.04
557,804.17,699.74,805.78
558,806.16,700.61,805.78
559,803.82,699.97,805.55
560,806.06,700.23,805.1
561,805.42,700.59,805.26
562,803.3,699.9,805.49
563,807.16,699.8,804.97
564,804.17,700.23,804.95
565,804.22,699.94,805.54
566,804.8,699.85,804.95
567,806.21,700.23,805.16
568,803.45,699.77,805.35
569,804.02,699.65,805.52
570,806.23,699.83,805.4
571,804.25,700.01,805.64
572,804.05,700.11,805.51
573,807.02,700.03,805.06
574,802.71,699.75,805.91
575,804.61,700.01,805.24
576,806.24,699.95,805.44
577,804.11,700.12,804.95
578,803.6,699.98,805.58
579,807.04,699.89,805.2
580,804.75,700.39,805.72
581,802.77,699.38,805.46
582,804.26,700.18,805.21
583,807.2,699.58,805.28
584,805.12,699.82,804.74
585,807.42,699.92,805.79
586,805.48,699.83,805.98
587,805.13,700.12,805.19
588,805.29,699.82,805.32
589,802.87,699.9,805.0
590,806.38,699.73,805.39
591,803.58,700.13,805.25
592,805.78,699.61,805.3
593,807.37,700.08,805.72
594,802.92,699.84,805.17
595,805.38,699.76,804.9
596,806.53,700.14,805.34
597,803.56,700.14,805.62
598,803.27,699.81,805.45
599,805.11,700.38,805.41
600,806.62,700.04,805.77
601,805.05,700.04,805.7
602,803.32,700.07,805.48
603,807.02,700.11,805.45
604,802.91,699.53,805.29
605,806.07,700.38,804.78
606,802.96,699.84,805.39
607,805.2,699.85,805.51
608,806.87,700.11,805.48
609,806.6,700.1,805.43
610,804.5,699.76,805.26
611,807.9,699.89,805.35
612,804.55,699.9,805.26
613,804.22,699.99,805.02
614,805.41,699.91,805.71
615,804.3,699.98,805.4
616,805.23,699.8,805.84
617,805.4,699.4,805.42
618,806.05,700.0,805.56
619,805.26,700.29,805.46
620,805.96,700.54,805.2
621,804.09,699.5,805.24
622,805.36,699.95,805.35
623,805.09,700.06,805.4
624,807.59,699.57,805.71
625,802.58,699.63,805.43
626,807.8,700.68,805.6
627,804.09,700.15,805.72
628,805.7,699.89,805.41
629,802.67,699.93,805.05
630,808.53,700.16,805.35
631,804.96,699.68,805.04
632,803.47,699.94,805.45
633,805.18,700.14,805.5
634,804.98,700.32,805.16
635,802.7,699.72,805.27
636,806.35,700.07,805.36
637,803.89,700.07,805.29
638,806.19,699.99,805.36
639,804.66,699.4,805.41
640,802.62,699.57,805.22
641,805.09,699.58,805.96
642,804.83,699.98,805.18
643,806.26,700.14,805.22
644,804.28,700.16,805.72
645,805.06,699.94,805.61
646,804.69,700.21,805.52
647,803.75,699.75,805.8
648,804.87,700.17,805.24
649,804.63,700.04,805.34
650,803.55,699.85,805.51
651,808.66,700.59,805.91
652,803.64,699.72,805.54
653,806.78,700.11,805.06
654,805.08,700.31,804.96
655,804.06,699.49,805.63
656,806.69,700.36,804.97
657,803.82,699.68,805.29
658,802.54,700.27,805.27
659,806.95,700.21,805.07
660,804.87,699.84,805.19
661,803.05,699.76,805.35
662,805.12,700.25,805.65
663,805.79,700.22,805.27
664,804.46,700.07,805.56
665,803.15,700.01,805.08
666,805.5,700.23,805.27
667,806.05,700.14,805.55
668,807.05,699.92,805.15
669,803.76,699.69,805.52
670,804.62,700.09,805.59
671,806.46,700.23,805.11
672,803.91,699.94,805.83
673,806.21,699.85,805.65
674,806.36,700.16,805.37
675,804.02,700.41,805.02
676,805.62,699.53,805.31
677,804.98,700.39,805.24
678,805.32,700.05,805.68
679,803.46,700.01,805.22
680,806.93,700.3,805.34
681,803.19,699.8,805.11
682,805.04,699.89,805.49
683,805.46,700.0,805.89
684,803.22,699.75,805.29
685,809.93,700.23,804.91
686,804.07,700.04,805.24
687,806.27,699.66,805.79
688,802.99,700.14,805.37
689,806.17,700.27,805.51
690,804.01,699.93,805.54
691,807.89,700.67,805.01
692,802.76,699.86,805.13
693,805.3,700.04,805.08
694,807.06,700.71,805.47
695,803.18,699.58,805.63
696,805.39,700.12,805.5
697,805.69,700.46,805.21
698,806.1,699.58,805.39
699,804.94,700.01,805.05
700,805.71,699.9,805.61
701,805.93,699.94,805.45
702,805.2,699.48,805.09
703,807.14,700.22,805.53
704,804.66,700.24,805.53
705,804.37,700.16,805.42
706,802.65,699.65,805.16
707,806.21,700.16,805.1
708,804.51,699.82,804.88
709,805.93,699.94,805.04
710,805.3,700.53,805.07
711,806.22,700.01,805.44
712,805.95,699.96,805.0
713,805.29,700.11,805.4
714,805.43,700.12,805.37
715,805.17,700.02,805.51
716,804.68,699.89,805.65
717,804.41,699.76,805.25
718,807.25,700.04,805.38
719,805.43,699.98,805.29
720,802.62,699.53,805.09
721,805.3,700.58,805.57
722,806.14,700.24,805.56
723,803.8,699.86,805.34
724,806.31,700.05,805.04
725,806.15,700.23,805.25
726,802.61,700.04,805.38
727,807.58,700.2,805.48
728,805.83,699.95,805.49
729,805.53,699.89,805.28
730,804.64,699.94,805.6
731,806.52,699.69,805.45
732,803.28,699.62,805.53
733,807.22,700.43,805.58
734,804.03,700.31,805.05
735,805.08,700.15,805.75
736,805.14,700.18,805.45
737,807.31,700.27,805.77
738,805.56,699.24,805.45
739,807.24,701.03,805.28
740,803.67,699.91,805.52
741,805.61,699.82,805.39
742,805.37,699.52,805.23
743,803.33,699.77,805.32
744,805.27,699.87,805.53
745,805.75,700.36,805.3
746,804.54,699.99,805.53
747,805.67,699.9,805.24
748,803.08,699.31,805.68
749,805.1,700.15,805.07
750,805.4,700.08,805.52
751,804.55,700.12,805.23
752,805.65,699.97,805.46
753,803.93,699.63,805.22
754,805.35,700.14,805.46
755,806.29,700.2,805.15
756,804.98,700.08,804.98
757,806.14,699.88,805.42
758,804.75,699.8,805.34
759,805.51,700.42,805.66
760,803.66,699.58,805.4
761,805.9,699.92,805.86
762,803.97,700.25,805.52
763,804.99,700.57,805.69
764,804.35,699.55,805.87
765,805.07,699.96,805.42
766,804.06,699.86,805.6
767,807.39,700.33,805.02
768,803.46,699.79,805.56
769,804.61,700.31,805.15
770,804.87,700.22,805.71
771,804.4,699.7,805.0
772,803.89,700.0,804.87
773,807.59,700.54,805.43
774,804.86,700.02,804.97
775,803.61,699.99,805.31
776,804.9,700.0,804.9
777,805.24,700.05,805.14
778,805.11,700.32,805.18
779,805.45,699.68,805.13
780,804.54,699.82,805.41
781,807.44,699.99,805.44
782,806.13,700.06,804.53
783,804.93,700.07,805.28
784,802.73,700.07,805.38
785,804.23,699.85,805.45
786,804.78,700.62,805.59
787,805.7,699.71,805.47
788,805.63,699.73,805.79
789,805.68,699.66,805.57
790,805.98,699.75,805.39
791,807.74,699.86,805.44
792,806.11,699.89,805.65
793,803.78,699.9,805.52
794,805.15,699.78,804.96
795,803.36,699.76,805.14
796,806.23,700.06,805.31
797,803.9,699.83,805.15
798,691.13,699.99,661.99
799,805.05,699.99,805.38
800,805.05,699.99,805.38
801,805.05,699.99,805.38
802,805.05,699.99,805.38
803,805.05,699.99,805.38
804,805.05,699.99,805.38
805,805.05,699.99,805.38
806,805.05,699.99,805.38
807,805.05,699.99,805.38
808,805.05,699.99,805.38
809,805.05,699.99,805.38
810,805.05,699.99,805.38
811,805.05,699.99,805.38
812,805.05,699.99,805.38
813,805.05,699.99,805.38
814,805.05,699.99,805.38
815,805.05,699.99,805.38
816,805.05,699.99,805.38
817,805.05,699.99,805.38
818,805.05,699.99,805.38
819,805.05,699.99,805.38
820,805.05,699.99,805.38
821,805.05,699.99,805.38
822,805.05,699.99,805.38
823,805.05,699.99,805.38
824,805.05,699.99,805.38
825,805.05,699.99,805.38
826,805.05,699.99,805.38
827,805.05,699.99,805.38
828,805.05,699.99,805.38
829,805.05,699.99,805.38
830,805.05,699.99,805.38
831,805.05,699.99,805.38
832,805.05,699.99,805.38
833,805.05,699.99,805.38
834,805.05,699.99,805.38
835,805.05,699.99,805.38
836,805.05,699.99,805.38
837,805.05,699.99,805.38
838,805.05,699.99,805.38
839,805.05,699.99,805.38
840,805.05,699.99,805.38
841,805.05,699.99,805.38
842,805.05,699.99,805.38
843,805.05,699.99,805.38
844,805.05,699.99,805.38
845,805.05,699.99,805.38
846,805.05,699.99,805.38
847,805.05,699.99,805.38
848,805.05,699.99,805.38
849,805.05,699.99,805.38
850,805.05,699.99,805.38
851,805.05,699.99,805.38
852,805.05,699.99,805.38
853,805.05,699.99,805.38
854,805.05,699.99,805.38
855,805.05,699.99,805.38
856,805.05,699.99,805.38
857,805.05,699.99,805.38
858,805.05,699.99,805.38
859,805.05,699.99,805.38
860,805.05,699.99,805.38
861,805.05,699.99,805.38
862,805.05,699.99,805.38
863,805.05,699.99,805.38
864,805.05,699.99,805.38
865,805.05,699.99,805.38
866,805.05,699.99,805.38
867,805.05,699.99,805.38
868,805.05,699.99,805.38
869,805.05,699.99,805.38
870,805.05,699.99,805.38
871,805.05,699.99,805.38
872,805.05,699.99,805.38
873,805.05,699.99,805.38
874,805.05,699.99,805.38
875,805.05,699.99,805.38
876,805.05,699.99,805.38
877,805.05,699.99,805.38
878,805.05,699.99,805.38
879,805.05,699.99,805.38
880,805.05,699.99,805.38
881,805.05,699.99,805.38
882,805.05,699.99,805.38
883,805.05,699.99,805.38
884,805.05,699.99,805.38
885,805.05,699.99,805.38
886,805.05,699.99,805.38
887,805.05,699.99,805.38
888,805.05,699.99,805.38
889,805.05,699.99,805.38
890,805.05,699.99,805.38
891,805.05,699.99,805.38
892,805.05,699.99,805.38
893,805.05,699.99,805.38
894,805.05,699.99,805.38
895,805.05,699.99,805.38
896,805.05,699.99,805.38
897,805.05,699.99,805.38
898,805.05,699.99,805.38
899,805.05,699.99,805.38
900,805.05,699.99,805.38
901,805.05,699.99,805.38
902,805.05,699.99,805.38
903,805.05,699.99,805.38
904,805.05,699.99,805.38
905,805.05,699.99,805.38
906,805.05,699.99,805.38
907,805.05,699.99,805.38
908,805.05,699.99,805.38
909,805.05,699.99,805.38
910,805.05,699.99,805.38
911,805.05,699.99,805.38
912,805.05,699.99,805.38
913,805.05,699.99,805.38
914,805.05,699.99,805.38
915,805.05,699.99,805.38
916,805.05,699.99,805.38
917,805.05,699.99,805.38
918,805.05,699.99,805.38
919,805.05,699.99,805.38
920,805.05,699.99,805.38
921,805.05,699.99,805.38
922,805.05,699.99,805.38
923,805.05,699.99,805.38
924,805.05,699.99,805.38
925,805.05,699.99,805.38
926,805.05,699.99,805.38
927,805.05,699.99,805.38
928,805.05,699.99,805.38
929,805.05,699.99,805.38
930,805.05,699.99,805.38
931,805.05,699.99,805.38
932,805.05,699.99,805.38
933,805.05,699.99,805.38
934,805.05,699.99,805.38
935,805.05,699.99,805.38
936,805.05,699.99,805.38
937,805.05,699.99,805.38
938,805.05,699.99,805.38
939,805.05,699.99,805.38
940,805.05,699.99,805.38
941,805.05,699.99,805.38
942,805.05,699.99,805.38
943,805.05,699.99,805.38
944,805.05,699.99,805.38
945,805.05,699.99,805.38
946,805.05,699.99,805.38
947,805.05,699.99,805.38
948,805.05,699.99,805.38
949,805.05,699.99,805.38
950,803.13,699.99,741.58
951,800.83,445.28,813.03
952,804.83,700.26,805.66
953,804.71,700.07,804.99
954,804.48,699.61,804.98
955,807.96,699.81,805.55
956,803.97,699.33,805.38
957,804.67,699.92,805.47
958,807.06,700.4,805.09
959,804.19,699.74,805.06
960,805.59,700.07,805.67
961,804.4,699.91,805.52
962,806.38,700.21,805.24
963,805.66,700.76,805.28
964,804.77,700.4,805.74
965,806.58,700.01,805.47
966,801.71,699.94,805.58
967,807.2,700.27,805.83
968,805.97,699.55,805.69
969,803.09,699.64,805.3
970,806.13,700.63,805.03
971,803.92,699.83,804.99
972,805.86,699.67,805.32
973,805.31,699.97,805.34
974,805.66,699.8,805.77
975,805.63,700.14,805.58
976,807.36,700.01,805.43
977,803.58,700.45,805.25
978,807.25,699.78,805.4
979,805.47,700.25,805.36
980,803.76,699.66,805.58
981,809.1,700.4,805.42
982,805.56,700.12,805.43
983,804.03,699.94,805.05
984,806.49,700.18,805.4
985,804.48,699.8,805.38
986,807.01,700.09,805.66
987,803.06,699.98,805.53
988,806.34,700.68,805.58
989,804.55,699.87,805.33
990,806.1,700.13,804.85
991,804.29,699.7,805.29
992,804.44,700.05,805.66
993,804.21,699.94,805.21
994,806.03,700.21,805.12
995,804.58,700.34,805.45
996,805.69,699.49,805.11
997,806.17,700.49,805.55
998,806.16,699.99,805.17
999,806.0,700.22,805.05
1000,803.95,699.88,805.25
1001,806.17,700.54,805.31
1002,804.29,699.43,805.31
1003,804.82,700.11,804.9
1004,806.51,699.92,805.44
1005,803.38,699.42,805.44
1006,806.82,700.28,805.05
1007,803.42,699.97,805.56
1008,807.12,699.86,805.65
1009,803.56,699.58,804.83
1010,804.47,700.19,805.1
1011,805.9,700.22,805.74
1012,806.06,700.27,805.4
1013,803.41,699.58,805.39
1014,804.47,700.16,805.31
1015,804.37,699.63,805.36
1016,804.9,700.37,805.73
1017,805.81,699.79,805.8
1018,805.08,699.97,804.96
1019,805.02,699.69,805.45
1020,805.3,700.31,805.32
1021,804.09,700.66,805.41
1022,805.2,700.28,805.29
1023,806.09,700.28,805.35
1024,804.01,699.89,805.68
1025,805.86,700.39,805.71
1026,806.96,699.13,805.21
1027,803.28,700.07,805.45
1028,806.39,699.68,805.32
1029,805.12,699.68,805.15
1030,804.34,699.59,805.32
1031,805.58,700.31,805.19
1032,804.74,700.23,805.67
1033,804.28,699.97,805.26
1034,804.3,699.75,805.5
1035,805.52,699.91,805.46
1036,806.31,699.79,805.34
1037,803.72,699.63,805.05
1038,804.04,699.98,805.36
1039,807.48,700.35,805.38
1040,805.73,700.03,805.75
1041,802.52,699.64,805.34
1042,805.01,700.1,805.48
1043,806.24,700.38,805.1
1044,805.93,700.15,805.23
1045,804.36,699.9,805.12
1046,804.18,699.75,805.28
1047,805.88,700.36,805.33
1048,805.43,699.81,805.26
1049,803.68,700.03,805.42
1050,805.63,700.39,805.35
1051,804.74,700.16,805.26
1052,805.64,700.33,805.04
1053,804.12,699.51,805.48
1054,805.87,700.34,805.77
1055,805.76,700.07,805.13
1056,804.77,700.15,805.59
1057,804.99,699.83,805.5
1058,805.56,699.89,805.6
1059,805.16,700.02,805.74
1060,805.27,700.21,805.73
1061,804.32,699.53,805.79
1062,803.06,699.77,805.38
1063,809.05,700.44,805.75
1064,803.22,699.56,805.36
1065,804.65,699.78,805.77
1066,805.64,700.69,805.21
1067,805.69,699.69,805.34
1068,804.75,700.02,805.33
1069,805.43,699.66,805.6
1070,806.03,699.95,805.35
1071,805.96,700.2,805.31
1072,806.5,700.05,804.84
1073,804.71,699.85,805.47
1074,807.53,699.95,805.44
1075,805.1,699.89,805.4
1076,805.59,700.02,805.39
1077,806.04,700.04,805.71
1078,803.53,700.26,805.38
1079,806.29,700.18,805.52
1080,805.06,700.1,805.67
1081,806.83,699.81,805.74
1082,802.87,700.29,805.61
1083,805.37,699.78,805.29
1084,804.95,700.35,805.4
1085,806.46,700.38,806.04
1086,803.33,699.62,805.34
1087,804.83,700.2,805.24
1088,803.51,699.58,805.37
1089,806.15,699.58,805.37
1090,805.71,700.76,805.12
1091,805.11,699.85,805.42
1092,802.87,700.09,805.74
1093,806.44,700.12,805.32
1094,804.86,699.63,805.35
1095,804.11,700.15,805.62
1096,805.05,700.16,805.0
1097,804.47,700.12,805.37
1098,806.15,699.88,805.31
1099,805.58,700.19,805.35
1100,805.16,700.01,805.12
1101,804.14,699.95,805.62
1102,804.68,700.28,805.33
1103,805.7,700.14,805.27
1104,805.15,700.04,805.44
1105,805.51,700.03,805.69
1106,802.56,699.92,805.01
1107,807.63,700.36,805.83
1108,805.27,699.96,804.86
1109,803.66,700.04,805.63
1110,804.21,700.14,805.47
1111,805.62,700.13,805.37
1112,805.89,700.09,805.44
1113,803.34,700.23,805.57
1114,804.54,700.43,805.28
1115,806.64,700.07,805.44
1116,808.33,700.39,805.33
1117,803.56,699.75,805.18
1118,805.0,700.28,805.61
1119,805.25,699.78,805.21
1120,803.89,700.09,805.43
1121,807.02,700.17,805.24
1122,803.19,699.99,805.69
1123,805.24,699.91,805.26
1124,803.12,699.83,805.28
1125,805.6,700.29,805.6
1126,805.14,700.17,805.29
1127,805.71,700.04,805.85
1128,803.12,699.66,805.69
1129,803.88,699.99,804.99
1130,806.06,700.54,805.69
1131,802.45,699.87,805.61
1132,807.31,700.47,805.38
1133,805.33,699.97,805.35
1134,803.19,699.81,805.01
1135,807.09,700.36,805.5
1136,802.49,699.74,805.12
1137,806.04,700.44,805.12
1138,806.21,700.68,805.16
1139,804.75,700.31,805.12
1140,804.52,699.95,805.33
1141,806.34,700.05,805.36
1142,804.7,700.15,805.63
1143,805.8,699.85,805.4
1144,804.03,699.26,805.31
1145,805.26,700.06,805.57
1146,804.95,699.89,805.04
1147,804.53,699.88,805.4
1148,805.24,699.24,804.55
1149,805.09,700.04,805.5
1150,805.53,699.5,805.12
1151,807.01,699.63,805.15
1152,803.32,699.62,804.84
1153,803.87,699.87,805.57
1154,805.03,700.35,805.09
1155,805.36,700.15,805.51
1156,804.62,699.69,805.7
1157,804.41,699.73,805.7
1158,806.88,699.93,805.74
1159,805.05,699.97,805.32
1160,805.3,699.69,805.45
1161,806.12,699.96,805.55
1162,803.12,699.89,805.58
1163,806.39,699.94,805.64
1164,804.86,699.89,805.22
1165,804.99,700.26,805.49
1166,803.26,699.72,805.54
1167,806.07,700.26,805.13
1168,805.38,699.83,805.42
1169,805.62,700.26,804.87
1170,803.41,699.56,805.5
1171,804.58,700.23,805.16
1172,805.31,700.27,805.12
1173,803.89,699.78,805.23
1174,805.85,700.23,805.09
1175,805.63,699.83,805.55
1176,803.96,699.64,805.88
1177,803.38,700.03,805.44
1178,805.28,700.28,805.46
1179,802.16,699.79,805.35
1180,807.45,699.58,805.3
1181,805.27,699.9,805.51
1182,806.6,700.12,805.28
1183,805.55,699.73,805.78
1184,804.97,700.41,805.28
1185,805.33,700.22,805.46
1186,804.28,700.18,805.31
1187,806.77,700.01,805.15
1188,803.82,698.8,805.43
1189,807.06,701.2,805.41
1190,805.33,701.09,804.97
1191,804.17,699.98,805.94
1192,806.95,700.16,804.93
1193,804.71,699.86,805.21
1194,806.01,699.79,805.57
1195,804.85,699.78,805.19
1196,804.96,699.8,805.64
1197,804.66,699.95,804.91
1198,804.56,700.1,805.44
1199,803.6,699.67,805.61
1200,805.78,699.81,805.22
1201,804.0,700.22,805.09
1202,805.84,700.13,805.7
1203,807.1,700.28,805.07
1204,804.19,699.68,804.84
1205,805.93,699.93,805.49
1206,805.2,699.9,805.38
1207,804.49,699.54,804.99
1208,805.22,700.01,804.84
1209,805.83,699.87,805.51
1210,804.39,700.08,805.06
1211,805.78,699.79,805.59
1212,805.94,700.17,805.72
1213,805.26,700.37,805.29
1214,804.01,699.73,805.06
1215,802.79,699.84,805.6
1216,804.63,700.42,805.23
1217,805.92,699.84,805.12
1218,802.38,700.19,805.04
1219,808.04,699.37,805.45
1220,805.26,700.64,805.29
1221,805.39,699.69,805.21
1222,802.84,699.7,805.23
1223,804.28,700.11,805.45
1224,807.97,700.52,805.2
1225,804.77,699.88,805.43
1226,804.81,699.71,805.2
1227,802.73,700.17,805.25
1228,804.69,700.03,805.57
1229,807.66,699.78,804.99
1230,804.65,699.62,805.21
1231,807.55,700.11,805.34
1232,803.68,699.99,805.51
1233,803.41,699.78,805.66
1234,805.24,700.1,804.96
1235,805.7,699.81,805.16
1236,805.92,700.04,805.69
1237,804.43,699.65,805.59
1238,804.28,700.12,805.68
1239,804.98,699.9,804.9
1240,803.3,699.72,805.25
1241,804.03,699.9,805.09
1242,805.35,700.18,805.46
1243,806.89,700.34,805.3
1244,804.56,699.96,805.65
1245,804.05,700.02,805.08
1246,805.63,699.95,805.71
1247,804.48,700.3,805.12
1248,804.18,699.78,804.9
1249,804.71,699.91,804.73
1250,804.19,700.01,805.2
1251,804.85,700.02,805.31
1252,803.52,699.93,805.35
1253,807.27,700.11,805.37
1254,804.54,699.87,805.75
1255,803.76,700.1,805.58
1256,804.84,700.09,805.13
1257,807.35,700.16,805.28
1258,805.13,700.22,805.13
1259,806.03,700.1,805.49
1260,804.36,700.16,805.86
1261,803.81,699.74,805.87
1262,804.44,700.14,805.41
1263,806.87,700.23,805.53
1264,805.26,700.63,805.3
1265,805.75,700.06,805.3
1266,804.77,700.37,805.35
1267,803.97,699.81,805.25
1268,805.08,700.15,805.53
1269,802.48,700.17,805.43
1270,805.87,699.75,805.53
1271,805.45,699.78,805.09
1272,804.06,700.3,805.5
1273,805.09,699.88,805.35
1274,805.33,699.99,805.19
1275,805.47,699.67,805.34
1276,805.46,700.03,805.24
1277,805.16,700.51,805.64
1278,804.13,699.73,805.48
1279,806.19,700.16,805.87
1280,801.78,700.07,805.66
1281,808.52,700.25,805.21
1282,803.51,699.75,805.35
1283,804.27,700.02,805.71
1284,804.5,699.89,805.27
1285,806.3,700.2,805.37
1286,804.32,700.05,805.18
1287,805.81,700.01,805.52
1288,805.0,699.84,805.16
1289,804.49,699.91,805.55
1290,805.07,700.14,805.61
1291,803.75,700.04,805.35
1292,804.91,699.92,805.07
1293,805.97,700.07,805.56
1294,803.85,699.75,805.15
1295,805.1,700.23,805.64
1296,805.71,700.15,805.52
1297,803.04,699.99,805.55
1298,807.78,700.1,805.0
1299,804.32,699.94,805.26
1300,803.6,699.92,805.36
1301,805.25,699.53,805.32
1302,804.91,699.78,805.74
1303,806.95,699.84,805.16
1304,802.38,700.02,805.23
1305,806.35,700.54,805.8
1306,804.82,699.99,805.41
1307,803.35,700.16,805.35
1308,807.58,700.3,805.28
1309,804.18,699.72,805.36
1310,805.16,699.89,805.31
1311,803.3,700.06,805.12
1312,804.21,700.04,805.22
1313,805.44,700.3,805.49
1314,804.32,700.13,805.48
1315,807.03,699.79,805.37
1316,804.87,699.93,805.19
1317,807.66,699.97,805.13
1318,803.56,699.8,805.47
1319,804.17,699.8,805.58
1320,807.33,700.0,805.17
1321,802.88,699.27,805.5
1322,805.59,699.97,805.4
1323,806.0,699.82,805.55
1324,806.98,700.55,805.29
1325,804.85,699.69,805.73
1326,802.49,700.09,805.5
1327,803.34,699.82,805.17
1328,804.76,700.12,805.38
1329,802.67,700.01,805.29
1330,808.03,700.0,805.11
1331,801.77,699.44,805.82
1332,805.51,700.05,805.38
1333,807.35,700.53,805.56
1334,803.68,699.67,805.56
1335,805.85,700.13,805.12
1336,802.49,699.95,805.47
1337,805.32,700.01,805.41
1338,803.21,699.66,805.58
1339,805.64,700.08,805.75
1340,805.21,699.92,805.6
1341,805.71,700.05,805.41
1342,804.48,700.29,805.29
1343,804.85,700.03,805.28
1344,805.06,699.98,805.61
1345,805.17,699.86,805.4
1346,804.56,699.96,805.57
1347,805.8,699.7,805.4
1348,802.52,700.14,805.54
1349,807.78,700.15,805.42
1350,804.4,699.94,805.55
1351,805.56,700.38,805.64
1352,804.77,699.93,805.32
1353,803.58,699.85,805.42
1354,803.9,700.01,805.5
1355,804.4,699.79,805.31
1356,804.54,699.62,805.18
1357,803.69,699.67,805.2
1358,805.44,700.32,805.31
1359,804.56,699.61,805.52
1360,806.16,700.52,805.48
1361,803.87,699.8,805.27
1362,806.87,700.05,805.47
1363,803.06,699.91,805.01
1364,805.29,699.85,805.87
1365,805.66,700.02,805.74
1366,805.03,700.37,805.27
1367,805.85,700.0,805.37
1368,802.9,699.97,805.03
1369,807.04,700.37,805.15
1370,805.33,700.18,805.25
1371,806.12,700.19,805.06
1372,802.02,699.44,805.82
1373,807.36,700.09,805.98
1374,805.2,700.12,805.14
1375,803.32,699.74,804.89
1376,805.09,699.92,805.34
1377,805.88,700.19,805.32
1378,804.7,700.13,805.48
1379,807.12,700.09,805.28
1380,806.36,699.82,805.55
1381,804.7,699.58,805.02
1382,805.46,699.98,805.2
1383,804.99,700.3,805.58
1384,803.28,699.49,805.01
1385,804.94,699.23,805.08
1386,805.69,700.92,805.1
1387,803.29,699.81,805.45
1388,805.87,699.88,805.44
1389,807.39,700.31,804.99
1390,804.53,699.76,805.27
1391,804.37,700.15,805.68
1392,805.63,700.51,805.33
1393,805.45,700.08,805.34
1394,802.12,699.51,805.08
1395,806.34,699.85,804.99
1396,804.0,700.34,805.62
1397,805.27,699.83,805.25
1398,806.31,700.14,804.96
1399,805.08,700.41,805.46
1400,806.87,700.21,805.68
1401,804.45,699.78,805.56
1402,805.66,700.12,805.31
1403,806.39,699.97,805.36
1404,801.58,699.98,805.3
1405,805.13,699.84,805.37
1406,806.15,700.08,805.23
1407,802.48,699.9,805.47
1408,805.02,700.21,805.36
1409,807.05,700.23,805.13
1410,805.19,700.03,805.51
1411,805.0,700.05,805.34
1412,805.42,700.01,805.34
1413,804.07,699.88,804.97
1414,805.05,700.07,805.45
1415,804.08,700.21,805.66
1416,803.63,699.5,805.72
1417,804.06,700.4,805.44
1418,804.34,700.11,805.24
1419,805.19,700.07,805.06
1420,806.2,700.28,805.67
1421,790.29,688.16,791.57
1422,804.68,699.82,805.2
1423,805.64,700.11,805.52
1424,803.34,699.43,805.49
1425,806.29,700.35,805.14
1426,802.86,699.95,804.94
1427,804.34,699.69,805.0
1428,804.14,699.74,805.45
1429,807.03,700.65,805.42
1430,803.94,700.12,804.97
1431,806.22,700.38,805.44
1432,806.13,700.03,805.29
1433,802.03,699.77,805.38
1434,807.11,700.32,805.17
1435,803.13,699.83,805.41
1436,804.0,700.17,805.49
1437,803.37,700.21,805.46
1438,805.02,700.12,805.14
1439,805.31,700.1,805.4
1440,800.34,699.78,805.21
1441,805.57,699.81,805.19
1442,804.47,700.22,805.26
1443,805.08,699.99,805.42
1444,807.69,699.94,805.56
1445,804.79,699.85,805.28
1446,804.64,700.26,805.44
1447,804.63,699.76,805.42
1448,803.86,699.76,805.24
1449,805.17,700.03,805.07
1450,805.4,700.38,805.43
1451,804.52,699.57,805.57
1452,802.55,700.22,805.35
1453,808.05,699.98,805.41
1454,803.65,700.06,805.25
1455,803.33,699.6,805.54
1456,806.87,699.91,805.08
1457,804.36,700.1,805.05
1458,807.13,700.6,805.42
1459,803.23,699.66,805.47
1460,803.23,699.67,805.51
1461,802.89,699.76,804.96
1462,806.32,700.12,805.09
1463,806.4,700.05,805.58
1464,803.25,699.97,805.44
1465,807.33,700.26,805.53
1466,804.63,699.9,804.95
1467,804.69,699.93,805.31
1468,803.47,699.94,805.42
1469,806.32,700.38,805.27
1470,805.79,699.45,805.24
1471,805.2,699.83,805.25
1472,804.6,699.31,805.27
1473,805.85,700.07,805.36
1474,803.41,699.45,805.02
1475,804.37,700.04,805.17
1476,806.58,700.36,805.35
1477,805.05,699.99,805.38
1478,784.45,699.99,506.91
1479,803.62,699.99,811.37
1480,807.08,700.53,804.72
1481,803.6,699.6,804.83
1482,805.42,700.62,805.39
1483,806.95,700.18,805.9
1484,803.03,700.12,805.41
1485,803.79,700.07,804.94
1486,808.11,699.54,805.51
1487,804.19,700.59,805.54
1488,804.11,699.93,805.5
1489,805.07,700.04,805.11
1490,807.49,700.31,805.5
1491,803.51,699.95,805.22
1492,805.11,699.68,805.77
1493,803.02,699.59,805.27
1494,806.76,700.24,805.19
1495,802.92,700.12,805.52
1496,807.19,700.06,805.21
1497,805.49,700.09,805.24
1498,803.82,699.78,805.11
1499,806.39,700.35,805.57
1500,805.38,700.36,805.72
1501,802.79,699.84,805.24
1502,805.01,700.31,805.58
1503,805.17,700.0,805.3
1504,807.17,700.34,805.58
1505,806.25,700.46,805.22
1506,805.0,699.84,805.13
1507,804.81,699.91,805.47
1508,803.58,699.74,805.05
1509,804.03,700.41,805.66
1510,806.52,700.64,804.95
1511,803.41,699.76,805.34
1512,805.11,699.99,806.07
1513,803.73,699.8,805.05
1514,805.64,700.51,805.81
1515,803.16,699.77,805.22
1516,803.49,700.13,805.63
1517,803.7,699.75,805.35
1518,806.02,700.04,805.05
1519,803.73,699.79,805.58
1520,804.42,699.73,805.81
1521,806.55,700.33,806.09
1522,803.28,699.61,805.44
1523,805.38,699.87,805.74
1524,806.13,699.89,805.48
1525,804.31,699.91,806.03
1526,804.3,700.15,805.37
1527,803.24,700.09,805.47
1528,804.03,699.85,805.83
1529,807.39,700.16,805.22
1530,802.95,699.85,805.49
1531,805.96,700.02,805.11
1532,806.63,699.89,805.59
1533,806.09,699.88,804.97
1534,803.35,699.8,805.66
1535,805.19,697.62,799.94
1536,793.84,692.82,799.55
1537,805.21,699.97,805.6
1538,804.69,699.81,805.58
1539,806.22,700.28,805.47
1540,804.12,699.46,805.24
1541,806.05,700.28,805.19
1542,806.43,699.56,805.18
1543,806.14,700.15,805.44
1544,804.6,700.07,805.36
1545,805.25,700.3,805.58
1546,803.27,699.67,805.18
1547,805.17,700.09,805.47
1548,804.51,699.87,804.98
1549,804.07,700.2,806.17
1550,808.15,700.28,805.53
1551,806.05,700.09,805.41
1552,803.51,699.69,805.4
1553,805.27,699.96,805.91
1554,804.33,700.16,804.98
1555,804.21,700.01,805.42
1556,806.98,700.13,805.36
1557,804.47,699.85,805.55
1558,804.6,699.79,805.29
1559,805.14,700.04,805.77
1560,804.34,700.09,805.36
1561,807.24,700.04,805.41
1562,804.99,699.6,805.67
1563,806.9,700.19,805.26
1564,803.56,700.52,805.32
1565,805.3,699.97,805.0
1566,807.21,700.06,805.44
1567,804.36,699.86,805.4
1568,805.1,699.86,805.16
1569,803.23,700.12,805.35
1570,806.79,699.92,805.78
1571,802.93,700.08,805.69
1572,803.81,699.73,805.25
1573,806.24,700.38,805.54
1574,805.37,700.07,805.6
1575,805.42,700.29,805.43
1576,804.17,700.12,805.63
1577,804.74,699.97,805.4
1578,804.11,699.53,805.63
1579,806.6,700.07,805.39
1580,803.43,699.48,805.66
1581,805.52,700.35,805.39
1582,806.67,699.93,805.43
1583,802.99,699.5,805.15
1584,806.89,700.68,805.36
1585,804.32,699.98,805.42
1586,806.69,700.44,805.49
1587,803.46,699.66,805.25
1588,806.26,700.09,804.86
1589,806.16,699.64,805.74
1590,805.24,699.68,805.69
1591,803.92,699.9,805.24
1592,806.06,700.12,805.39
1593,806.34,699.93,805.67
1594,805.68,700.14,805.43
1595,804.87,700.22,805.63
1596,803.21,700.29,805.52
1597,803.09,699.91,805.21
1598,806.28,699.82,805.51
1599,804.89,699.88,805.34
1600,804.4,699.88,805.75
1601,802.9,700.0,804.72
1602,804.37,699.74,805.14
1603,805.96,700.12,804.83
1604,802.61,700.41,805.45
1605,807.04,700.31,805.58
1606,805.36,699.84,805.35
1607,804.75,699.88,805.0
1608,804.16,700.41,804.87
1609,804.51,699.65,804.75
1610,803.73,699.63,805.46
1611,806.68,700.12,805.42
1612,806.23,699.94,805.46
1613,803.84,700.19,805.73
1614,803.45,700.09,804.98
1615,805.33,700.19,805.22
1616,805.81,699.98,805.48
1617,804.6,700.23,805.12
1618,805.1,700.26,805.25
1619,805.63,699.99,805.51
1620,803.32,700.13,804.71
1621,806.9,699.57,805.08
1622,806.47,700.47,805.54
1623,804.19,700.55,805.32
1624,805.37,700.02,805.23
1625,806.33,699.84,805.12
1626,804.36,699.67,805.77
1627,804.33,699.9,805.6
1628,806.67,700.24,805.32
1629,802.93,699.75,805.11
1630,806.04,700.33,805.59
1631,803.05,699.21,804.66
1632,804.75,700.1,805.61
1633,806.71,700.42,805.41
1634,804.54,699.78,805.0
1635,806.21,700.26,805.35
1636,805.03,700.28,805.49
1637,802.77,699.85,805.22
1638,807.32,700.06,805.33
1639,806.31,699.99,805.19
1640,802.07,699.61,805.8
1641,804.71,699.96,805.86
1642,803.65,700.2,805.27
1643,805.07,699.88,805.76
1644,804.28,699.53,805.51
1645,805.89,700.5,805.59
1646,801.93,699.97,805.65
1647,804.89,700.16,805.15
1648,806.91,700.2,805.26
1649,805.64,700.18,805.32
1650,803.48,700.12,805.62
1651,803.65,699.88,806.0
1652,806.94,700.06,805.57
1653,803.83,700.26,805.48
1654,805.22,699.83,805.49
1655,805.68,699.96,805.85
1656,805.45,699.97,805.36
1657,803.28,699.81,805.82
1658,806.25,700.2,805.17
1659,803.97,700.36,805.76
1660,804.14,699.34,805.76
1661,805.75,699.88,805.56
1662,805.97,700.36,805.47
1663,807.05,700.02,805.26
1664,805.1,700.04,805.56
1665,804.94,699.43,805.25
1666,806.01,700.25,805.29
1667,804.81,700.04,804.95
1668,803.27,699.86,805.53
1669,804.81,699.93,805.46
1670,805.36,699.85,805.39
1671,804.43,699.73,805.28
1672,806.31,700.1,805.53
1673,804.69,699.94,805.3
1674,805.48,700.05,805.81
1675,804.39,699.88,805.36
1676,807.06,700.3,805.56
1677,804.76,699.76,805.42
1678,803.17,699.8,805.19
1679,805.66,700.57,805.13
1680,802.6,699.75,805.87
1681,805.89,700.38,805.55
1682,803.43,700.07,806.0
1683,807.52,699.98,805.48
1684,805.24,700.15,805.36
1685,804.82,699.96,804.57
1686,807.01,700.08,805.2
1687,802.57,700.12,805.2
1688,805.04,699.92,805.62
1689,805.24,699.78,805.1
1690,805.36,699.92,805.76
1691,803.79,700.32,805.21
1692,805.32,699.69,805.21
1693,804.59,699.9,805.62
1694,805.84,699.88,805.38
1695,805.3,699.44,805.23
1696,805.46,699.95,805.19
1697,804.66,700.03,805.6
1698,805.83,700.04,805.86
1699,802.93,699.86,804.65
1700,804.39,699.8,805.77
1701,808.28,700.31,805.8
1702,803.48,700.31,805.83
1703,805.11,699.78,805.15
1704,805.34,700.05,805.79
1705,806.43,700.23,805.36
1706,805.16,700.06,805.25
1707,803.75,699.55,804.89
1708,806.02,700.12,804.77
1709,805.8,700.04,805.49
1710,801.88,699.84,805.12
1711,807.96,700.41,805.54
1712,804.04,700.11,805.83
1713,804.3,700.03,805.93
1714,807.04,700.05,805.63
1715,803.31,699.76,805.35
1716,804.94,699.88,805.35
1717,804.08,699.84,805.51
1718,805.53,700.0,804.98
1719,805.35,700.18,805.52
1720,804.09,699.95,805.39
1721,805.4,699.85,805.22
1722,804.15,699.92,805.66
1723,804.48,699.76,805.6
1724,807.41,700.15,805.54
1725,801.89,699.76,805.23
1726,804.79,700.36,805.5
1727,803.91,699.61,805.32
1728,805.68,700.53,805.4
1729,803.49,700.38,805.76
1730,804.86,699.78,805.28
1731,804.64,699.63,805.71
1732,804.96,699.85,805.18
1733,804.1,699.89,805.35
1734,805.1,699.97,805.08
1735,804.99,699.82,805.33
1736,804.14,699.49,805.56
1737,804.23,700.37,805.8
1738,805.74,700.08,805.76
1739,803.05,699.72,805.44
1740,807.31,700.1,805.37
1741,802.15,699.82,804.88
1742,805.62,700.15,805.72
1743,806.03,700.19,805.55
1744,805.16,700.12,805.44
1745,804.52,699.46,805.62
1746,806.02,700.31,805.13
1747,803.77,699.87,805.14
1748,804.0,699.65,804.98
1749,807.62,700.03,805.17
1750,802.92,700.15,805.17
1751,803.59,699.8,805.74
1752,804.78,700.31,805.55
1753,802.69,699.36,805.16
1754,808.37,700.3,805.85
1755,803.03,699.81,805.83
1756,806.35,700.0,805.66
1757,806.11,700.5,805.47
1758,804.48,700.32,805.14
1759,802.61,699.82,805.41
1760,806.38,700.0,805.37
1761,804.37,700.15,805.06
1762,804.22,699.34,804.77
1763,808.26,700.36,805.28
1764,805.43,699.91,805.52
1765,805.01,699.82,805.56
1766,807.09,699.94,805.55
1767,802.3,699.64,805.53
1768,806.85,700.09,804.68
1769,803.57,700.01,805.49
1770,806.27,700.26,805.26
1771,808.49,700.11,804.75
1772,802.85,699.98,805.72
1773,807.63,699.97,805.11
1774,804.0,699.67,805.48
1775,804.59,700.34,805.25
1776,804.72,699.99,805.62
1777,803.58,699.71,805.52
1778,805.32,699.99,805.05
1779,804.3,699.86,805.56
1780,804.55,700.39,805.19
1781,806.64,700.34,805.5
1782,804.22,699.96,805.51
1783,806.92,700.31,805.45
1784,802.18,699.81,805.31
1785,805.23,700.47,805.42
1786,807.26,700.35,805.46
1787,805.24,699.68,805.56
1788,804.92,699.94,805.56
1789,803.46,699.87,805.52
1790,806.04,700.05,805.47
1791,803.49,700.2,805.19
1792,806.04,699.88,805.53
1793,805.44,699.99,805.45
1794,803.17,700.15,805.39
1795,804.43,700.16,805.2
1796,806.77,699.75,805.02
1797,800.99,699.59,805.36
1798,808.41,700.2,805.14
1799,805.99,699.62,804.87
1800,802.92,699.78,805.18
1801,807.34,700.09,805.05
1802,808.09,700.02,805.41
1803,802.6,700.11,805.35
1804,806.33,699.58,805.69
1805,805.14,700.14,805.08
1806,804.87,700.0,805.81
1807,802.35,699.85,805.15
1808,804.95,699.93,805.72
1809,804.75,700.15,805.12
1810,804.43,700.03,805.02
1811,807.32,699.69,805.52
1812,804.06,699.97,805.25
1813,804.18,699.87,805.45
1814,805.18,700.25,804.93
1815,804.31,699.79,805.44
1816,804.77,700.38,805.16
1817,806.13,699.57,805.44
1818,805.75,700.15,805.39
1819,807.75,699.99,805.77
1820,802.3,700.07,805.54
1821,806.46,699.72,804.8
1822,803.26,699.76,805.45
1823,805.45,700.29,805.47
1824,805.22,700.0,804.84
1825,804.87,700.13,805.52
1826,805.86,699.84,805.47
1827,805.59,700.13,805.4
1828,806.09,699.97,805.32
1829,803.07,700.27,805.35
1830,807.62,700.02,804.68
1831,803.88,700.36,804.77
1832,802.88,699.84,805.42
1833,803.99,699.58,805.54
1834,806.75,700.35,805.6
1835,804.87,700.31,805.22
1836,804.75,699.85,805.09
1837,804.14,699.86,805.52
1838,805.9,700.56,805.26
1839,804.26,699.64,805.05
1840,806.94,700.31,805.46
1841,806.11,699.88,805.3
1842,806.19,699.78,805.5
1843,804.94,699.74,805.31
1844,802.97,699.76,805.56
1845,803.75,699.78,805.7
1846,806.87,700.1,805.64
1847,802.95,699.81,805.1
1848,806.41,700.1,805.81
1849,804.68,700.21,804.93
1850,804.14,700.07,805.46
1851,805.33,700.04,805.67
1852,804.43,699.83,805.89
1853,806.88,699.97,805.69
1854,804.45,699.67,805.11
1855,803.6,699.57,805.53
1856,805.53,700.33,805.38
1857,806.64,700.05,805.29
1858,803.73,699.96,805.15
1859,806.17,700.05,805.31
1860,806.98,699.81,805.81
1861,803.83,700.18,805.27
1862,805.76,699.84,804.97
1863,805.38,699.85,805.49
1864,805.62,699.97,805.61
1865,806.3,700.27,805.05
1866,802.51,700.11,805.36
1867,804.64,699.93,805.39
1868,803.72,699.44,805.11
1869,806.62,700.52,805.16
1870,805.86,700.04,805.49
1871,804.42,699.89,805.37
1872,806.41,699.88,805.14
1873,801.71,699.89,805.42
1874,806.19,700.0,805.2
1875,804.58,700.24,805.63
1876,804.86,699.66,805.26
1877,803.39,699.89,805.47
1878,804.58,700.12,805.1
1879,808.28,700.28,805.81
1880,804.41,700.33,805.78
1881,804.7,699.63,805.66
1882,803.49,699.63,805.22
1883,804.87,700.33,804.99
1884,806.45,699.84,805.48
1885,805.66,700.13,805.03
1886,804.98,700.22,805.58
1887,802.81,700.04,805.06
1888,803.48,699.47,805.13
1889,806.7,700.12,805.31
1890,805.11,700.14,805.55
1891,805.85,700.08,805.49
1892,803.71,699.82,805.13
1893,806.08,700.38,805.4
1894,805.16,699.82,805.54
1895,804.61,700.09,805.37
1896,804.8,700.38,805.08
1897,805.54,699.69,805.29
1898,804.68,700.12,805.42
1899,803.83,700.01,805.28
1900,805.55,699.77,805.71
1901,806.52,699.97,805.1
1902,805.98,700.34,805.49
1903,805.5,699.72,805.86
1904,803.69,699.72,805.58
1905,804.1,699.76,805.37
1906,805.87,699.75,805.56
1907,805.9,699.82,805.05
1908,806.64,700.05,805.21
1909,803.77,699.69,805.27
1910,805.18,699.82,805.44
1911,806.45,700.24,805.37
1912,805.91,700.01,804.91
1913,802.18,699.79,804.76
1914,806.1,699.8,805.81
1915,805.65,700.08,805.48
1916,804.89,700.03,805.33
1917,801.8,700.03,805.18
1918,807.32,700.09,805.7
1919,805.19,700.15,805.39
1920,804.35,699.97,805.37
1921,805.64,700.09,805.47
1922,804.14,700.17,805.45
1923,804.26,700.2,805.51
1924,804.94,699.83,804.92
1925,804.28,699.84,805.43
1926,804.3,700.0,805.13
1927,807.06,700.06,805.19
1928,805.53,700.04,805.29
1929,802.76,699.62,805.1
1930,804.82,700.12,804.97
1931,807.86,700.31,805.2
1932,804.42,699.96,805.37
1933,805.16,700.01,805.62
1934,805.0,700.3,805.14
1935,807.29,699.52,804.82
1936,802.75,699.46,805.87
1937,805.61,699.94,805.16
1938,805.89,699.79,805.18
1939,805.18,700.09,805.12
1940,803.08,699.94,805.51
1941,806.53,700.1,805.25
1942,802.97,699.94,805.25
1943,807.28,699.81,805.15
1944,803.42,700.02,805.32
1945,804.92,699.76,805.72
1946,803.7,700.15,805.47
1947,805.91,700.03,805.38
1948,804.14,700.04,805.48
1949,802.69,700.07,805.34
1950,807.02,700.01,805.48
1951,805.24,700.1,805.28
1952,805.3,699.89,804.82
1953,803.71,699.76,805.51
1954,805.45,699.92,805.17
1955,803.67,700.37,805.51
1956,805.95,700.25,805.01
1957,803.2,699.78,805.37
1958,808.8,700.65,805.4
1959,803.06,699.47,804.96
1960,806.71,700.32,805.27
1961,802.79,699.78,805.6
1962,805.53,700.09,805.55
1963,806.46,699.75,805.43
1964,802.83,700.31,805.19
1965,806.79,700.43,805.63
1966,801.38,699.46,805.2
1967,804.99,699.99,805.2
1968,804.75,700.38,805.27
1969,804.43,699.9,804.94
1970,804.24,699.88,805.81
1971,804.19,699.84,805.62
1972,805.01,699.82,805.42
1973,804.13,700.47,805.98
1974,804.83,699.85,805.97
1975,803.75,699.73,805.24
1976,806.66,700.09,805.72
1977,805.56,700.29,804.84
1978,803.16,699.5,805.47
1979,804.79,700.35,804.77
1980,805.5,699.93,805.36
1981,805.02,699.86,805.23
1982,805.44,700.33,805.34
1983,806.47,700.11,805.74
1984,805.38,699.87,805.27
1985,803.48,699.96,805.3
1986,805.39,700.3,805.71
1987,802.74,699.95,805.67
1988,806.33,699.9,805.47
1989,802.54,699.87,805.35
1990,804.9,700.28,805.13
1991,806.2,699.76,805.93
1992,804.9,699.97,805.85
1993,805.46,699.85,805.15
1994,805.2,699.88,805.63
1995,805.63,700.25,805.29
1996,804.64,699.96,805.36
1997,805.0,699.8,805.25
1998,804.41,700.01,805.48
1999,801.97,699.92,805.05
2000,806.11,699.89,805.63
2001,807.36,700.09,805.04
2002,804.92,700.14,805.2
2003,803.33,699.55,805.27
2004,804.19,699.88,805.71
2005,807.42,700.34,805.53
2006,803.57,699.88,805.57
2007,803.9,699.77,805.35
2008,806.2,700.24,805.37
2009,803.88,699.97,805.48
2010,806.6,699.99,805.28
2011,804.98,700.05,805.28
2012,802.5,699.88,805.36
2013,805.12,699.98,805.28
2014,802.55,699.84,805.27
2015,806.73,700.4,805.54
2016,804.4,699.9,805.76
2017,804.09,699.86,805.56
2018,804.39,699.92,805.33
2019,806.78,699.9,805.45
2020,803.99,699.91,805.32
2021,804.76,699.78,805.58
2022,806.71,699.7,805.11
2023,801.1,699.73,805.43
2024,806.16,699.85,805.64
2025,804.34,700.13,805.55
2026,808.39,699.89,805.46
2027,805.43,700.21,805.4
2028,803.34,699.83,805.42
2029,805.01,699.86,805.1
2030,806.13,699.99,805.42
2031,805.02,699.95,805.46
2032,805.83,699.5,805.53
2033,806.42,699.67,805.21
2034,803.74,699.84,805.56
2035,806.71,700.56,805.43
2036,803.47,699.92,805.73
2037,803.82,699.89,805.33
2038,804.45,700.2,805.29
2039,809.0,700.36,805.58
2040,804.35,699.83,805.36
2041,802.32,699.81,805.13
2042,806.88,700.25,805.2
2043,802.26,699.94,805.19
2044,808.19,700.52,805.4
2045,802.02,699.84,805.37
2046,804.16,699.78,805.18
2047,804.93,699.98,805.35
2048,805.33,700.19,804.98
2049,804.05,699.67,805.5
2050,806.64,700.08,804.96
2051,805.9,700.41,805.37
2052,803.99,700.39,805.28
2053,805.82,699.98,805.72
2054,807.04,700.04,805.07
2055,804.76,700.02,805.06
2056,806.55,700.36,805.17
2057,800.6,699.41,805.41
2058,806.31,700.35,805.44
2059,806.8,699.71,805.3
2060,802.53,700.15,805.02
2061,805.03,700.07,805.59
2062,804.69,700.22,805.27
2063,805.7,699.96,805.19
2064,804.65,700.05,805.22
2065,803.26,699.98,805.07
2066,805.27,700.24,805.15
2067,804.43,699.64,805.49
2068,806.17,700.17,805.06
2069,803.88,700.24,805.25
2070,805.52,700.15,805.17
2071,804.52,700.02,805.08
2072,807.27,699.93,805.2
2073,803.26,699.75,805.16
2074,808.89,700.0,805.32
2075,804.54,699.6,805.36
2076,804.39,700.26,805.49
2077,807.25,700.28,805.44
2078,804.54,699.72,805.47
2079,730.61,636.41,731.07
2080,805.05,699.99,805.38
2081,805.05,699.99,805.38
2082,805.05,699.99,805.38
2083,805.05,699.99,805.38
2084,805.05,699.99,805.38
2085,805.05,699.99,805.38
2086,805.05,699.99,805.38
2087,805.05,699.99,805.38
2088,805.05,699.99,805.38
2089,805.05,699.99,805.38
2090,805.05,699.99,805.38
2091,805.05,699.99,805.38
2092,805.05,699.99,805.38
2093,805.05,699.99,805.38
2094,805.05,699.99,805.38
2095,805.05,699.99,805.38
2096,805.05,699.99,805.38
2097,805.05,699.99,805.38
2098,328.96,699.99,805.38
2099,805.05,699.99,805.38
2100,805.05,699.99,805.38
2101,805.05,699.99,805.38
2102,805.05,699.99,805.38
2103,805.05,699.99,805.38
2104,390.97,699.99,805.38
2105,803.76,699.99,804.88
2106,807.04,656.21,809.16
2107,805.83,699.89,805.71
2108,807.04,700.03,805.38
2109,805.18,699.73,805.38
2110,804.45,699.89,805.51
2111,804.64,700.04,805.24
2112,805.72,700.16,805.16
2113,806.96,699.71,805.61
2114,802.06,700.37,805.36
2115,805.67,699.83,805.12
2116,802.27,699.91,805.12
2117,804.72,699.89,805.66
2118,804.81,699.62,805.46
2119,806.11,700.08,804.97
2120,803.93,699.61,805.86
2121,804.21,700.21,805.5
2122,805.65,700.08,805.54
2123,805.51,700.11,805.61
2124,804.77,699.8,805.45
2125,806.89,699.93,805.18
2126,803.53,700.09,805.54
2127,807.14,700.1,805.31
2128,802.6,699.72,805.93
2129,805.94,700.11,805.44
2130,802.95,700.26,805.13
2131,803.8,699.68,805.48
2132,801.75,700.33,805.74
2133,805.06,699.88,805.42
2134,805.45,700.32,805.25
2135,804.28,699.59,805.4
2136,804.63,699.85,805.56
2137,804.44,700.01,805.18
2138,803.87,699.59,805.4
2139,808.45,700.91,805.36
2140,804.36,699.81,805.1
2141,804.49,699.9,805.29
2142,804.3,700.3,805.21
2143,804.87,700.19,805.55
2144,804.78,699.83,805.26
2145,805.27,700.62,805.38
2146,804.06,700.04,804.61
2147,804.15,700.13,804.82
2148,808.14,700.26,805.42
2149,804.38,699.54,805.27
2150,805.92,700.37,805.65
2151,805.72,700.43,805.13
2152,804.23,699.83,805.11
2153,803.54,699.78,805.74
2154,805.85,700.42,805.47
2155,803.18,699.51,805.87
2156,806.78,700.41,805.6
2157,802.99,699.9,805.67
2158,805.45,700.24,805.56
2159,807.01,700.13,805.63
2160,805.88,700.24,805.31
2161,804.23,699.88,805.32
2162,804.04,699.9,805.98
2163,804.32,699.88,805.5
2164,805.4,700.07,805.37
2165,807.5,700.21,805.17
2166,802.93,699.72,805.74
2167,806.84,700.49,804.9
2168,805.36,699.6,805.64
2169,804.31,700.12,805.15
2170,804.13,699.98,805.32
2171,807.2,700.13,805.32
2172,804.2,700.09,805.48
2173,803.41,699.78,805.35
2174,807.64,700.09,805.17
2175,802.28,699.43,805.34
2176,804.39,700.23,805.25
2177,804.62,699.74,805.45
2178,806.13,700.26,805.37
2179,805.62,699.81,805.2
2180,804.72,700.32,805.61
2181,806.34,699.77,805.68
2182,804.47,699.93,805.62
2183,804.42,700.01,804.99
2184,804.21,699.56,806.01
2185,805.96,699.94,805.13
2186,803.1,699.75,805.33
2187,806.36,700.14,805.54
2188,803.79,700.02,805.59
2189,805.84,700.19,805.27
2190,802.71,700.22,805.53
2191,806.9,700.22,805.3
2192,804.29,700.11,805.3
2193,806.95,699.92,805.26
2194,802.61,699.63,805.35
2195,805.26,699.87,805.27
2196,804.47,699.99,805.49
2197,806.17,700.02,804.79
2198,804.31,699.91,805.32
2199,806.22,699.89,805.04
2200,804.48,699.95,805.16
2201,803.85,699.72,805.52
2202,805.61,699.81,805.06
2203,805.55,700.27,805.31
2204,803.95,699.75,805.49
2205,805.57,699.6,805.25
2206,804.0,700.2,805.57
2207,806.45,700.14,805.34
2208,802.05,699.79,805.52
2209,804.42,700.22,805.35
2210,806.06,699.74,805.05
2211,802.11,699.86,804.99
2212,805.98,699.6,805.85
2213,806.12,700.64,805.24
2214,803.98,700.15,805.48
2215,803.31,699.95,805.71
2216,803.38,699.59,805.14
2217,808.53,700.03,805.18
2218,803.37,700.28,805.37
2219,805.87,700.12,805.59
2220,801.27,699.57,805.45
2221,808.14,700.29,805.78
2222,803.62,699.8,805.71
2223,806.0,700.22,804.92
2224,804.83,700.19,805.5
2225,803.94,699.51,804.82
2226,805.66,699.68,805.5
2227,807.51,700.01,804.98
2228,807.56,700.62,805.75
2229,802.88,700.06,805.54
2230,804.96,700.19,805.63
2231,804.71,700.2,805.41
2232,805.42,699.96,805.91
2233,804.18,699.97,805.29
2234,804.23,699.91,805.61
2235,806.36,699.94,805.36
2236,801.19,699.59,805.26
2237,807.28,700.44,805.35
2238,800.91,699.84,805.24
2239,805.01,700.04,805.66
2240,803.34,699.59,805.31
2241,807.3,700.41,804.89
2242,805.87,699.99,805.67
2243,805.73,699.94,805.19
2244,805.52,700.3,805.15
2245,802.24,699.4,805.85
2246,806.69,700.31,805.48
2247,803.56,699.87,805.44
2248,805.86,699.95,805.27
2249,806.02,700.28,805.05
2250,803.98,699.97,805.58
2251,803.75,700.34,805.31
2252,805.37,699.94,805.66
2253,803.08,699.88,805.55
2254,807.91,699.65,804.69
2255,804.72,700.06,805.19
2256,802.91,700.01,805.19
2257,805.87,700.46,805.51
2258,803.22,699.83,805.05
2259,808.22,700.09,805.13
2260,801.65,699.98,805.27
2261,805.0,699.8,805.54
2262,804.72,700.1,805.33
2263,805.39,699.82,805.38
2264,808.41,700.1,805.32
2265,803.7,700.02,805.66
2266,806.03,700.0,805.45
2267,803.27,700.13,805.53
2268,805.77,699.9,805.38
2269,808.05,700.18,805.18
2270,805.17,699.56,805.27
2271,805.05,699.93,805.83
2272,803.49,699.86,805.38
2273,805.55,700.5,805.64
2274,805.92,700.18,805.43
2275,803.3,700.11,805.54
2276,806.78,699.82,805.2
2277,805.91,700.36,805.12
2278,804.72,699.66,805.13
2279,804.4,699.97,805.4
2280,803.18,699.94,805.57
2281,807.14,700.34,805.59
2282,803.16,699.85,804.71
2283,805.41,700.37,805.69
2284,806.94,699.77,805.68
2285,805.27,700.12,805.16
2286,804.92,699.94,805.67
2287,805.83,700.21,805.41
2288,803.85,699.97,804.73
2289,801.69,699.81,805.48
2290,808.78,700.26,805.09
2291,801.6,699.84,805.68
2292,805.87,699.92,805.56
2293,804.99,700.4,805.63
2294,800.79,699.78,805.32
2295,806.72,699.97,806.82
2296,807.8,700.14,805.54
2297,802.99,699.94,805.15
2298,801.44,700.07,805.35
2299,807.66,700.05,805.56
2300,803.64,700.12,805.58
2301,806.39,700.04,805.35
2302,802.94,699.87,805.05
2303,804.52,700.3,805.74
2304,805.29,699.85,804.88
2305,804.77,699.75,804.91
2306,805.93,700.01,805.16
2307,804.62,699.7,805.3
2308,803.03,700.08,805.31
2309,807.45,700.09,805.77
2310,804.65,700.37,805.63
2311,805.29,700.01,805.76
2312,806.65,700.67,805.24
2313,805.28,699.93,805.08
2314,803.35,699.93,804.49
2315,803.75,699.97,805.23
2316,805.24,699.75,805.28
2317,803.68,699.86,804.79
2318,806.67,699.88,805.62
2319,808.53,699.9,805.63
2320,804.25,699.62,805.16
2321,805.33,700.04,805.27
2322,801.95,699.97,805.37
2323,804.09,699.71,804.79
2324,804.91,700.32,805.68
2325,802.6,699.74,805.46
2326,806.11,699.7,805.41
2327,806.81,700.39,805.72
2328,800.34,699.57,805.25
2329,806.73,699.8,805.56
2330,801.05,699.71,804.99
2331,806.49,700.14,805.79
2332,805.62,699.96,805.42
2333,807.6,700.05,805.63
2334,804.46,700.41,805.34
2335,803.48,700.04,805.63
2336,805.08,699.83,805.34
2337,808.07,699.76,805.77
2338,805.25,700.0,804.97
2339,803.04,700.02,805.49
2340,806.24,699.9,805.1
2341,804.42,700.09,805.41
2342,804.61,699.97,805.87
2343,803.12,700.01,805.5
2344,807.64,699.77,805.43
2345,804.49,700.11,805.46
2346,806.95,700.47,805.05
2347,804.01,699.86,805.85
2348,807.22,700.03,805.76
2349,804.53,700.02,805.13
2350,804.97,699.74,805.64
2351,803.02,700.02,804.94
2352,804.17,700.13,805.66
2353,805.47,700.32,805.55
2354,806.17,700.06,805.17
2355,804.08,700.1,805.76
2356,804.03,699.9,805.1
2357,806.9,700.16,805.74
2358,801.88,699.92,805.2
2359,806.61,700.15,805.43
2360,802.43,699.42,805.88
2361,808.08,700.54,805.59
2362,802.18,699.99,804.94
2363,806.82,699.91,805.39
2364,804.56,700.26,805.47
2365,806.19,700.1,805.2
2366,803.38,700.21,805.36
2367,807.25,700.68,805.22
2368,804.53,699.61,804.95
2369,801.28,699.79,805.21
2370,807.62,700.8,805.41
2371,802.64,699.24,805.57
2372,805.28,699.33,805.67
2373,806.52,700.76,805.39
2374,803.62,700.01,805.49
2375,808.02,699.53,805.0
2376,804.26,700.11,805.3
2377,803.88,699.64,805.03
2378,807.38,700.01,805.27
2379,801.9,700.23,805.52
2380,808.79,700.19,805.59
2381,802.53,699.93,805.33
2382,803.96,699.64,805.81
2383,805.42,700.03,805.41
2384,806.03,699.92,805.22
2385,805.23,699.81,804.39
2386,803.72,700.33,805.32
2387,804.35,699.81,805.65
2388,806.83,700.28,805.25
2389,801.48,700.07,805.31
2390,807.39,700.48,804.99
2391,800.63,699.33,806.12
2392,804.26,699.78,804.89
2393,806.78,700.27,804.54
2394,805.03,699.59,805.28
2395,805.28,700.15,805.52
2396,804.65,699.53,805.85
2397,805.07,700.07,805.62
2398,806.83,699.55,805.22
2399,804.74,700.02,805.33
2400,806.05,699.9,805.67
2401,803.23,700.18,805.77
2402,803.95,699.94,805.73
2403,807.39,700.27,805.26
2404,806.98,700.0,805.05
2405,806.21,700.29,805.47
2406,803.55,699.56,805.14
2407,808.48,700.06,805.5
2408,804.54,699.88,805.34
2409,804.7,700.0,805.41
2410,804.4,700.18,805.24
2411,805.03,699.8,805.19
2412,805.67,700.02,805.68
2413,804.15,700.16,805.41
2414,807.24,700.04,805.33
2415,805.21,699.87,805.95
2416,805.66,699.76,805.3
2417,804.83,700.32,805.44
2418,806.11,700.15,806.08
2419,806.35,700.36,804.98
2420,802.4,699.68,805.89
2421,807.06,700.0,805.12
2422,809.75,700.19,805.19
2423,803.34,699.93,804.5
2424,803.15,699.84,805.44
2425,808.19,700.31,805.9
2426,806.19,700.35,805.29
2427,802.83,699.44,805.6
2428,802.87,700.31,804.97
2429,804.65,699.71,805.87
2430,808.75,700.33,805.3
2431,803.15,699.76,805.38
2432,808.8,700.68,804.83
2433,803.8,699.81,805.58
2434,804.3,700.06,804.87
2435,806.84,699.95,805.46
2436,804.98,699.73,804.85
2437,805.18,700.14,805.59
2438,807.17,700.38,806.08
2439,805.74,699.86,805.21
2440,807.48,699.67,804.85
2441,805.03,700.36,805.41
2442,804.39,699.64,804.7
2443,804.35,699.93,805.35
2444,805.85,699.88,805.74
2445,807.0,699.81,805.83
2446,803.56,699.52,805.51
2447,804.64,699.71,805.44
2448,808.53,700.08,805.0
2449,802.58,699.72,805.23
2450,806.07,699.97,804.83
2451,805.48,700.26,805.62
2452,803.0,699.75,804.91
2453,807.89,700.13,805.3
2454,803.53,700.12,805.08
2455,805.9,700.25,805.28
2456,806.47,700.11,805.64
2457,804.06,699.82,805.26
2458,806.31,700.39,805.49
2459,805.35,699.91,805.48
2460,806.81,700.07,805.27
2461,806.59,699.79,805.53
2462,805.12,700.14,805.93
2463,806.31,699.93,805.12
2464,805.38,700.13,804.94
2465,804.37,700.0,805.52
2466,805.76,699.84,804.96
2467,805.08,700.35,805.6
2468,803.29,699.48,804.88
2469,805.46,700.45,805.59
2470,807.29,699.5,805.13
2471,801.8,700.02,806.0
2472,805.15,699.94,805.41
2473,804.45,700.06,805.58
2474,806.93,700.22,805.41
2475,804.89,699.18,805.35
2476,803.94,699.99,805.42
2477,807.54,699.98,805.26
2478,805.84,700.13,805.41
2479,802.71,699.62,805.51
2480,803.63,700.17,805.03
2481,804.57,699.58,805.31
2482,806.32,700.0,805.63
2483,803.14,699.94,805.25
2484,808.69,700.27,805.42
2485,801.92,699.85,805.42
2486,805.69,699.94,805.36
2487,803.87,699.71,805.06
2488,806.67,699.72,805.25
2489,801.49,699.65,805.37
2490,805.74,700.31,805.28
2491,804.41,699.83,805.73
2492,806.55,700.12,805.26
2493,803.38,699.91,805.62
2494,804.35,699.87,804.85
2495,807.76,699.96,805.19
2496,806.02,700.33,805.74
2497,802.87,699.95,805.43
2498,806.85,700.63,805.68
2499,804.47,699.99,805.18
2500,803.75,700.18,805.13
2501,806.78,699.87,805.57
2502,804.61,699.74,805.33
2503,803.23,699.93,805.78
2504,805.61,700.04,805.67
2505,803.68,700.0,805.24
2506,806.2,700.06,805.42
2507,802.71,699.74,804.85
2508,807.2,700.87,805.42
2509,802.11,699.65,805.32
2510,806.21,699.98,805.56
2511,803.83,700.17,805.65
2512,806.29,699.94,805.25
2513,805.24,700.06,805.39
2514,802.89,699.67,805.56
2515,806.18,700.09,804.91
2516,806.95,699.99,805.46
2517,802.97,700.02,805.27
2518,807.66,699.85,805.37
2519,804.26,700.11,805.27
2520,806.31,700.18,805.52
2521,804.26,699.84,805.34
2522,804.67,700.01,805.62
2523,806.8,700.13,805.24
2524,800.65,700.1,805.47
2525,808.62,700.2,804.76
2526,803.57,699.71,805.56
2527,808.24,700.55,805.56
2528,803.47,699.6,805.34
2529,805.99,699.9,805.37
2530,805.07,699.81,804.85
2531,802.6,700.24,805.34
2532,808.04,700.07,805.4
2533,803.55,699.9,805.1
2534,806.05,700.27,805.4
2535,803.45,699.66,805.79
2536,806.46,699.73,805.71
2537,805.92,700.3,805.73
2538,804.93,699.98,805.28
2539,804.21,700.02,805.34
2540,806.49,699.96,805.31
2541,803.47,699.8,805.31
2542,804.74,699.87,804.96
2543,804.82,699.96,805.32
2544,804.86,700.02,805.37
2545,806.43,699.78,805.28
2546,804.89,699.78,805.08
2547,804.77,699.92,805.45
2548,802.2,699.79,805.39
2549,805.93,700.03,805.53
2550,806.29,700.11,805.66
2551,804.09,699.8,805.44
2552,806.07,700.11,805.19
2553,807.03,700.19,805.35
2554,806.27,700.31,805.24
2555,804.02,699.88,805.77
2556,804.22,699.93,805.39
2557,806.95,700.61,805.11
2558,802.09,699.8,805.15
2559,807.99,700.27,804.98
2560,801.36,699.76,805.47
2561,808.21,700.93,805.04
2562,805.56,699.99,805.13
2563,806.93,699.72,804.9
2564,804.35,700.23,805.12
2565,804.26,699.71,805.36
2566,803.9,700.13,805.11
2567,806.66,700.12,805.41
2568,801.46,699.87,805.58
2569,805.84,700.04,805.31
2570,805.99,700.12,805.3
2571,804.43,699.81,805.13
2572,804.15,700.55,805.13
2573,806.14,699.75,804.52
2574,807.51,700.19,805.05
2575,803.71,699.56,805.36
2576,805.42,700.02,805.4
2577,806.09,699.86,805.33
2578,801.5,699.7,805.13
2579,807.32,700.0,805.25
2580,800.98,700.07,805.54
2581,806.52,700.21,805.61
2582,804.75,699.72,805.49
2583,804.53,700.27,805.16
2584,806.32,699.98,805.28
2585,804.48,700.53,804.72
2586,806.26,700.04,805.68
2587,804.76,699.94,805.19
2588,803.58,699.43,805.22
2589,804.38,699.72,805.12
2590,806.85,700.03,805.33
2591,806.34,699.48,805.42
2592,806.78,700.12,805.05
2593,805.2,699.88,805.28
2594,803.78,700.01,805.26
2595,803.65,699.85,804.91
2596,805.85,699.92,805.55
2597,803.56,700.08,805.25
2598,805.71,700.24,805.4
2599,803.41,699.94,805.54
2600,805.3,700.27,805.63
2601,805.54,700.13,805.07
2602,804.29,699.77,805.44
2603,804.58,699.93,805.27
2604,806.6,700.26,805.39
2605,804.53,700.05,805.51
2606,804.04,700.07,805.1
2607,805.3,699.89,805.42
2608,806.54,700.03,805.43
2609,805.98,700.35,805.24
2610,804.98,700.2,805.39
2611,801.37,699.78,805.13
2612,809.15,700.45,805.16
2613,801.83,700.27,805.17
2614,806.42,700.27,805.59
2615,803.85,699.91,805.38
2616,806.47,700.09,805.26
2617,806.19,699.95,805.37
2618,803.09,700.53,805.55
2619,804.69,699.96,805.4
2620,803.23,699.81,805.28
2621,805.58,700.38,805.26
2622,806.05,699.88,805.4
2623,806.09,700.13,805.25
2624,802.78,699.55,805.18
2625,806.67,699.88,805.4
2626,804.35,699.97,805.46
2627,803.9,700.08,805.61
2628,807.35,699.97,805.52
2629,803.62,700.09,805.2
2630,804.55,699.74,805.51
2631,807.49,700.22,805.48
2632,803.72,700.1,805.43
2633,805.18,699.63,805.11
2634,805.29,700.3,806.0
2635,804.04,699.87,805.32
2636,805.83,700.26,805.07
2637,805.56,699.94,805.59
2638,802.84,700.42,806.12
2639,805.55,699.95,805.63
2640,801.68,699.48,805.49
2641,808.7,700.87,805.44
2642,800.97,699.74,805.06
2643,805.12,700.12,805.08
2644,808.37,700.41,805.41
2645,805.53,699.6,805.82
2646,803.05,699.99,805.45
2647,806.25,699.93,805.37
2648,804.45,699.99,805.08
2649,803.73,700.14,805.29
2650,805.28,699.94,805.06
2651,805.79,699.96,805.46
2652,804.6,700.03,805.22
2653,807.42,700.45,805.3
2654,802.77,699.83,805.08
2655,805.19,700.38,805.26
2656,806.92,699.75,805.67
2657,805.93,699.71,805.54
2658,805.31,700.32,804.93
2659,806.19,700.38,805.12
2660,803.41,699.62,805.19
2661,807.03,699.75,805.44
2662,803.65,700.4,805.91
2663,805.36,699.72,805.66
2664,805.43,700.03,805.64
2665,804.25,699.54,805.42
2666,806.54,700.05,805.16
2667,807.09,700.13,805.33
2668,804.03,699.89,804.96
2669,804.29,700.02,805.37
2670,805.93,699.76,805.52
2671,805.27,700.09,805.46
2672,802.95,699.9,805.04
2673,807.44,700.0,805.48
2674,803.51,700.11,805.19
2675,807.35,700.2,805.07
2676,803.33,700.03,805.63
2677,804.86,700.14,805.29
2678,803.75,699.86,805.77
2679,805.18,700.1,805.35
2680,805.92,700.07,805.29
2681,804.06,700.29,805.49
2682,807.51,700.15,805.7
2683,801.93,700.27,805.03
2684,804.76,699.84,805.36
2685,806.54,700.36,805.72
2686,803.76,699.71,805.39
2687,804.92,700.1,805.45
2688,806.83,699.43,805.61
2689,805.93,700.07,805.36
2690,803.14,700.04,805.55
2691,805.98,700.27,805.51
2692,804.68,699.94,805.4
2693,803.37,699.79,805.3
2694,804.27,700.27,805.34
2695,808.24,700.46,805.28
2696,804.49,700.15,805.52
2697,803.09,699.94,805.24
2698,806.28,699.93,805.14
2699,804.24,699.99,805.28
2700,804.79,700.15,805.18
2701,806.52,700.06,805.29
2702,803.82,700.22,805.27
2703,804.17,699.96,805.41
2704,805.72,699.83,805.51
2705,802.37,699.75,805.3
2706,804.14,699.77,805.22
2707,808.15,700.0,805.68
2708,800.87,699.93,804.97
2709,808.11,700.27,805.31
2710,803.78,699.88,805.02
2711,805.49,699.95,805.6
2712,803.53,700.06,805.52
2713,805.53,699.87,805.04
2714,805.45,700.31,805.78
2715,805.19,699.97,805.51
2716,805.86,699.96,804.97
2717,805.07,699.78,805.59
2718,804.88,700.05,805.65
2719,801.22,699.62,805.15
2720,808.35,700.47,805.5
2721,802.67,699.71,805.51
2722,805.98,700.22,805.16
2723,804.5,700.09,805.55
2724,806.35,700.13,805.66
2725,804.77,700.06,805.36
2726,809.8,700.35,805.44
2727,803.46,700.03,805.89
2728,804.6,700.26,805.59
2729,804.01,700.15,804.84
2730,804.99,699.92,805.24
2731,806.63,700.32,805.79
2732,806.55,700.26,805.33
2733,803.52,699.65,805.35
2734,805.55,699.81,804.96
2735,802.84,699.84,804.74
2736,809.22,700.06,805.4
2737,804.85,700.11,805.06
2738,804.29,699.65,805.26
2739,802.9,699.9,805.02
2740,804.6,700.03,805.34
2741,805.69,700.39,805.82
2742,803.17,699.79,805.4
2743,805.26,699.71,805.58
2744,804.68,700.06,805.3
2745,804.79,699.91,805.42
2746,805.46,699.99,805.32
2747,803.14,700.06,805.39
2748,805.18,699.97,805.38
2749,807.21,699.79,805.39
2750,804.65,700.23,805.54
2751,804.74,699.65,805.2
2752,805.81,700.37,805.12
2753,803.42,699.8,805.87
2754,807.06,700.03,805.58
2755,804.88,699.83,805.57
2756,804.11,699.76,805.57
2757,806.5,700.09,805.46
2758,806.12,700.07,805.58
2759,802.87,699.79,805.4
2760,806.61,699.93,805.75
2761,804.07,699.77,805.67
2762,806.43,700.29,805.69
2763,803.7,699.55,805.18
2764,804.96,700.02,805.1
2765,806.11,699.7,805.32
2766,806.02,700.04,805.53
2767,805.14,700.25,805.23
2768,804.2,700.02,805.5
2769,806.01,699.86,805.15
2770,804.37,700.03,805.54
2771,806.97,700.02,805.6
2772,805.65,699.92,805.29
2773,802.47,699.56,805.31
2774,804.99,700.19,805.46
2775,805.17,699.84,805.08
2776,803.0,699.47,805.34
2777,808.75,700.52,805.44
2778,804.74,699.84,806.05
2779,802.39,699.98,805.59
2780,805.81,700.23,805.72
2781,805.82,699.91,805.37
2782,804.39,700.16,805.49
2783,805.41,699.82,805.0
2784,802.49,700.01,805.76
2785,804.86,699.78,805.18
2786,804.23,700.35,805.45
2787,806.61,699.87,805.18
2788,802.15,699.82,805.51
2789,804.31,699.97,805.49
2790,806.97,700.46,805.19
2791,802.55,699.97,804.95
2792,805.77,699.84,805.17
2793,806.74,700.22,805.56
2794,804.21,699.78,805.65
2795,806.15,699.91,805.21
2796,801.61,700.41,805.51
2797,805.09,700.06,805.22
2798,803.21,700.14,805.21
2799,805.21,699.76,805.28
2800,808.62,700.84,805.85
2801,802.13,699.6,805.36
2802,808.8,700.29,805.35
2803,802.02,699.56,805.4
2804,805.44,699.91,805.39
2805,804.23,700.09,805.01
2806,802.8,699.86,805.68
2807,805.54,699.98,805.81
2808,805.32,700.23,805.46
2809,804.36,700.12,805.57
2810,806.66,699.9,805.27
2811,804.07,700.04,805.6
2812,804.21,699.87,805.48
2813,806.08,700.1,805.53
2814,801.11,699.66,805.29
2815,808.28,699.76,805.67
2816,802.86,700.29,805.78
2817,805.49,699.73,805.7
2818,805.22,700.4,805.26
2819,805.07,699.85,805.35
2820,804.85,699.9,805.53
2821,805.85,700.3,805.39
2822,803.95,699.83,805.17
2823,805.46,699.95,805.36
2824,806.64,699.78,805.13
2825,803.78,699.97,805.45
2826,805.71,700.05,805.29
2827,803.77,700.06,805.42
2828,807.4,699.83,805.39
2829,803.59,700.1,805.58
2830,804.38,699.86,805.45
2831,804.48,700.13,805.38
2832,806.2,700.14,805.19
2833,805.6,699.75,805.09
2834,804.58,699.92,805.12
2835,805.98,700.24,805.53
2836,803.16,699.97,805.31
2837,806.31,699.93,805.31
2838,804.17,700.31,805.41
2839,805.35,699.85,805.15
2840,804.22,700.24,805.48
2841,805.67,700.04,805.35
2842,805.86,700.0,805.16
2843,804.04,700.02,805.29
2844,805.2,700.29,805.73
2845,803.26,699.91,805.25
2846,803.69,699.79,805.81
2847,807.62,699.9,805.28
2848,802.21,700.37,805.31
2849,804.07,699.86,805.78
2850,807.56,700.01,805.29
2851,802.78,700.06,805.55
2852,805.33,699.94,805.52
2853,806.54,699.83,805.44
2854,803.14,699.91,805.36
2855,805.31,700.07,805.52
2856,806.85,700.22,805.53
2857,804.97,700.3,805.46
2858,802.46,700.18,805.5
2859,805.98,699.67,805.14
2860,806.06,699.9,805.51
2861,802.82,700.53,805.66
2862,807.45,700.1,805.18
2863,800.26,699.66,805.45
2864,809.42,700.16,805.32
2865,804.6,700.05,805.32
2866,804.36,699.97,805.64
2867,806.36,699.74,805.43
2868,805.29,699.62,805.16
2869,803.75,699.77,805.89
2870,804.83,700.0,805.47
2871,806.67,700.29,805.46
2872,804.1,699.61,805.51
2873,804.97,700.1,805.26
2874,803.48,699.78,805.35
2875,807.5,699.88,805.25
2876,804.96,700.04,805.39
2877,804.06,699.59,805.01
2878,804.53,699.98,805.67
2879,814.87,700.09,804.6
2880,806.55,700.08,805.22
2881,807.09,700.28,805.43
2882,805.15,700.48,805.29
2883,802.32,699.87,805.51
2884,809.35,700.15,805.2
2885,802.66,699.91,805.58
2886,803.81,699.77,805.03
2887,806.75,700.36,805.42
2888,803.94,699.87,805.06
2889,803.77,700.11,805.02
2890,808.33,700.35,805.23
2891,804.73,699.82,805.4
2892,805.11,699.75,805.2
2893,804.15,699.85,805.13
2894,807.58,700.24,805.42
2895,800.76,699.57,805.33
2896,809.73,700.82,805.06
2897,800.24,699.79,805.85
2898,805.98,700.13,805.88
2899,804.8,700.19,806.02
2900,805.92,700.38,805.02
2901,805.1,699.85,805.57
2902,807.23,700.12,805.22
2903,748.11,699.99,733.44
2904,805.05,699.99,805.38
2905,805.05,699.99,805.38
2906,805.05,699.99,805.38
2907,805.05,699.99,805.38
2908,805.05,699.99,805.38
2909,805.05,699.99,805.38
2910,805.05,699.99,805.38
2911,805.05,699.99,805.38
2912,805.05,699.99,805.38
2913,805.05,699.99,805.38
2914,805.05,699.99,805.38
2915,805.05,699.99,805.38
2916,805.05,699.99,805.38
2917,805.05,699.99,805.38
2918,805.05,699.99,805.38
2919,805.05,699.99,805.38
2920,805.05,699.99,805.38
2921,805.05,699.99,805.38
2922,805.05,699.99,805.38
2923,805.05,699.99,805.38
2924,805.05,699.99,805.38
2925,805.05,699.99,805.38
2926,805.05,699.99,805.38
2927,805.05,699.99,805.38
2928,805.05,699.99,805.38
2929,805.05,699.99,805.38
2930,805.05,699.99,805.38
2931,805.05,699.99,805.38
2932,805.05,699.99,805.38
2933,805.05,699.99,805.38
2934,805.05,699.99,805.38
2935,805.05,699.99,805.38
2936,805.05,699.99,805.38
2937,805.05,699.99,805.38
2938,805.05,699.99,805.38
2939,805.05,699.99,805.38
2940,805.05,699.99,805.38
2941,805.05,699.99,805.38
2942,805.05,699.99,805.38
2943,805.05,699.99,805.38
2944,805.05,699.99,805.38
2945,805.05,699.99,805.38
2946,805.05,699.99,805.38
2947,805.05,699.99,805.38
2948,805.05,699.99,805.38
2949,805.05,699.99,805.38
2950,805.05,699.99,805.38
2951,805.05,699.99,805.38
2952,805.05,699.99,805.38
2953,805.05,699.99,805.38
2954,805.05,699.99,805.38
2955,805.05,699.99,805.38
2956,805.05,699.99,805.38
2957,805.05,699.99,805.38
2958,805.05,699.99,805.38
2959,805.05,699.99,805.38
2960,805.05,699.99,805.38
2961,805.05,699.99,805.38
2962,805.05,699.99,805.38
2963,805.05,699.99,805.38
2964,805.05,699.99,805.38
2965,805.05,699.99,805.38
2966,805.05,699.99,805.38
2967,805.05,699.99,805.38
2968,805.05,699.99,805.38
2969,805.05,699.99,805.38
2970,805.05,699.99,805.38
2971,805.05,699.99,805.38
2972,805.05,699.99,805.38
2973,805.05,699.99,805.38
2974,805.05,699.99,805.38
2975,805.05,699.99,805.38
