,FIT_400_001A_P.PV,FIT_400_002A_P.PV,Q_400_001A_P.PV,PT_200A_Tags.Q_RO_Feed_PV
0,808.75,699.65,805.25,
1,806.15,699.95,805.33,
2,802.95,699.89,805.47,
3,806.8,699.91,805.46,
4,805.38,699.82,805.42,
5,806.31,700.15,805.65,
6,803.24,699.73,805.55,
7,803.85,700.34,805.1,
8,801.91,699.81,805.38,
9,801.19,699.95,805.14,
10,802.32,700.25,805.02,
11,806.14,700.04,805.65,
12,803.33,700.03,805.37,
13,804.99,699.97,805.26,
14,804.1,700.08,805.1,
15,805.22,700.02,805.82,
16,805.96,700.37,805.66,
17,812.54,699.74,806.11,
18,806.65,700.01,805.89,
19,807.46,699.98,805.95,
20,808.15,699.63,806.44,
21,805.21,700.19,805.39,
22,805.05,700.09,805.14,
23,807.32,700.13,806.56,
24,802.68,699.85,805.01,
25,806.43,700.11,805.73,
26,803.57,699.69,805.53,
27,802.26,699.9,805.22,
28,801.26,699.94,806.54,
29,802.13,699.97,806.05,
30,801.27,700.2,804.67,
31,803.48,699.78,805.98,
32,811.54,700.36,805.89,
33,807.43,699.8,804.72,
34,806.95,699.96,805.25,
35,806.68,699.94,805.6,
36,806.54,700.02,805.89,
37,804.55,699.91,804.96,
38,804.1,699.92,805.68,
39,805.16,700.33,804.8,
40,806.78,700.3,806.3,
41,803.7,699.66,804.28,
42,800.44,699.82,805.57,
43,802.39,700.22,805.32,
44,803.11,700.0,805.68,
45,803.7,699.98,804.94,
46,805.57,699.72,805.28,
47,804.83,699.99,805.21,
48,807.07,700.16,805.25,
49,805.42,700.01,805.74,
50,804.32,700.21,806.59,
51,809.56,700.11,805.6,
52,808.93,700.12,805.65,
53,808.15,699.8,805.74,
54,807.52,700.15,805.92,
55,807.8,699.95,805.56,
56,804.01,700.13,805.82,
57,804.96,699.88,804.79,
58,806.58,700.19,806.16,
59,806.27,700.07,805.58,
60,807.26,699.81,805.58,
61,804.66,699.95,805.33,
62,806.27,699.97,804.44,
63,806.86,700.11,804.92,
64,807.64,699.76,806.07,
65,806.61,700.13,805.53,
66,805.98,699.29,805.13,
67,804.63,700.63,805.27,
68,803.92,699.73,805.09,
69,800.84,700.13,805.78,
70,800.85,699.89,804.68,
71,802.03,699.94,806.05,
72,812.1,700.43,805.78,
73,807.91,700.1,805.19,
74,808.52,699.7,805.09,
75,804.24,699.84,805.19,
76,804.84,699.81,805.44,
77,804.87,699.86,805.63,
78,803.78,700.27,804.84,
79,802.0,699.7,806.04,
80,805.11,700.0,805.66,
81,802.23,699.79,805.48,
82,803.1,699.63,804.75,
83,802.78,700.21,805.3,
84,804.35,699.91,805.27,
85,804.35,699.67,805.03,
86,805.78,700.1,805.31,
87,805.53,699.94,804.94,
88,804.48,700.16,805.2,
89,802.31,699.75,805.03,
90,803.63,699.87,805.35,
91,811.56,700.12,805.54,
92,810.57,700.09,805.47,
93,808.29,699.88,805.36,
94,802.23,699.64,805.17,
95,806.71,699.97,805.05,
96,803.01,699.98,805.47,
97,798.5,700.19,805.3,
98,801.27,699.94,805.27,
99,804.93,700.26,805.32,
100,805.27,699.87,805.57,
101,808.07,700.24,805.6,
102,807.06,699.98,805.79,
103,804.82,699.83,805.56,
104,807.32,700.29,805.43,
105,807.57,699.93,805.38,
106,804.63,699.91,805.28,
107,802.13,699.84,805.41,
108,804.74,700.01,805.16,
109,803.45,700.0,805.26,
110,805.29,700.1,805.7,
111,802.84,699.9,805.32,
112,806.46,700.08,805.47,
113,805.53,700.0,805.24,
114,806.38,700.0,805.13,
115,801.45,699.73,804.97,
116,804.15,700.08,804.77,
117,804.46,700.02,805.48,
118,804.8,699.85,805.24,
119,806.4,700.08,804.96,
120,805.3,699.88,805.5,
121,805.44,699.81,805.73,
122,806.38,699.97,805.12,
123,805.74,699.78,804.86,
124,805.1,700.05,805.58,
125,805.06,700.08,805.5,
126,806.29,699.93,805.38,
127,805.82,699.95,805.13,
128,805.24,699.85,805.39,
129,805.37,699.92,805.27,
130,807.41,700.18,804.97,
131,805.64,700.07,805.22,
132,804.84,700.0,805.05,
133,807.35,699.93,805.24,
134,806.44,700.1,806.57,
135,805.61,699.95,805.66,
136,801.01,699.79,805.03,
137,802.97,699.64,804.59,
138,806.95,700.28,805.37,
139,806.3,700.04,805.48,
140,804.82,699.81,804.94,
141,807.62,699.81,805.7,
142,805.36,700.12,804.94,
143,805.13,699.93,804.71,
144,806.33,699.89,805.09,
145,804.75,699.96,805.57,
146,806.2,699.98,805.23,
147,805.35,700.06,805.24,
148,800.22,699.97,805.03,
149,807.37,699.93,805.58,
150,806.69,699.9,805.41,
151,806.98,700.16,805.31,
152,805.09,700.04,805.16,
153,806.13,700.1,804.84,
154,807.32,700.01,805.45,
155,807.25,700.08,805.2,
156,805.78,699.55,805.51,
157,806.36,700.09,805.57,
158,805.89,700.03,805.18,
159,804.89,699.79,805.36,
160,799.38,699.78,805.5,
161,802.27,700.05,805.31,
162,805.8,700.07,805.27,
163,806.49,700.15,805.85,
164,804.58,699.95,805.13,
165,802.41,700.3,804.81,
166,806.45,699.73,806.06,
167,805.2,700.27,804.93,
168,803.13,699.88,805.97,
169,803.93,700.18,805.84,
170,805.74,699.78,805.19,
171,805.75,699.99,805.3,
172,806.06,700.12,805.28,
173,804.48,699.85,805.29,
174,801.91,699.89,804.94,
175,804.91,699.92,805.4,
176,804.21,699.92,804.61,
177,804.72,699.89,805.7,
178,805.88,699.76,805.14,
179,803.16,700.04,805.37,
180,803.18,699.86,805.15,
181,806.61,700.06,805.73,
182,804.2,700.12,804.55,
183,804.2,699.79,805.8,
184,809.12,700.4,805.66,
185,807.44,699.9,805.53,
186,805.99,699.89,805.21,
187,807.14,700.09,805.26,
188,807.44,699.97,805.62,
189,803.3,699.97,805.71,
190,805.8,699.91,805.59,
191,805.52,700.2,805.36,
192,805.85,700.07,805.12,
193,804.46,699.99,805.34,
194,804.07,699.91,805.2,
195,802.62,699.73,805.26,
196,807.19,700.11,805.27,
197,805.05,700.35,805.27,
198,804.81,700.04,805.25,
199,806.35,699.78,805.08,
200,806.53,700.0,805.1,
201,807.45,700.06,805.38,
202,803.39,699.85,805.42,
203,806.01,700.15,805.36,
204,806.18,699.71,805.53,
205,804.02,700.0,805.38,
206,804.65,699.77,804.77,
207,805.15,699.92,805.31,
208,806.47,700.12,804.83,
209,801.83,699.99,804.48,
210,807.4,700.15,805.63,
211,805.25,700.09,805.21,
212,801.54,700.15,804.51,
213,805.22,700.12,805.1,
214,805.92,700.11,805.52,
215,807.35,699.9,805.61,
216,805.9,699.85,805.01,
217,805.06,700.25,806.25,
218,804.77,700.01,804.66,
219,798.74,699.88,805.46,
220,800.03,700.19,805.55,
221,802.8,699.97,805.52,
222,809.56,699.97,804.97,
223,809.57,700.09,805.46,
224,807.45,699.96,805.35,
225,807.25,700.24,804.52,
226,806.94,699.48,805.17,
227,804.62,699.63,805.23,
228,800.56,699.96,804.77,
229,797.25,700.37,805.4,
230,807.11,700.65,805.17,
231,805.16,700.16,805.58,
232,803.28,699.95,804.19,
233,808.36,700.31,804.94,
234,811.38,699.96,804.14,
235,810.95,699.78,805.86,
236,805.37,700.0,805.57,
237,802.78,700.2,805.55,
238,802.0,699.82,805.21,
239,800.14,699.86,804.71,
240,804.26,699.96,805.69,
241,802.93,700.22,805.98,
242,802.06,699.94,804.89,
243,802.87,699.75,805.31,
244,815.79,700.94,805.4,
245,810.76,699.84,805.8,
246,806.19,699.89,805.65,
247,805.39,699.85,805.25,
248,800.57,700.01,804.8,
249,803.4,699.91,805.62,
250,805.23,699.92,804.99,
251,802.41,700.0,805.27,
252,804.94,699.87,805.5,
253,807.18,700.21,805.39,
254,804.67,699.7,805.52,
255,802.47,699.67,805.0,
256,801.3,699.89,805.41,
257,802.8,700.13,805.5,
258,804.84,699.99,805.35,
259,806.7,700.12,805.3,
260,803.48,699.95,805.03,
261,803.72,700.12,805.5,
262,806.46,700.17,805.26,
263,805.55,700.22,805.47,
264,802.89,700.08,805.28,
265,806.68,699.91,805.69,
266,810.75,700.19,805.4,
267,807.99,699.5,804.97,
268,806.96,700.57,805.25,
269,808.7,700.01,805.26,
270,803.76,699.89,805.5,
271,805.8,699.94,805.22,
272,807.07,699.95,805.24,
273,797.5,688.93,790.05,
274,768.55,671.49,773.5,
275,768.26,672.43,773.31,
276,775.43,677.74,781.61,
277,804.42,700.84,804.71,
278,805.72,699.89,804.64,
279,806.4,699.94,805.26,
280,802.46,699.86,805.13,
281,807.91,699.65,805.34,
282,808.3,700.2,805.59,
283,806.46,699.92,805.46,
284,804.94,699.89,805.28,
285,804.38,700.15,805.69,
286,804.24,700.08,804.49,
287,802.88,699.98,805.63,
288,807.37,700.03,805.51,
289,803.81,700.38,805.25,
290,803.74,700.04,805.07,
291,805.83,700.24,805.67,
292,807.87,699.7,804.87,
293,805.3,700.11,804.74,
294,807.03,699.99,805.33,
295,805.86,700.04,805.09,
296,807.12,700.04,805.6,
297,806.62,700.08,805.46,
298,804.85,699.96,805.26,
299,806.4,700.14,805.32,
300,805.81,700.0,804.99,
301,802.91,699.96,805.07,
302,806.48,700.5,804.37,
303,809.62,700.06,805.22,
304,809.42,699.84,805.1,
305,807.31,700.12,805.26,
306,804.35,699.94,805.31,
307,803.83,700.09,805.37,
308,805.73,700.34,805.25,
309,807.35,699.79,805.38,
310,806.03,700.06,805.25,
311,806.89,699.66,805.44,
312,804.93,699.96,805.51,
313,804.22,700.0,804.41,
314,806.57,700.01,805.41,
315,804.65,700.13,805.23,
316,804.5,700.2,805.02,
317,803.68,700.09,805.19,
318,805.51,699.93,805.32,
319,803.55,699.95,805.25,
320,804.36,699.99,805.46,
321,806.7,700.12,805.37,
322,804.63,699.71,805.3,
323,804.65,699.84,805.2,
324,803.97,700.01,804.68,
325,805.25,700.03,805.32,
326,805.88,700.09,804.97,
327,806.65,699.9,805.43,
328,804.26,700.18,805.23,
329,801.48,699.89,805.0,
330,804.42,699.99,804.58,
331,804.87,700.12,805.69,
332,806.65,699.71,805.53,
333,805.23,700.0,805.27,
334,805.38,699.86,804.99,
335,805.78,699.94,805.22,
336,801.57,700.28,805.64,
337,807.73,700.09,804.78,
338,803.82,699.86,805.66,
339,805.31,700.06,804.88,
340,805.43,699.92,805.43,
341,806.0,700.2,805.09,
342,805.28,699.76,805.01,
343,803.36,700.3,805.53,
344,804.75,700.2,805.49,
345,806.1,699.89,805.23,
346,807.69,699.89,805.86,
347,804.79,700.04,805.61,
348,807.35,700.27,805.34,
349,807.55,699.68,805.41,
350,802.21,700.08,804.93,
351,805.37,700.12,805.42,
352,804.55,699.73,805.47,
353,805.84,700.15,805.57,
354,807.22,699.99,805.48,
355,806.54,700.21,805.73,
356,807.68,699.96,805.59,
357,805.6,700.07,805.24,
358,799.17,700.0,805.21,
359,805.67,699.99,805.49,
360,806.84,700.14,804.99,
361,806.38,700.11,805.26,
362,805.71,700.1,805.48,
363,805.44,700.18,805.53,
364,805.99,699.8,805.08,
365,804.6,700.01,805.04,
366,804.88,700.02,805.34,
367,803.49,700.0,805.37,
368,806.16,699.97,804.93,
369,805.83,700.08,805.39,
370,800.8,699.92,805.15,
371,804.53,700.16,805.31,
372,803.65,699.9,805.76,
373,803.92,699.93,805.43,
374,804.72,700.24,805.23,
375,805.61,699.9,805.34,
376,804.53,699.99,805.25,
377,809.17,700.13,805.39,
378,807.43,700.08,804.91,
379,805.92,700.13,805.56,
380,805.06,699.83,805.65,
381,805.03,699.8,805.38,
382,806.33,699.89,805.55,
383,806.4,699.92,805.29,
384,805.2,700.07,805.52,
385,804.12,699.98,805.48,
386,800.13,257.04,793.84,
387,127.64,0.31,96.44,
388,0.45,0.31,0.0,
389,0.43,0.32,0.0,
390,0.45,0.32,0.0,
391,0.45,0.34,0.0,
392,0.42,0.35,0.0,
393,0.44,0.3,0.0,
394,0.44,0.35,0.0,
395,0.43,0.31,0.0,
396,0.43,0.3,0.0,
397,0.42,0.34,0.0,
398,0.43,0.29,0.0,
399,0.44,0.32,0.0,
400,0.46,0.28,0.0,
401,547.75,0.32,279.31,
402,794.02,54.88,813.24,
403,803.45,705.02,805.4,
404,812.44,700.37,805.55,
405,806.2,699.55,805.2,
406,806.38,700.16,805.44,
407,805.29,699.75,805.57,
408,805.0,700.27,805.31,
409,803.9,700.03,805.45,
410,803.98,700.07,805.71,
411,803.92,699.87,806.33,
412,804.26,700.19,805.33,
413,804.71,699.91,805.14,
414,808.09,699.86,805.81,
415,807.69,700.51,805.67,
416,806.16,700.04,805.2,
417,805.43,700.11,805.38,
418,801.17,699.62,805.38,
419,803.5,700.06,805.41,
420,805.77,700.2,805.14,
421,806.26,700.09,805.42,
422,807.09,700.09,805.33,
423,805.83,699.76,805.27,
424,806.86,699.94,805.55,
425,804.12,699.77,805.1,
426,804.79,700.44,805.22,
427,806.71,699.94,804.88,
428,806.05,700.05,805.37,
429,805.21,699.73,805.61,
430,805.71,700.13,805.81,
431,802.76,699.99,804.92,
432,805.71,700.13,805.26,
433,806.64,700.07,805.34,
434,805.98,699.9,805.34,
435,806.84,700.17,805.21,
436,806.27,699.93,805.12,
437,802.85,699.85,805.14,
438,805.19,700.22,805.31,
439,807.32,700.34,805.16,
440,807.18,700.16,805.65,
441,805.68,700.04,805.34,
442,803.18,700.04,805.62,
443,807.94,700.06,805.37,
444,806.53,699.65,805.34,
445,807.56,700.03,805.61,
446,806.98,700.25,805.56,
447,811.64,699.77,805.58,
448,806.53,699.45,805.61,
449,794.78,265.87,795.36,
450,162.83,0.37,133.68,
451,0.46,0.34,0.0,
452,0.46,0.31,0.0,
453,0.44,0.3,0.0,
454,0.47,0.37,0.0,
455,0.44,0.34,0.0,
456,0.44,0.33,0.0,
457,0.44,0.27,0.0,
458,0.44,0.27,0.0,
459,0.45,0.35,0.0,
460,0.44,0.36,0.0,
461,0.44,0.34,0.0,
462,0.45,0.3,0.0,
463,0.44,0.34,0.0,
464,0.45,0.3,0.0,
465,0.45,0.27,0.0,
466,0.46,0.25,0.0,
467,0.47,0.32,0.0,
468,0.47,7.34,0.0,
469,0.43,20.25,0.0,
470,0.45,0.32,0.0,
471,0.47,0.3,0.0,
472,0.44,0.31,0.0,
473,0.43,0.3,0.0,
474,0.44,0.35,0.0,
475,0.43,0.3,0.0,
476,0.45,0.32,0.0,
477,0.45,0.32,0.0,
478,0.47,0.31,0.0,
479,0.45,0.33,0.0,
480,0.44,0.31,0.0,
481,0.44,0.34,0.0,
482,0.44,0.35,0.0,
483,0.45,0.32,0.0,
484,0.45,0.32,0.0,
485,0.45,0.3,0.0,
486,0.47,0.31,0.0,
487,0.43,0.34,0.0,
488,0.44,0.3,0.0,
489,0.45,0.34,0.0,
490,0.44,0.26,0.0,
491,0.45,0.32,0.0,
492,0.45,0.27,0.0,
493,0.44,0.3,0.0,
494,0.42,0.38,0.0,
495,0.44,0.28,0.0,
496,196.87,16.16,0.0,
497,815.93,0.38,726.49,
498,739.59,37.07,681.61,
499,683.35,0.33,358.12,
500,811.97,0.32,805.48,
501,748.45,34.53,685.65,
502,238.56,0.32,137.97,
503,805.67,0.33,594.89,
504,806.51,0.3,804.44,
505,806.21,0.28,805.59,
506,806.91,0.34,805.52,
507,806.26,0.32,805.45,
508,808.15,0.33,805.76,
509,802.42,0.32,771.64,
510,791.81,0.35,793.45,
511,773.33,36.4,730.69,
512,0.45,0.35,0.0,
513,0.45,0.29,0.0,
514,0.44,0.37,0.0,
515,0.45,0.34,0.0,
516,0.46,0.32,0.0,
517,0.46,0.39,0.0,
518,0.46,0.32,0.0,
519,0.46,0.31,0.0,
520,0.46,0.34,0.0,
521,0.45,0.31,0.0,
522,0.47,0.35,0.0,
523,38.8,0.35,0.0,
524,802.75,0.37,572.29,
525,794.93,159.59,811.06,
526,806.15,699.19,805.43,
527,808.61,699.9,805.45,
528,806.44,699.55,805.24,
529,802.67,700.0,805.57,
530,801.42,700.03,805.27,
531,803.64,700.16,805.23,
532,802.36,700.08,805.45,
533,808.93,700.26,805.39,
534,808.3,699.88,806.29,
535,805.12,699.98,806.07,
536,805.79,699.92,805.51,
537,804.29,699.78,804.98,
538,806.36,699.98,805.21,
539,805.54,699.91,805.25,
540,802.59,699.9,804.28,
541,801.52,699.91,805.06,
542,800.81,700.25,805.91,
543,807.85,699.98,805.42,
544,805.39,700.11,804.98,
545,806.76,699.94,805.23,
546,803.84,699.74,805.53,
547,805.57,700.14,805.35,
548,804.88,699.85,806.14,
549,805.71,700.27,805.08,
550,804.7,699.78,804.92,
551,805.75,699.57,805.52,
552,804.51,700.04,805.56,
553,804.65,699.85,805.6,
554,805.6,699.99,804.86,
555,805.14,699.7,804.25,
556,804.4,700.0,805.05,
557,805.27,700.05,805.66,
558,806.1,700.0,804.59,
559,804.53,699.9,805.36,
560,802.99,700.03,804.67,
561,803.26,700.28,804.79,
562,803.45,700.2,804.99,
563,803.88,699.88,805.54,
564,805.49,699.73,805.36,
565,809.93,700.14,805.49,
566,807.47,700.02,805.36,
567,805.77,700.07,805.58,
568,804.45,699.78,805.25,
569,802.63,700.06,805.46,
570,804.17,699.86,805.61,
571,803.77,700.08,805.15,
572,804.05,699.87,804.97,
573,803.59,700.18,805.38,
574,805.01,699.86,805.4,
575,804.15,700.18,805.39,
576,804.64,699.88,805.67,
577,809.19,700.19,805.29,
578,805.15,699.81,805.41,
579,808.1,700.03,805.34,
580,806.32,700.32,805.43,
581,804.62,700.24,805.3,
582,800.5,699.61,805.22,
583,803.61,700.36,805.61,
584,802.41,699.97,805.38,
585,803.55,699.76,805.49,
586,805.6,700.32,805.08,
587,809.49,699.87,805.22,
588,803.8,700.04,805.17,
589,807.8,700.08,805.26,
590,806.26,700.05,805.27,
591,806.06,700.23,805.52,
592,803.29,700.04,805.4,
593,805.28,700.04,805.2,
594,804.57,699.8,805.39,
595,803.57,700.23,805.38,
596,804.72,699.82,805.37,
597,805.4,700.03,805.17,
598,803.92,699.58,805.28,
599,804.23,700.1,805.48,
600,805.67,699.99,805.26,
601,805.92,700.22,805.04,
602,805.15,699.91,805.55,
603,805.07,700.11,805.08,
604,802.64,699.76,805.29,
605,804.84,700.17,805.5,
606,804.43,699.95,805.38,
607,805.79,700.17,805.36,
608,812.62,699.98,805.08,
609,807.52,700.03,805.17,
610,804.34,699.8,805.37,
611,805.35,700.0,805.38,
612,804.88,699.85,805.26,
613,805.51,700.01,805.19,
614,805.89,700.15,805.49,
615,803.7,699.68,805.32,
616,802.19,700.06,805.44,
617,801.4,700.07,805.02,
618,802.82,700.11,805.45,
619,807.49,699.91,805.48,
620,804.78,699.98,805.65,
621,806.74,699.93,805.51,
622,809.03,699.95,805.27,
623,807.49,699.57,805.44,
624,805.63,700.11,805.46,
625,805.35,699.65,805.43,
626,801.44,700.11,805.49,
627,805.97,700.1,805.36,
628,806.67,699.88,805.69,
629,806.3,700.04,805.28,
630,806.32,699.94,805.31,
631,805.65,700.26,805.34,
632,804.43,699.86,805.39,
633,806.63,700.31,805.54,
634,803.83,699.62,805.48,
635,801.33,700.01,805.27,
636,801.87,700.14,805.24,
637,804.08,700.08,805.35,
638,803.16,699.45,805.49,
639,804.05,700.01,805.26,
640,803.51,699.87,805.24,
641,804.36,700.02,805.31,
642,806.37,699.87,805.4,
643,806.62,700.33,805.46,
644,805.07,699.94,805.46,
645,805.0,699.81,805.21,
646,806.1,699.84,805.28,
647,803.21,699.84,805.31,
648,804.99,699.68,805.3,
649,805.25,700.12,805.47,
650,804.28,700.21,805.14,
651,802.09,700.22,805.53,
652,810.49,699.88,805.45,
653,807.92,700.06,805.33,
654,808.15,699.87,805.34,
655,805.86,700.0,805.53,
656,802.79,699.98,805.32,
657,805.6,699.94,805.39,
658,805.89,700.13,805.47,
659,805.18,699.86,805.3,
660,806.48,700.28,805.4,
661,802.35,699.91,805.48,
662,805.68,700.02,805.16,
663,802.46,699.88,805.59,
664,804.5,700.09,805.36,
665,807.6,699.9,805.47,
666,805.58,700.3,805.3,
667,800.38,699.59,805.55,
668,806.66,699.94,805.49,
669,804.76,699.96,805.43,
670,803.6,700.09,805.75,
671,805.07,699.97,805.6,
672,806.3,699.84,805.55,
673,805.43,699.7,805.37,
674,804.2,699.92,805.47,
675,805.17,700.23,805.45,
676,805.75,700.1,805.37,
677,805.28,699.86,805.51,
678,804.9,700.13,805.29,
679,800.8,699.77,805.64,
680,803.92,700.42,805.25,
681,802.02,699.81,805.28,
682,804.65,700.22,805.41,
683,797.2,699.41,805.37,
684,810.57,700.43,805.64,
685,809.63,699.78,805.19,
686,798.55,699.67,805.38,
687,805.39,700.18,805.21,
688,807.16,699.97,805.37,
689,806.96,700.04,805.34,
690,805.73,700.25,805.42,
691,801.91,699.63,805.37,
692,805.04,700.25,805.44,
693,804.25,700.21,805.39,
694,805.46,700.23,805.48,
695,804.16,699.71,805.28,
696,805.79,699.94,805.36,
697,804.56,699.74,805.53,
698,802.2,700.04,805.31,
699,802.53,700.12,805.4,
700,814.85,699.95,805.46,
701,811.43,700.07,805.47,
702,805.74,699.91,805.33,
703,806.23,699.95,805.41,
704,804.46,700.17,805.35,
705,804.68,699.93,805.46,
706,804.02,700.0,805.37,
707,799.89,700.04,805.35,
708,802.88,700.03,805.64,
709,805.34,700.05,805.63,
710,804.51,699.95,805.5,
711,804.3,699.58,805.32,
712,804.49,700.3,805.46,
713,804.55,699.9,805.5,
714,803.36,699.96,805.36,
715,805.64,699.97,805.44,
716,804.64,699.86,805.25,
717,805.34,700.23,805.42,
718,805.31,699.86,805.48,
719,805.18,700.25,805.41,
720,803.82,699.99,805.22,
721,804.76,700.17,805.39,
722,805.78,700.21,805.26,
723,805.41,699.96,805.42,
724,803.64,700.01,805.52,
725,806.04,700.19,805.54,
726,800.49,699.52,805.48,
727,805.22,700.27,805.7,
728,803.95,700.07,805.41,
729,804.73,700.0,805.24,
730,803.22,700.02,805.52,
731,804.53,699.87,805.2,
732,804.47,699.82,805.42,
733,807.86,700.61,805.27,
734,813.68,699.7,805.32,
735,808.12,700.28,805.25,
736,804.44,699.57,805.44,
737,803.94,699.97,805.37,
738,797.44,699.71,805.37,
739,803.29,700.76,805.46,
740,803.6,699.71,805.59,
741,805.68,700.38,805.23,
742,812.02,699.96,805.45,
743,809.55,699.74,805.22,
744,805.45,699.88,805.6,
745,803.41,700.28,805.35,
746,803.33,699.96,805.43,
747,803.6,700.14,805.39,
748,799.23,699.96,805.48,
749,803.02,700.35,805.62,
750,805.27,699.83,805.36,
751,805.35,700.17,805.54,
752,806.12,700.05,805.28,
753,805.19,700.15,805.3,
754,807.09,700.34,805.24,
755,806.93,699.89,805.15,
756,805.64,699.9,805.59,
757,805.95,699.97,805.65,
758,805.9,699.97,805.29,
759,806.81,700.23,805.48,
760,805.66,700.06,805.42,
761,805.42,699.87,805.45,
762,804.49,699.84,805.49,
763,803.21,700.18,805.26,
764,804.44,699.83,805.37,
765,805.96,700.16,805.49,
766,802.36,699.93,805.45,
767,804.95,700.02,805.23,
768,805.09,700.16,805.57,
769,804.74,699.88,805.17,
770,802.37,699.85,805.4,
771,803.17,700.04,805.51,
772,806.12,700.15,805.35,
773,807.01,699.79,805.37,
774,805.09,700.12,805.4,
775,803.76,699.83,805.36,
776,804.85,700.06,805.73,
777,805.42,700.22,805.17,
778,805.15,699.98,805.38,
779,804.6,699.83,805.31,
780,803.54,700.19,805.47,
781,803.61,699.93,805.57,
782,805.77,700.11,805.31,
783,805.83,700.1,805.12,
784,801.65,699.96,805.36,
785,810.49,700.04,805.44,
786,804.16,700.15,805.41,
787,803.6,700.04,805.55,
788,804.36,699.95,805.58,
789,805.76,700.14,805.55,
790,806.05,700.03,805.37,
791,815.63,700.3,805.37,
792,807.52,699.92,805.33,
793,804.14,699.78,805.28,
794,797.86,700.2,805.38,
795,802.4,700.14,805.25,
796,804.71,700.06,805.5,
797,803.3,699.89,805.29,
798,813.05,194.56,800.56,
799,47.82,0.26,23.9,
800,0.45,0.34,0.0,
801,0.43,0.3,0.0,
802,0.43,0.33,0.0,
803,0.42,0.34,0.0,
804,0.43,0.31,0.0,
805,0.43,0.31,0.0,
806,0.44,0.33,0.0,
807,0.42,0.32,0.0,
808,0.44,0.32,0.0,
809,0.44,0.38,0.0,
810,0.42,0.35,0.0,
811,0.44,0.34,0.0,
812,0.43,0.35,0.0,
813,0.41,0.32,0.0,
814,0.45,0.35,0.0,
815,0.44,0.31,0.0,
816,0.44,0.31,0.0,
817,0.44,0.33,0.0,
818,0.44,0.36,0.0,
819,0.46,0.34,0.0,
820,0.43,0.27,0.0,
821,0.45,0.34,0.0,
822,0.44,0.33,0.0,
823,0.45,0.34,0.0,
824,0.44,0.33,0.0,
825,0.44,0.29,0.0,
826,0.45,0.36,0.0,
827,0.44,0.3,0.0,
828,0.44,0.34,0.0,
829,0.45,0.3,0.0,
830,0.44,0.33,0.0,
831,0.44,0.33,0.0,
832,0.43,0.32,0.0,
833,0.44,0.31,0.0,
834,0.44,0.27,0.0,
835,0.44,0.33,0.0,
836,0.44,0.36,0.0,
837,0.44,0.35,0.0,
838,0.44,0.33,0.0,
839,0.44,0.43,0.0,
840,0.44,0.33,0.0,
841,0.44,0.25,0.0,
842,0.44,0.33,0.0,
843,0.45,0.32,0.0,
844,0.43,0.36,0.0,
845,0.44,0.35,0.0,
846,0.44,0.33,0.0,
847,0.43,0.31,0.0,
848,0.43,0.35,0.0,
849,0.44,0.34,0.0,
850,0.45,0.3,0.0,
851,0.47,0.33,0.0,
852,0.45,0.28,0.0,
853,0.46,0.32,0.0,
854,0.45,0.29,0.0,
855,0.45,0.34,0.0,
856,0.43,0.27,0.0,
857,0.45,0.31,0.0,
858,0.44,0.33,0.0,
859,0.47,0.29,0.0,
860,0.42,0.33,0.0,
861,0.44,0.31,0.0,
862,0.44,0.36,0.0,
863,0.45,0.31,0.0,
864,0.45,0.35,0.0,
865,0.45,0.33,0.0,
866,0.45,0.33,0.0,
867,0.43,0.36,0.0,
868,0.46,0.36,0.0,
869,0.45,0.36,0.0,
870,0.46,0.4,0.0,
871,0.46,0.32,0.0,
872,0.46,0.41,0.0,
873,0.44,0.3,0.0,
874,0.44,0.36,0.0,
875,0.45,0.32,0.0,
876,0.45,0.3,0.0,
877,0.46,0.3,0.0,
878,0.45,0.31,0.0,
879,0.44,0.3,0.0,
880,0.44,0.31,0.0,
881,0.44,0.28,0.0,
882,0.46,0.33,0.0,
883,0.46,0.35,0.0,
884,0.44,0.35,0.0,
885,0.43,0.3,0.0,
886,0.45,0.3,0.0,
887,0.46,0.33,0.0,
888,0.43,0.38,0.0,
889,0.44,0.35,0.0,
890,0.43,0.24,0.0,
891,0.42,0.4,0.0,
892,0.46,0.3,0.0,
893,0.45,0.33,0.0,
894,0.45,0.33,0.0,
895,0.44,0.3,0.0,
896,0.44,0.36,0.0,
897,0.44,0.35,0.0,
898,0.44,0.36,0.0,
899,0.44,0.32,0.0,
900,0.44,0.31,0.0,
901,0.44,0.33,0.0,
902,0.45,0.34,0.0,
903,0.44,0.36,0.0,
904,0.44,0.36,0.0,
905,0.45,0.36,0.0,
906,0.44,0.38,0.0,
907,0.44,0.39,0.0,
908,0.45,0.32,0.0,
909,0.46,0.33,0.0,
910,0.45,0.3,0.0,
911,0.45,0.31,0.0,
912,0.46,0.36,0.0,
913,0.46,0.32,0.0,
914,0.46,0.34,0.0,
915,0.43,0.35,0.0,
916,0.45,0.34,0.0,
917,0.44,0.33,0.0,
918,0.44,0.32,0.0,
919,0.43,0.34,0.0,
920,0.45,0.29,0.0,
921,0.44,0.29,0.0,
922,0.45,0.35,0.0,
923,0.42,0.31,0.0,
924,0.42,0.3,0.0,
925,0.44,0.32,0.0,
926,0.43,0.33,0.0,
927,0.43,0.34,0.0,
928,0.44,0.32,0.0,
929,0.43,0.29,0.0,
930,0.44,0.39,0.0,
931,0.43,0.34,0.0,
932,0.43,0.29,0.0,
933,0.45,0.35,0.0,
934,0.44,0.34,0.0,
935,0.44,0.35,0.0,
936,0.43,0.34,0.0,
937,0.42,0.37,0.0,
938,0.43,0.36,0.0,
939,0.43,0.29,0.0,
940,0.44,0.34,0.0,
941,0.43,0.33,0.0,
942,0.45,0.3,0.0,
943,0.44,0.35,0.0,
944,0.44,0.31,0.0,
945,0.44,0.33,0.0,
946,0.43,0.33,0.0,
947,0.43,0.34,0.0,
948,0.44,0.34,0.0,
949,555.03,1.04,301.63,
950,812.88,0.33,805.0,
951,784.48,490.24,814.2,
952,803.88,699.74,805.34,
953,807.82,699.88,806.09,
954,803.19,699.79,805.41,
955,806.28,700.28,806.2,
956,808.1,699.76,804.91,
957,805.53,699.79,806.52,
958,807.98,700.18,805.71,
959,806.72,700.07,805.84,
960,811.66,700.48,805.4,
961,802.69,699.38,805.28,
962,797.54,700.11,805.39,
963,805.63,700.21,805.16,
964,812.66,700.08,805.29,
965,807.66,700.17,805.2,
966,804.13,699.94,805.64,
967,807.61,700.27,805.26,
968,798.6,699.72,805.19,
969,802.38,700.08,805.46,
970,799.51,700.15,805.48,
971,803.43,700.03,805.31,
972,804.6,699.92,805.37,
973,809.76,700.0,805.42,
974,810.99,699.97,805.39,
975,806.71,699.87,805.42,
976,805.21,699.84,805.15,
977,803.24,699.97,805.55,
978,803.63,700.03,805.47,
979,801.54,699.84,805.42,
980,803.25,700.45,805.38,
981,804.71,699.6,805.6,
982,805.48,700.21,805.33,
983,804.07,699.83,805.1,
984,805.34,699.95,805.27,
985,806.08,699.99,805.2,
986,805.27,700.06,805.36,
987,805.76,699.93,805.13,
988,805.32,700.13,805.68,
989,803.57,699.96,805.2,
990,802.96,699.74,805.5,
991,802.91,700.0,805.54,
992,804.93,699.97,805.43,
993,806.1,699.95,805.51,
994,810.93,700.12,805.37,
995,806.42,699.95,805.51,
996,807.27,700.1,805.39,
997,806.18,699.83,805.29,
998,806.21,700.26,805.36,
999,804.76,700.15,805.32,
1000,805.71,700.09,805.5,
1001,797.97,699.42,805.49,
1002,802.66,700.31,805.44,
1003,801.94,699.83,805.29,
1004,808.63,700.18,805.37,
1005,808.1,699.85,805.34,
1006,805.61,699.92,805.28,
1007,806.2,699.62,805.56,
1008,801.97,700.16,805.37,
1009,807.25,699.99,805.35,
1010,805.26,699.81,805.32,
1011,806.29,700.26,805.46,
1012,805.79,699.95,805.4,
1013,805.09,699.77,805.4,
1014,801.89,699.77,805.38,
1015,802.7,699.87,805.33,
1016,803.17,699.63,805.13,
1017,804.87,700.15,805.31,
1018,804.48,699.72,805.38,
1019,803.94,699.95,805.28,
1020,804.07,700.11,805.31,
1021,802.99,700.03,805.45,
1022,804.81,700.23,805.21,
1023,806.1,700.07,805.48,
1024,805.06,699.98,805.5,
1025,805.47,700.09,805.63,
1026,803.72,699.31,805.52,
1027,805.58,700.05,805.41,
1028,805.78,700.22,805.55,
1029,804.9,699.85,805.34,
1030,805.49,699.84,805.39,
1031,804.29,699.98,805.26,
1032,804.68,700.05,805.34,
1033,804.07,699.78,805.2,
1034,805.07,699.75,805.52,
1035,805.66,699.81,805.65,
1036,805.34,700.01,805.51,
1037,805.1,699.7,805.4,
1038,803.1,700.18,805.41,
1039,804.76,700.03,805.5,
1040,806.15,700.06,805.23,
1041,805.6,699.98,805.38,
1042,810.19,700.01,805.48,
1043,809.82,699.78,805.38,
1044,805.72,699.92,805.33,
1045,801.17,700.07,805.5,
1046,805.0,699.86,805.16,
1047,803.78,699.8,805.22,
1048,802.45,699.9,805.23,
1049,804.23,700.36,805.59,
1050,803.21,700.14,805.59,
1051,804.52,699.95,805.4,
1052,801.75,700.22,805.15,
1053,809.56,700.02,805.47,
1054,809.02,700.15,805.4,
1055,805.84,699.79,805.51,
1056,801.84,700.01,805.55,
1057,803.41,699.74,805.5,
1058,804.32,700.03,805.33,
1059,802.02,699.92,805.28,
1060,804.85,699.98,805.55,
1061,803.44,699.96,805.31,
1062,803.22,700.05,805.14,
1063,809.27,700.26,805.29,
1064,808.72,700.08,805.4,
1065,808.17,700.02,805.51,
1066,805.12,699.94,805.21,
1067,806.83,700.15,805.33,
1068,801.89,699.99,805.3,
1069,800.73,699.75,805.27,
1070,803.14,700.16,805.04,
1071,802.56,700.12,805.27,
1072,805.13,699.98,805.25,
1073,810.12,700.06,805.5,
1074,807.73,699.93,805.3,
1075,807.63,700.06,805.45,
1076,807.41,700.27,805.32,
1077,805.53,699.85,805.33,
1078,804.68,700.08,805.31,
1079,804.57,700.14,805.33,
1080,804.81,699.91,805.28,
1081,799.72,699.94,805.32,
1082,804.41,700.31,805.37,
1083,805.09,699.78,805.36,
1084,804.12,700.09,805.47,
1085,801.97,699.81,805.47,
1086,804.8,700.15,805.24,
1087,803.87,699.98,805.19,
1088,804.12,700.06,805.36,
1089,811.16,699.71,805.33,
1090,810.19,700.07,805.62,
1091,803.53,699.88,805.35,
1092,802.3,700.08,805.42,
1093,801.54,700.04,805.58,
1094,800.49,699.81,805.6,
1095,802.05,700.1,805.53,
1096,806.01,700.27,805.22,
1097,810.39,700.35,805.65,
1098,810.38,699.73,805.35,
1099,806.49,699.92,805.43,
1100,804.36,700.04,805.53,
1101,802.15,699.95,805.47,
1102,801.75,699.93,805.23,
1103,802.84,700.09,805.34,
1104,804.52,700.19,805.33,
1105,805.33,700.03,805.02,
1106,804.53,699.91,805.51,
1107,806.23,700.03,805.46,
1108,804.94,699.94,805.25,
1109,805.98,699.99,805.4,
1110,806.52,700.0,805.25,
1111,805.85,700.06,805.59,
1112,806.34,699.97,805.5,
1113,806.12,700.13,805.32,
1114,805.97,699.98,805.37,
1115,804.86,699.85,805.43,
1116,801.75,699.92,805.38,
1117,803.57,700.26,805.31,
1118,807.15,699.76,805.66,
1119,805.7,699.93,805.28,
1120,802.82,699.98,805.33,
1121,805.33,700.05,805.44,
1122,804.87,699.84,805.31,
1123,805.22,700.05,805.52,
1124,803.6,699.73,805.55,
1125,802.62,700.21,805.55,
1126,805.83,700.22,805.09,
1127,806.87,699.75,805.38,
1128,804.29,700.24,805.44,
1129,805.69,700.14,805.32,
1130,806.23,700.03,805.41,
1131,802.63,700.16,805.5,
1132,804.6,700.12,805.33,
1133,806.06,699.93,805.13,
1134,804.28,700.15,805.51,
1135,805.72,699.96,805.7,
1136,806.83,699.96,805.36,
1137,807.43,700.16,805.97,
1138,805.12,700.54,805.38,
1139,802.76,699.94,805.35,
1140,805.31,700.0,805.79,
1141,806.48,700.33,805.82,
1142,805.91,700.04,806.02,
1143,806.74,699.94,805.67,
1144,807.09,699.87,805.42,
1145,806.85,700.35,805.49,
1146,806.91,699.45,805.79,
1147,802.58,699.56,805.38,
1148,804.31,699.49,805.25,
1149,804.29,699.8,805.63,
1150,804.5,699.87,805.64,
1151,804.59,699.89,805.32,
1152,805.51,699.71,805.56,
1153,804.98,700.31,805.16,
1154,801.74,699.78,805.52,
1155,803.65,700.36,805.41,
1156,803.68,700.04,805.62,
1157,804.85,699.95,805.82,
1158,801.35,699.9,805.6,
1159,805.3,699.7,805.4,
1160,810.8,699.99,805.67,
1161,810.01,700.25,805.47,
1162,805.57,699.65,805.58,
1163,802.79,699.95,805.46,
1164,802.93,700.02,805.47,
1165,802.57,699.93,805.19,
1166,802.54,700.01,805.53,
1167,803.48,700.32,805.45,
1168,806.12,699.86,805.41,
1169,803.29,699.95,805.65,
1170,806.18,699.81,805.31,
1171,806.36,699.94,805.44,
1172,807.21,700.1,805.6,
1173,806.62,700.1,805.4,
1174,806.11,700.01,805.27,
1175,807.25,700.16,805.31,
1176,806.57,699.82,805.45,
1177,806.47,700.01,805.52,
1178,804.39,699.53,805.34,
1179,801.56,699.95,805.2,
1180,800.33,700.19,805.45,
1181,805.18,700.11,805.56,
1182,804.11,699.85,805.23,
1183,804.38,700.1,805.3,
1184,805.56,700.12,805.73,
1185,805.95,699.78,805.53,
1186,805.22,700.31,805.66,
1187,805.1,700.19,805.67,
1188,803.97,698.57,805.4,
1189,803.14,700.62,805.17,
1190,806.0,700.61,805.25,
1191,803.37,699.73,805.07,
1192,805.9,700.16,805.54,
1193,806.92,700.11,805.27,
1194,807.61,699.73,805.47,
1195,807.54,700.13,805.3,
1196,808.68,700.24,805.57,
1197,805.14,700.06,805.64,
1198,801.9,699.66,805.26,
1199,803.11,700.0,805.55,
1200,802.8,700.4,805.4,
1201,801.97,699.73,805.47,
1202,804.19,700.14,805.33,
1203,806.53,700.16,805.31,
1204,809.23,699.92,805.58,
1205,806.32,700.15,805.65,
1206,808.65,700.27,805.32,
1207,806.58,699.99,805.13,
1208,802.25,700.07,805.61,
1209,800.49,699.98,805.45,
1210,799.53,700.11,805.29,
1211,807.35,700.21,805.3,
1212,809.28,699.88,805.27,
1213,807.89,700.06,805.41,
1214,808.95,699.93,805.2,
1215,802.03,699.83,805.35,
1216,802.73,699.94,805.7,
1217,800.67,699.74,805.36,
1218,800.64,700.12,805.38,
1219,806.38,699.91,805.05,
1220,809.47,700.19,805.23,
1221,810.2,700.01,805.86,
1222,806.77,699.91,805.62,
1223,803.91,699.83,805.86,
1224,800.97,699.89,805.09,
1225,801.09,700.09,805.72,
1226,807.56,700.07,806.18,
1227,806.09,700.25,805.13,
1228,804.87,700.34,805.65,
1229,803.2,700.01,805.39,
1230,802.72,700.23,805.34,
1231,802.19,699.78,805.46,
1232,803.84,700.21,805.25,
1233,805.94,699.94,805.52,
1234,806.49,700.06,805.78,
1235,807.7,700.0,805.16,
1236,807.28,700.19,805.19,
1237,806.69,699.94,805.56,
1238,803.91,700.12,805.63,
1239,803.7,699.5,805.33,
1240,804.18,700.4,805.48,
1241,802.09,699.78,805.34,
1242,805.34,700.02,805.77,
1243,804.82,700.1,805.79,
1244,809.0,699.98,805.45,
1245,807.85,700.11,805.47,
1246,805.69,699.63,805.66,
1247,807.68,700.01,805.53,
1248,807.51,699.92,805.71,
1249,802.98,699.55,805.14,
1250,802.7,700.15,804.98,
1251,802.24,700.06,805.26,
1252,802.95,700.15,805.84,
1253,807.81,700.09,805.53,
1254,805.82,699.79,805.53,
1255,807.91,700.14,805.42,
1256,805.7,699.75,805.26,
1257,808.27,700.08,805.62,
1258,806.76,700.11,805.43,
1259,804.37,699.75,805.53,
1260,799.4,700.39,805.5,
1261,804.87,699.89,805.25,
1262,804.07,699.91,805.41,
1263,803.96,700.21,806.39,
1264,805.59,700.15,805.18,
1265,812.67,700.32,806.55,
1266,809.73,699.84,806.25,
1267,803.3,699.81,805.81,
1268,802.07,699.87,805.46,
1269,802.56,699.91,805.36,
1270,802.87,700.3,805.33,
1271,802.83,699.67,804.79,
1272,805.91,700.04,805.3,
1273,804.41,699.91,805.21,
1274,813.19,700.27,806.08,
1275,813.78,699.51,805.65,
1276,805.37,700.06,805.17,
1277,805.19,699.93,805.71,
1278,803.78,700.23,805.03,
1279,804.2,699.57,805.31,
1280,801.93,700.19,805.6,
1281,799.78,700.14,805.72,
1282,808.54,700.36,805.94,
1283,811.54,699.95,805.53,
1284,809.05,700.04,805.58,
1285,806.9,699.94,805.5,
1286,798.73,699.77,805.69,
1287,800.15,699.94,805.8,
1288,806.97,700.14,805.83,
1289,802.92,700.03,805.33,
1290,800.25,699.93,805.32,
1291,805.61,700.17,805.35,
1292,814.18,700.31,805.61,
1293,810.94,699.92,805.92,
1294,805.43,699.98,805.05,
1295,800.36,700.04,805.94,
1296,795.72,699.97,805.31,
1297,809.78,700.82,805.49,
1298,812.32,699.77,805.84,
1299,808.92,699.93,805.94,
1300,805.33,699.84,805.6,
1301,802.51,699.79,805.2,
1302,805.35,700.27,805.56,
1303,802.24,699.91,805.76,
1304,800.42,699.68,805.29,
1305,802.21,700.22,805.75,
1306,802.58,700.31,805.81,
1307,811.44,700.58,805.96,
1308,810.56,699.93,805.75,
1309,806.58,700.01,805.37,
1310,803.55,700.02,805.39,
1311,794.94,699.8,805.36,
1312,807.45,700.31,805.47,
1313,814.33,700.04,805.45,
1314,801.99,699.35,805.54,
1315,799.77,700.6,805.32,
1316,811.35,700.07,805.59,
1317,808.93,699.95,805.82,
1318,797.39,699.85,806.18,
1319,802.27,700.18,805.93,
1320,810.0,700.27,805.27,
1321,805.78,699.75,804.23,
1322,809.88,700.07,805.29,
1323,807.93,699.71,805.79,
1324,804.8,700.11,805.07,
1325,802.91,699.8,805.55,
1326,803.25,699.95,805.03,
1327,801.68,699.54,805.24,
1328,800.83,700.24,805.31,
1329,804.23,700.06,805.35,
1330,806.12,699.99,805.3,
1331,805.77,699.87,805.68,
1332,800.65,700.14,805.25,
1333,804.62,699.88,805.87,
1334,811.53,700.05,805.64,
1335,815.65,700.16,805.57,
1336,806.72,699.8,805.15,
1337,802.04,699.79,805.63,
1338,797.74,699.62,805.46,
1339,801.12,700.18,805.3,
1340,805.56,700.25,805.63,
1341,805.81,700.19,805.9,
1342,808.01,700.2,805.09,
1343,806.45,700.09,805.65,
1344,805.93,700.2,805.74,
1345,801.54,699.58,805.39,
1346,804.16,700.15,805.57,
1347,800.95,700.07,805.36,
1348,802.43,700.36,805.46,
1349,807.66,699.94,805.14,
1350,809.12,699.98,805.41,
1351,807.11,699.87,805.2,
1352,802.25,699.56,805.41,
1353,803.27,700.53,805.89,
1354,803.88,699.95,805.72,
1355,805.19,700.16,805.41,
1356,807.52,700.13,805.07,
1357,809.42,700.1,805.16,
1358,808.69,699.83,805.55,
1359,804.49,699.93,805.58,
1360,799.98,699.77,805.29,
1361,799.6,699.71,805.32,
1362,809.08,700.34,805.81,
1363,808.68,700.08,805.4,
1364,809.11,699.95,805.53,
1365,806.85,700.0,805.67,
1366,805.52,700.13,805.67,
1367,802.12,699.92,805.49,
1368,799.9,699.93,805.44,
1369,798.72,699.98,805.36,
1370,807.37,699.94,805.36,
1371,806.7,699.93,805.34,
1372,808.1,700.32,805.56,
1373,807.28,699.56,805.45,
1374,809.17,700.0,806.12,
1375,808.1,700.04,805.49,
1376,804.16,699.81,805.3,
1377,801.64,699.46,805.59,
1378,797.76,699.82,805.35,
1379,802.77,699.89,805.52,
1380,800.69,699.98,805.53,
1381,807.44,700.11,805.41,
1382,802.89,699.96,805.4,
1383,812.46,700.21,805.64,
1384,815.83,699.94,805.16,
1385,805.82,699.29,805.42,
1386,801.97,700.52,805.39,
1387,800.46,700.22,805.28,
1388,798.15,699.89,805.37,
1389,802.63,700.05,805.09,
1390,811.29,700.5,805.8,
1391,816.5,699.6,804.98,
1392,804.13,700.09,805.23,
1393,801.84,699.91,805.31,
1394,801.97,699.76,805.35,
1395,798.12,700.01,805.55,
1396,801.92,700.23,805.92,
1397,805.71,700.0,805.4,
1398,805.8,699.94,805.34,
1399,807.62,700.22,805.33,
1400,808.97,700.06,806.1,
1401,807.35,699.88,805.39,
1402,805.54,699.87,805.84,
1403,805.21,700.01,805.32,
1404,807.38,700.09,805.58,
1405,805.74,699.89,805.2,
1406,803.83,699.67,805.37,
1407,804.84,699.76,805.24,
1408,803.56,700.2,805.58,
1409,804.57,699.93,805.36,
1410,805.71,700.07,805.25,
1411,806.58,699.81,805.0,
1412,807.03,699.49,805.6,
1413,806.89,700.62,805.25,
1414,807.31,700.07,805.51,
1415,802.28,699.61,805.14,
1416,798.27,699.75,805.37,
1417,800.41,700.46,805.47,
1418,806.72,700.02,805.8,
1419,808.41,700.15,805.1,
1420,808.32,700.06,805.09,
1421,789.55,686.87,790.85,
1422,805.13,700.89,805.6,
1423,808.76,700.0,805.44,
1424,804.46,699.73,805.0,
1425,802.93,699.7,805.64,
1426,805.6,700.07,805.08,
1427,810.66,700.36,805.01,
1428,809.71,699.85,805.36,
1429,806.14,699.98,805.35,
1430,807.24,700.04,805.34,
1431,804.94,699.89,805.31,
1432,803.92,700.26,805.43,
1433,803.82,699.98,805.46,
1434,800.22,699.78,804.96,
1435,799.87,700.26,805.48,
1436,804.4,699.76,805.17,
1437,807.65,700.14,805.35,
1438,807.47,700.09,805.44,
1439,805.51,700.32,805.25,
1440,805.45,700.15,805.79,
1441,805.65,699.97,805.03,
1442,798.51,699.76,805.21,
1443,799.83,700.13,805.95,
1444,807.68,700.1,805.31,
1445,811.86,700.38,805.29,
1446,810.28,699.98,805.39,
1447,806.43,699.85,805.27,
1448,803.52,699.78,805.72,
1449,804.67,700.09,805.7,
1450,805.05,699.94,805.13,
1451,799.82,699.87,805.07,
1452,801.01,699.96,805.01,
1453,801.18,700.19,805.7,
1454,804.62,699.99,805.47,
1455,806.94,699.65,806.15,
1456,804.96,700.04,804.5,
1457,804.86,699.89,805.53,
1458,807.69,700.1,806.36,
1459,806.43,699.74,805.7,
1460,804.52,699.68,805.67,
1461,803.41,700.21,805.2,
1462,807.67,699.84,805.78,
1463,806.32,700.31,804.86,
1464,811.18,699.79,804.88,
1465,807.48,699.79,805.7,
1466,806.3,700.01,805.76,
1467,802.51,699.99,805.3,
1468,806.31,700.1,805.58,
1469,803.19,699.91,804.29,
1470,805.55,700.04,805.52,
1471,805.86,699.56,805.11,
1472,799.27,698.9,804.76,
1473,800.44,700.69,805.3,
1474,805.04,700.15,805.95,
1475,811.82,700.51,806.18,
1476,806.8,699.85,804.9,
1477,258.53,217.7,245.47,
1478,762.88,0.37,497.72,
1479,789.1,271.33,810.0,
1480,810.62,700.59,805.38,
1481,812.52,699.94,805.39,
1482,807.2,699.79,805.28,
1483,806.23,700.2,805.48,
1484,802.79,699.72,805.36,
1485,800.68,700.22,805.26,
1486,812.16,700.25,805.59,
1487,808.31,699.66,805.56,
1488,792.1,699.07,805.58,
1489,814.01,700.79,805.36,
1490,807.72,699.46,805.19,
1491,802.74,700.1,805.55,
1492,801.48,699.79,805.25,
1493,803.28,700.51,805.15,
1494,807.71,700.09,805.34,
1495,806.27,699.84,805.67,
1496,804.58,700.15,805.36,
1497,805.76,700.13,805.48,
1498,804.41,699.95,805.21,
1499,806.55,700.16,805.38,
1500,805.08,699.99,805.33,
1501,805.48,699.85,805.22,
1502,805.66,699.64,805.28,
1503,805.32,700.17,805.7,
1504,802.22,699.69,805.27,
1505,798.35,700.38,805.22,
1506,800.38,700.01,805.57,
1507,811.47,700.55,805.58,
1508,810.6,699.54,805.27,
1509,807.86,699.76,805.13,
1510,799.36,699.91,805.54,
1511,794.43,699.96,805.41,
1512,801.48,699.54,805.51,
1513,806.28,700.54,805.22,
1514,816.87,700.25,805.34,
1515,810.95,699.86,805.57,
1516,804.8,699.67,805.31,
1517,800.24,699.91,805.44,
1518,795.72,699.67,805.44,
1519,805.93,699.97,805.45,
1520,805.15,699.7,805.16,
1521,813.92,700.28,805.13,
1522,808.87,699.72,805.28,
1523,804.46,700.0,805.19,
1524,795.92,699.6,805.28,
1525,795.13,699.91,805.44,
1526,808.46,699.94,805.32,
1527,802.71,699.91,805.28,
1528,805.92,699.46,805.37,
1529,803.36,700.09,805.48,
1530,808.79,700.06,805.36,
1531,810.97,699.94,805.25,
1532,806.21,699.88,805.26,
1533,800.56,699.85,805.37,
1534,801.17,700.14,805.55,
1535,801.46,697.18,799.44,
1536,799.76,691.82,798.7,
1537,798.36,699.96,805.41,
1538,798.99,699.92,805.35,
1539,804.32,699.63,805.32,
1540,805.15,699.77,805.39,
1541,806.26,700.13,805.53,
1542,805.5,699.68,805.23,
1543,805.1,699.92,805.19,
1544,815.41,700.12,805.25,
1545,810.96,699.79,805.32,
1546,804.45,699.68,805.17,
1547,797.9,699.92,805.51,
1548,798.13,699.82,805.3,
1549,802.8,700.19,805.26,
1550,808.57,700.23,805.47,
1551,812.35,699.9,805.17,
1552,813.02,700.1,805.46,
1553,809.08,699.73,805.16,
1554,801.61,699.95,805.44,
1555,801.55,699.99,805.25,
1556,804.92,700.3,805.08,
1557,802.93,699.86,805.41,
1558,800.01,699.97,805.55,
1559,805.69,699.9,805.42,
1560,804.15,699.76,805.32,
1561,805.93,700.1,805.27,
1562,806.21,699.89,805.13,
1563,805.45,700.0,805.57,
1564,808.59,700.28,805.6,
1565,810.06,699.87,805.46,
1566,806.34,699.88,805.3,
1567,803.83,700.0,805.31,
1568,797.63,700.24,805.51,
1569,797.27,699.79,805.44,
1570,806.92,700.04,805.28,
1571,815.06,700.21,805.54,
1572,807.77,699.72,805.06,
1573,803.28,699.81,805.5,
1574,803.29,699.91,805.37,
1575,799.48,699.69,805.34,
1576,804.54,700.39,805.5,
1577,806.81,699.9,805.39,
1578,799.04,699.72,805.37,
1579,808.41,699.97,805.2,
1580,803.07,699.97,805.53,
1581,812.67,700.34,805.36,
1582,810.01,700.04,805.29,
1583,804.43,699.7,805.26,
1584,800.27,699.91,805.54,
1585,801.77,700.0,805.79,
1586,806.77,700.35,805.23,
1587,805.17,699.72,805.34,
1588,804.16,699.98,805.29,
1589,805.28,700.05,805.48,
1590,804.11,699.93,805.16,
1591,800.13,700.17,805.21,
1592,804.82,699.9,805.52,
1593,804.11,699.94,805.42,
1594,813.35,700.37,805.33,
1595,808.11,699.53,805.43,
1596,805.2,700.05,805.37,
1597,801.32,699.56,805.2,
1598,799.03,699.61,805.3,
1599,804.22,700.14,805.44,
1600,808.94,700.11,805.51,
1601,812.86,700.22,805.52,
1602,808.82,699.34,805.39,
1603,800.67,700.12,805.33,
1604,796.91,699.68,805.52,
1605,805.14,700.54,805.36,
1606,802.61,699.88,805.39,
1607,809.72,700.32,805.62,
1608,811.62,699.87,805.54,
1609,809.06,699.67,805.61,
1610,807.42,700.0,805.37,
1611,801.59,699.49,805.45,
1612,802.19,700.43,805.35,
1613,806.68,700.04,805.35,
1614,805.77,699.57,805.57,
1615,795.48,699.59,805.36,
1616,802.2,700.28,805.52,
1617,808.87,699.98,805.29,
1618,811.56,700.29,805.46,
1619,810.14,699.85,805.37,
1620,802.54,699.81,805.33,
1621,800.06,699.92,805.45,
1622,802.9,699.92,805.24,
1623,808.14,700.24,805.32,
1624,809.61,699.76,805.61,
1625,811.01,699.93,805.16,
1626,805.94,699.44,805.47,
1627,799.89,700.2,805.27,
1628,800.39,699.94,805.09,
1629,800.39,700.17,805.34,
1630,808.78,700.23,805.42,
1631,810.82,699.8,805.38,
1632,806.9,700.09,805.43,
1633,803.86,700.07,805.58,
1634,805.14,699.96,805.39,
1635,803.79,699.92,805.56,
1636,803.38,700.21,805.2,
1637,804.88,699.92,805.28,
1638,803.68,700.08,805.41,
1639,803.35,700.0,805.43,
1640,803.19,699.64,805.19,
1641,800.27,699.66,805.51,
1642,805.75,700.61,805.44,
1643,804.05,699.79,805.22,
1644,810.22,700.13,805.3,
1645,811.74,699.92,805.39,
1646,803.33,699.72,805.4,
1647,796.71,699.7,805.42,
1648,798.51,700.16,805.28,
1649,808.56,700.11,805.32,
1650,815.8,700.33,805.17,
1651,810.75,699.55,805.54,
1652,801.05,699.75,805.21,
1653,799.34,700.03,805.36,
1654,802.07,700.16,805.25,
1655,803.24,699.97,805.14,
1656,804.05,700.49,805.36,
1657,803.28,699.81,805.48,
1658,804.05,699.8,805.42,
1659,806.05,700.11,805.29,
1660,803.26,700.07,805.31,
1661,810.41,700.07,805.45,
1662,811.81,700.17,805.47,
1663,807.17,699.74,805.5,
1664,804.16,700.13,805.48,
1665,803.68,699.89,805.71,
1666,805.2,700.14,805.42,
1667,804.29,699.91,805.4,
1668,799.3,699.89,805.25,
1669,797.99,699.71,805.48,
1670,806.42,700.41,805.19,
1671,811.31,700.26,805.2,
1672,806.63,699.75,805.52,
1673,806.69,699.98,805.55,
1674,807.62,700.08,805.45,
1675,809.97,700.14,805.24,
1676,802.62,699.98,805.42,
1677,798.36,699.7,805.32,
1678,798.03,700.37,805.14,
1679,802.75,700.15,805.27,
1680,808.07,700.37,805.26,
1681,811.99,699.99,805.51,
1682,809.84,699.26,805.44,
1683,804.95,700.13,805.55,
1684,799.26,700.07,805.34,
1685,800.0,700.11,805.32,
1686,802.99,700.17,805.59,
1687,802.47,699.9,805.42,
1688,801.72,700.03,805.34,
1689,813.38,700.39,805.6,
1690,805.29,699.95,805.41,
1691,809.61,700.19,805.43,
1692,806.63,699.87,805.37,
1693,800.0,699.67,805.24,
1694,800.18,699.92,805.24,
1695,802.86,700.06,805.45,
1696,811.69,700.37,805.67,
1697,813.68,700.02,805.32,
1698,810.3,699.54,805.38,
1699,802.28,699.83,805.41,
1700,806.15,700.29,805.32,
1701,806.34,699.86,805.31,
1702,803.89,699.97,805.25,
1703,804.5,699.73,805.53,
1704,805.63,700.08,805.47,
1705,803.26,699.72,805.34,
1706,802.86,700.1,805.36,
1707,804.82,699.98,805.52,
1708,802.59,700.06,805.32,
1709,803.54,699.93,805.31,
1710,802.67,699.96,805.41,
1711,806.36,699.95,805.39,
1712,805.12,700.22,805.46,
1713,811.48,700.08,805.29,
1714,811.74,699.95,805.29,
1715,808.17,699.9,805.22,
1716,804.33,700.17,805.31,
1717,800.19,699.94,805.07,
1718,798.99,700.06,805.64,
1719,806.26,700.33,805.45,
1720,807.69,699.91,805.32,
1721,814.5,700.23,805.34,
1722,807.46,699.78,805.5,
1723,806.26,699.87,805.32,
1724,802.26,699.56,805.2,
1725,800.4,699.87,805.49,
1726,802.49,700.27,805.49,
1727,805.54,700.03,805.36,
1728,803.2,699.85,805.44,
1729,804.48,699.77,805.38,
1730,808.92,700.22,805.19,
1731,808.49,699.64,805.47,
1732,807.64,699.78,805.54,
1733,808.7,700.09,805.38,
1734,805.27,700.25,805.28,
1735,804.66,699.65,805.52,
1736,801.61,699.97,805.35,
1737,799.67,699.8,805.46,
1738,801.89,700.24,805.19,
1739,808.3,700.03,805.49,
1740,806.16,699.93,805.21,
1741,800.12,699.81,805.3,
1742,800.23,699.84,805.61,
1743,804.01,699.84,805.36,
1744,813.99,700.38,805.18,
1745,813.69,700.08,805.38,
1746,808.98,699.73,805.79,
1747,800.79,699.57,805.54,
1748,801.04,700.03,805.44,
1749,799.83,700.19,805.33,
1750,803.04,700.21,805.53,
1751,809.52,700.26,805.26,
1752,808.7,700.15,805.29,
1753,807.25,699.72,805.39,
1754,805.76,700.05,805.32,
1755,800.73,699.73,805.47,
1756,805.62,699.95,805.5,
1757,796.82,699.88,805.34,
1758,801.79,700.19,805.35,
1759,803.28,699.88,805.35,
1760,818.03,700.41,805.42,
1761,811.31,699.84,805.28,
1762,807.03,700.14,805.34,
1763,801.78,699.68,805.5,
1764,795.15,699.64,805.29,
1765,799.32,700.16,805.34,
1766,803.45,700.11,805.3,
1767,810.06,700.42,805.61,
1768,811.56,700.16,805.13,
1769,806.76,699.79,805.39,
1770,804.29,699.75,805.49,
1771,800.83,699.48,805.43,
1772,799.52,700.07,805.34,
1773,804.52,700.23,805.16,
1774,808.26,700.26,805.36,
1775,813.55,699.83,805.51,
1776,809.05,699.79,805.29,
1777,801.79,699.66,805.31,
1778,799.76,700.05,805.4,
1779,800.51,700.0,805.32,
1780,804.63,700.32,805.58,
1781,809.52,700.16,805.33,
1782,808.16,700.0,805.83,
1783,803.51,699.98,805.3,
1784,802.21,699.91,805.15,
1785,800.91,700.07,805.44,
1786,805.92,700.32,805.73,
1787,809.8,700.0,805.93,
1788,808.08,700.05,805.43,
1789,806.75,699.77,805.27,
1790,799.8,699.7,805.58,
1791,797.04,699.71,805.15,
1792,804.07,700.02,805.59,
1793,806.92,700.11,805.47,
1794,813.99,700.01,805.57,
1795,812.02,699.68,805.35,
1796,806.14,699.77,805.16,
1797,802.08,699.93,805.47,
1798,802.68,699.97,805.31,
1799,802.29,699.88,805.2,
1800,804.39,699.44,805.58,
1801,802.77,700.06,805.92,
1802,804.77,700.08,806.44,
1803,803.71,700.26,805.14,
1804,808.46,699.86,805.64,
1805,810.27,700.21,805.71,
1806,806.68,699.65,805.42,
1807,806.82,700.0,805.32,
1808,807.77,699.96,805.5,
1809,803.28,699.73,805.37,
1810,802.75,699.94,805.36,
1811,803.64,700.27,805.3,
1812,803.08,699.84,805.57,
1813,799.03,700.11,805.58,
1814,806.07,699.76,805.32,
1815,801.3,700.35,805.69,
1816,814.29,700.5,805.11,
1817,811.75,699.72,805.09,
1818,808.9,699.49,805.51,
1819,805.61,699.94,805.7,
1820,797.37,699.98,805.38,
1821,798.12,700.02,805.24,
1822,805.72,700.04,805.61,
1823,809.6,700.21,805.42,
1824,811.24,699.67,805.45,
1825,811.13,700.01,805.21,
1826,799.33,699.66,805.29,
1827,806.13,700.1,805.22,
1828,801.4,699.78,805.52,
1829,795.88,700.0,805.21,
1830,812.36,700.69,805.45,
1831,817.71,699.97,805.55,
1832,801.72,699.52,805.26,
1833,802.28,700.12,805.03,
1834,800.38,699.74,805.33,
1835,801.54,699.95,805.28,
1836,812.49,700.34,805.28,
1837,810.26,699.87,805.19,
1838,804.06,699.46,805.31,
1839,799.12,700.21,805.52,
1840,797.59,699.93,805.29,
1841,805.28,700.21,805.25,
1842,812.86,700.18,805.34,
1843,809.47,699.73,805.2,
1844,800.66,699.73,805.25,
1845,796.92,700.15,805.53,
1846,806.21,700.14,805.39,
1847,808.81,700.52,805.37,
1848,812.49,700.16,805.29,
1849,806.37,699.56,805.42,
1850,803.38,699.73,805.44,
1851,803.76,699.97,805.61,
1852,801.47,699.98,805.49,
1853,802.87,700.12,805.4,
1854,805.16,699.94,805.33,
1855,801.88,699.42,805.17,
1856,809.22,700.53,805.57,
1857,809.91,699.89,805.59,
1858,810.94,700.23,805.14,
1859,808.28,699.65,805.36,
1860,804.76,700.06,805.69,
1861,802.09,699.72,805.46,
1862,797.86,700.34,805.34,
1863,800.18,700.04,805.37,
1864,806.44,700.12,805.23,
1865,817.8,700.23,805.31,
1866,804.93,699.75,805.27,
1867,804.96,700.11,805.29,
1868,802.3,700.0,805.65,
1869,803.57,700.05,805.23,
1870,803.86,699.9,805.69,
1871,804.76,700.01,805.26,
1872,803.77,700.05,805.15,
1873,804.57,699.87,805.28,
1874,800.81,699.52,805.27,
1875,807.37,700.36,805.61,
1876,805.13,699.64,805.51,
1877,810.05,700.62,806.07,
1878,812.07,699.95,806.47,
1879,805.65,699.88,805.46,
1880,803.6,699.97,805.29,
1881,798.06,699.7,805.27,
1882,806.17,700.31,805.56,
1883,797.21,699.31,805.15,
1884,806.48,700.52,805.89,
1885,805.21,699.89,805.42,
1886,809.09,700.12,805.79,
1887,814.6,700.1,805.32,
1888,805.69,699.62,805.42,
1889,804.52,699.98,805.74,
1890,803.11,699.78,805.31,
1891,803.16,699.97,805.84,
1892,803.28,699.9,805.18,
1893,804.35,700.13,805.44,
1894,802.65,699.86,805.21,
1895,804.43,699.89,805.55,
1896,802.64,700.05,805.75,
1897,807.32,700.27,805.32,
1898,806.59,699.67,805.34,
1899,799.17,700.07,805.26,
1900,803.98,700.07,805.4,
1901,811.25,700.12,805.27,
1902,813.56,700.02,805.68,
1903,806.3,700.08,805.53,
1904,806.07,699.78,805.36,
1905,795.76,699.76,805.41,
1906,800.93,700.46,805.83,
1907,805.89,699.85,805.12,
1908,809.36,700.11,805.63,
1909,802.96,699.87,805.95,
1910,801.36,699.99,805.1,
1911,800.09,700.02,805.59,
1912,813.14,700.55,805.35,
1913,815.33,699.96,805.53,
1914,807.48,700.0,804.9,
1915,802.62,699.83,805.77,
1916,795.61,699.54,805.46,
1917,799.81,700.59,805.59,
1918,809.35,700.35,805.29,
1919,813.88,699.99,805.62,
1920,809.2,699.86,805.62,
1921,805.44,700.15,805.55,
1922,804.44,699.69,805.37,
1923,798.22,700.05,805.25,
1924,805.65,700.25,805.28,
1925,798.38,699.45,805.36,
1926,801.93,700.24,805.38,
1927,803.93,700.29,805.5,
1928,814.01,700.26,805.51,
1929,812.15,700.13,805.42,
1930,807.4,699.67,805.4,
1931,804.46,699.98,805.6,
1932,803.59,700.12,805.29,
1933,805.48,699.79,805.25,
1934,798.65,699.74,805.3,
1935,799.96,700.15,805.23,
1936,805.89,700.56,805.13,
1937,815.23,700.29,806.14,
1938,811.2,699.73,805.29,
1939,803.99,699.78,805.8,
1940,801.7,699.81,805.67,
1941,801.83,700.1,805.48,
1942,803.11,700.07,805.25,
1943,802.96,699.97,805.68,
1944,804.06,699.71,805.7,
1945,811.08,700.32,805.43,
1946,810.09,699.69,805.99,
1947,804.93,699.83,805.33,
1948,802.71,699.96,805.21,
1949,802.18,700.06,805.44,
1950,800.88,699.92,805.25,
1951,803.5,700.2,805.57,
1952,803.35,699.61,805.56,
1953,806.21,700.54,805.42,
1954,806.42,699.9,805.11,
1955,808.43,699.96,805.29,
1956,811.34,700.03,805.45,
1957,806.58,700.01,805.53,
1958,806.28,700.04,805.1,
1959,804.02,699.77,805.27,
1960,796.72,699.45,805.27,
1961,797.71,700.36,805.1,
1962,802.33,699.96,805.21,
1963,808.41,700.39,805.4,
1964,811.13,700.05,805.04,
1965,810.67,699.62,805.23,
1966,802.58,700.03,805.62,
1967,803.17,699.74,806.13,
1968,803.36,700.15,806.24,
1969,808.61,700.11,805.53,
1970,809.58,700.09,805.75,
1971,806.19,699.59,804.32,
1972,799.03,699.57,805.53,
1973,800.51,700.31,805.78,
1974,799.22,700.06,805.2,
1975,807.79,700.1,806.09,
1976,814.62,699.99,805.51,
1977,807.28,699.98,805.89,
1978,801.47,699.26,805.37,
1979,800.16,700.32,805.01,
1980,804.33,700.02,805.47,
1981,802.87,699.9,805.73,
1982,807.17,700.08,805.41,
1983,803.49,699.58,805.35,
1984,802.94,699.93,804.91,
1985,799.89,699.82,805.22,
1986,812.52,700.49,805.48,
1987,810.66,699.9,804.97,
1988,806.43,699.62,805.19,
1989,803.75,699.87,805.18,
1990,803.17,699.96,805.69,
1991,802.03,700.09,805.32,
1992,802.85,700.09,805.36,
1993,803.68,700.13,804.96,
1994,802.43,699.85,805.66,
1995,804.77,699.98,805.41,
1996,803.81,700.1,805.58,
1997,806.84,699.96,805.94,
1998,807.98,699.77,805.58,
1999,799.81,699.85,805.36,
2000,801.74,699.95,805.74,
2001,805.77,700.33,805.08,
2002,813.32,700.23,804.8,
2003,813.47,699.71,805.63,
2004,805.46,699.68,805.55,
2005,796.42,699.35,805.7,
2006,797.17,700.19,805.62,
2007,805.33,700.12,805.87,
2008,808.29,700.3,805.67,
2009,812.69,699.89,806.33,
2010,810.64,700.08,805.14,
2011,806.38,699.98,805.56,
2012,803.83,699.92,805.17,
2013,804.79,700.1,805.06,
2014,805.56,700.05,805.29,
2015,805.08,700.05,805.93,
2016,804.15,700.1,806.06,
2017,804.43,700.01,805.26,
2018,804.75,699.86,805.5,
2019,796.71,699.76,804.74,
2020,803.31,700.47,805.49,
2021,805.22,700.03,805.74,
2022,813.94,700.1,805.51,
2023,810.83,699.61,805.34,
2024,797.78,699.83,805.34,
2025,796.23,700.01,805.36,
2026,804.07,700.06,805.43,
2027,809.43,700.22,805.82,
2028,808.52,699.83,805.17,
2029,802.32,699.97,805.41,
2030,801.53,700.01,805.19,
2031,805.15,700.33,805.81,
2032,812.09,700.15,805.45,
2033,811.55,699.88,805.57,
2034,802.04,699.7,805.55,
2035,794.22,699.77,805.7,
2036,801.27,700.21,805.73,
2037,807.53,700.21,805.4,
2038,812.74,700.18,806.78,
2039,811.33,699.8,805.83,
2040,805.93,699.85,805.85,
2041,802.58,699.77,805.32,
2042,802.08,700.15,805.7,
2043,804.02,699.91,805.95,
2044,798.71,700.12,805.83,
2045,807.43,699.68,806.27,
2046,802.45,700.04,805.6,
2047,811.27,700.35,804.76,
2048,812.13,699.98,805.01,
2049,808.34,699.91,805.45,
2050,808.26,699.93,805.7,
2051,799.27,699.94,805.95,
2052,800.47,699.91,805.32,
2053,803.5,700.11,805.34,
2054,808.65,700.21,805.65,
2055,805.62,699.49,805.85,
2056,802.59,700.25,805.57,
2057,802.86,700.04,805.59,
2058,809.63,700.24,805.8,
2059,808.44,699.88,805.34,
2060,811.12,700.09,806.31,
2061,806.1,699.89,805.04,
2062,798.46,699.7,806.34,
2063,800.66,699.76,805.58,
2064,802.7,700.22,805.42,
2065,817.3,700.25,805.52,
2066,807.59,699.78,806.02,
2067,805.69,699.95,805.26,
2068,800.55,700.1,805.94,
2069,800.05,700.0,806.0,
2070,801.05,699.98,805.4,
2071,802.64,700.06,806.13,
2072,806.63,699.81,805.48,
2073,801.47,700.1,804.9,
2074,806.72,699.62,804.99,
2075,806.91,699.68,805.54,
2076,813.32,700.72,805.88,
2077,811.19,699.73,805.66,
2078,804.65,699.79,805.68,
2079,803.95,697.95,805.3,
2080,801.54,700.26,805.89,
2081,806.14,700.33,805.39,
2082,807.52,699.97,805.41,
2083,806.48,699.81,805.91,
2084,806.47,700.05,805.12,
2085,806.75,699.89,805.52,
2086,805.46,699.95,805.15,
2087,806.1,699.86,805.08,
2088,805.04,700.14,805.54,
2089,804.37,696.65,807.35,
2090,799.4,699.92,805.4,
2091,814.34,700.49,805.47,
2092,354.6,313.6,344.2,
2093,0.43,0.31,0.0,
2094,0.45,0.31,0.0,
2095,0.44,0.31,0.0,
2096,0.42,0.33,0.0,
2097,0.43,0.29,0.0,
2098,435.16,0.36,175.75,
2099,0.44,0.34,0.0,
2100,0.42,0.35,0.0,
2101,0.45,0.31,0.0,
2102,0.44,0.34,0.0,
2103,0.42,0.31,0.0,
2104,435.17,0.36,164.99,
2105,806.87,0.39,809.27,
2106,789.4,676.96,808.25,
2107,808.29,699.69,805.66,
2108,806.88,700.09,805.43,
2109,806.41,699.73,805.52,
2110,802.46,699.75,805.41,
2111,805.83,700.06,805.46,
2112,802.96,699.98,805.48,
2113,812.26,699.79,805.65,
2114,805.92,699.58,805.31,
2115,810.17,700.26,805.27,
2116,808.56,699.71,805.37,
2117,798.23,699.49,805.28,
2118,798.98,700.38,805.66,
2119,805.94,700.14,805.66,
2120,812.05,700.02,805.5,
2121,814.24,700.04,806.49,
2122,810.49,700.02,805.84,
2123,801.43,699.82,805.83,
2124,798.57,699.84,805.55,
2125,799.35,700.37,805.57,
2126,806.61,699.82,805.97,
2127,803.02,700.1,805.59,
2128,815.6,700.28,806.36,
2129,811.64,699.94,805.37,
2130,805.84,699.68,805.65,
2131,805.97,700.07,805.47,
2132,804.7,699.98,805.55,
2133,803.62,699.87,805.35,
2134,798.44,699.95,805.21,
2135,799.54,699.77,805.43,
2136,804.17,700.35,805.3,
2137,810.94,699.82,805.34,
2138,810.15,699.79,805.46,
2139,808.56,699.93,805.64,
2140,804.58,700.19,805.24,
2141,805.55,699.94,805.2,
2142,795.7,699.61,805.25,
2143,797.86,700.27,805.41,
2144,805.99,700.09,805.31,
2145,811.39,700.35,805.62,
2146,807.94,700.01,805.25,
2147,807.85,699.88,805.37,
2148,797.75,699.75,805.58,
2149,797.38,699.76,805.34,
2150,800.81,700.48,805.39,
2151,811.62,700.42,805.39,
2152,809.91,700.06,805.26,
2153,811.11,699.7,805.3,
2154,805.05,699.76,805.28,
2155,803.79,699.88,805.45,
2156,804.18,700.17,805.38,
2157,803.47,699.69,805.44,
2158,798.85,700.59,805.38,
2159,803.73,700.09,805.21,
2160,809.31,700.18,804.94,
2161,813.15,700.13,805.93,
2162,808.07,699.46,805.34,
2163,806.46,700.14,805.11,
2164,803.12,700.05,805.49,
2165,801.6,699.96,805.39,
2166,806.4,700.22,805.62,
2167,804.87,699.66,805.6,
2168,805.18,699.93,805.35,
2169,807.39,700.11,805.85,
2170,806.28,700.25,805.67,
2171,803.83,699.86,805.74,
2172,806.54,700.27,805.42,
2173,805.83,700.02,805.4,
2174,804.14,699.66,805.69,
2175,800.9,699.66,805.39,
2176,804.2,699.82,806.1,
2177,802.66,700.25,804.94,
2178,801.35,699.89,805.45,
2179,803.31,699.88,805.55,
2180,805.84,699.97,805.35,
2181,809.9,700.45,805.34,
2182,813.77,700.05,805.34,
2183,809.6,699.97,805.6,
2184,806.95,699.66,805.64,
2185,803.36,700.06,805.2,
2186,802.76,699.99,805.68,
2187,803.06,699.93,805.69,
2188,796.96,699.6,805.3,
2189,806.93,700.4,805.64,
2190,810.84,700.31,805.14,
2191,812.12,699.81,805.16,
2192,809.89,700.01,805.51,
2193,802.23,699.97,805.38,
2194,800.58,699.93,805.33,
2195,801.5,700.07,805.12,
2196,802.87,700.08,805.43,
2197,802.81,699.79,805.56,
2198,806.32,700.13,805.24,
2199,806.43,700.04,805.33,
2200,804.61,699.7,805.2,
2201,801.67,700.15,805.52,
2202,805.36,699.87,805.56,
2203,807.06,700.11,805.41,
2204,814.26,700.16,805.14,
2205,804.51,699.92,805.6,
2206,805.5,699.52,805.6,
2207,802.51,699.95,805.26,
2208,809.28,700.41,805.34,
2209,807.03,699.66,805.42,
2210,804.05,700.16,805.42,
2211,801.79,699.87,805.34,
2212,806.31,700.02,805.52,
2213,809.74,700.06,805.26,
2214,805.59,699.85,805.33,
2215,801.96,699.99,805.51,
2216,799.9,699.94,805.57,
2217,800.13,700.02,805.48,
2218,804.41,699.98,805.49,
2219,804.27,700.12,805.74,
2220,804.25,699.76,805.2,
2221,810.09,700.03,805.12,
2222,806.49,699.83,805.26,
2223,809.66,700.57,805.37,
2224,811.2,699.69,805.33,
2225,802.47,699.85,805.35,
2226,802.51,700.05,805.54,
2227,802.47,700.2,805.44,
2228,801.63,699.93,805.32,
2229,802.56,700.01,805.57,
2230,802.95,699.93,805.43,
2231,805.27,700.01,805.33,
2232,808.76,699.69,805.37,
2233,805.76,699.98,805.55,
2234,813.39,700.47,805.12,
2235,807.6,699.77,805.63,
2236,803.48,699.79,805.12,
2237,801.9,700.16,805.42,
2238,801.3,700.11,805.3,
2239,802.62,700.09,805.45,
2240,801.6,699.68,805.35,
2241,802.09,700.25,805.36,
2242,805.23,700.27,805.42,
2243,805.97,700.0,805.29,
2244,806.73,699.97,805.21,
2245,807.94,699.92,805.42,
2246,805.84,699.95,805.54,
2247,805.95,699.98,805.52,
2248,808.04,699.89,805.27,
2249,803.54,700.05,805.23,
2250,798.95,700.12,805.38,
2251,803.56,700.08,805.51,
2252,808.35,700.46,805.39,
2253,812.6,700.15,805.46,
2254,809.89,699.78,805.16,
2255,806.65,699.99,805.35,
2256,805.12,700.08,805.49,
2257,806.05,699.88,805.3,
2258,803.36,700.07,805.36,
2259,804.18,699.87,805.42,
2260,801.75,700.06,805.35,
2261,799.19,699.63,805.41,
2262,798.93,700.17,805.3,
2263,805.06,700.2,805.46,
2264,811.74,700.21,805.17,
2265,811.1,699.75,805.29,
2266,807.47,700.1,805.39,
2267,806.36,699.98,805.44,
2268,805.07,699.83,805.41,
2269,803.78,700.02,805.23,
2270,805.34,700.07,805.2,
2271,803.66,699.79,805.47,
2272,804.62,699.92,805.44,
2273,805.14,700.06,805.31,
2274,803.98,699.87,805.62,
2275,803.09,700.12,805.77,
2276,804.67,700.08,805.42,
2277,804.63,699.91,805.64,
2278,802.75,700.0,805.27,
2279,805.14,700.18,805.51,
2280,805.91,699.92,805.38,
2281,801.7,699.92,805.49,
2282,800.76,700.2,805.22,
2283,810.51,699.8,805.14,
2284,808.14,699.77,805.34,
2285,808.2,699.94,805.38,
2286,808.01,700.11,805.25,
2287,805.52,699.79,805.53,
2288,804.43,700.17,805.38,
2289,809.05,700.09,805.67,
2290,802.27,699.79,805.23,
2291,802.2,699.84,805.5,
2292,800.58,700.04,805.46,
2293,807.68,700.09,805.58,
2294,809.79,700.01,805.33,
2295,812.1,700.21,805.15,
2296,807.76,699.92,805.48,
2297,801.86,699.39,805.48,
2298,801.87,700.33,805.66,
2299,800.16,699.76,805.21,
2300,803.95,700.17,805.41,
2301,809.76,699.92,805.37,
2302,809.22,699.98,805.47,
2303,808.98,699.69,805.36,
2304,806.44,700.17,805.16,
2305,802.38,699.47,805.47,
2306,800.12,700.14,805.36,
2307,795.32,699.82,805.22,
2308,811.3,700.33,805.36,
2309,815.94,699.99,805.64,
2310,807.63,699.84,805.2,
2311,807.32,700.0,805.37,
2312,800.36,699.97,805.34,
2313,801.86,699.85,805.5,
2314,800.31,700.0,805.42,
2315,803.44,700.2,805.37,
2316,808.75,699.98,805.31,
2317,803.9,699.84,805.35,
2318,808.32,699.94,805.55,
2319,805.64,699.69,805.4,
2320,801.79,700.07,805.47,
2321,799.89,700.0,805.42,
2322,807.02,700.03,805.37,
2323,813.15,700.23,805.3,
2324,813.49,700.03,805.34,
2325,805.25,699.62,805.6,
2326,798.76,699.78,805.45,
2327,802.06,700.22,805.62,
2328,804.56,700.1,805.21,
2329,804.29,699.99,805.49,
2330,807.29,700.22,805.39,
2331,802.38,699.52,805.26,
2332,805.17,699.98,805.43,
2333,804.2,700.29,805.31,
2334,809.91,700.08,805.45,
2335,813.11,699.79,805.25,
2336,808.64,700.03,805.29,
2337,805.43,699.5,805.29,
2338,802.86,700.17,805.46,
2339,803.3,699.84,805.33,
2340,800.35,699.94,805.41,
2341,803.93,700.27,805.78,
2342,809.25,699.93,805.31,
2343,805.61,699.97,805.35,
2344,813.59,700.47,805.3,
2345,811.81,699.79,805.22,
2346,804.51,700.08,805.32,
2347,806.03,699.77,805.28,
2348,802.99,700.14,805.24,
2349,809.71,700.42,805.29,
2350,808.32,699.99,805.07,
2351,803.3,700.08,805.41,
2352,808.23,699.92,805.36,
2353,807.74,700.12,805.4,
2354,804.78,700.17,805.35,
2355,801.52,699.62,805.29,
2356,799.55,699.66,805.33,
2357,802.23,700.25,805.38,
2358,804.33,699.61,805.34,
2359,805.41,700.01,805.23,
2360,813.07,700.11,805.11,
2361,812.86,700.27,805.32,
2362,805.15,699.67,805.64,
2363,805.3,700.08,805.48,
2364,801.98,699.76,805.46,
2365,807.11,700.3,805.56,
2366,812.59,700.24,805.38,
2367,811.41,700.09,805.41,
2368,803.37,699.94,805.34,
2369,803.1,699.82,805.3,
2370,796.07,699.75,805.38,
2371,800.39,700.14,805.13,
2372,803.9,700.0,805.51,
2373,811.52,700.21,805.26,
2374,811.16,700.4,805.12,
2375,804.53,699.88,805.46,
2376,805.56,700.61,805.45,
2377,809.13,699.78,805.34,
2378,803.79,700.2,805.08,
2379,802.67,699.81,805.43,
2380,804.51,700.03,805.44,
2381,810.55,700.69,805.8,
2382,811.7,699.71,805.55,
2383,808.75,700.02,805.21,
2384,800.58,699.75,805.56,
2385,798.45,700.15,805.4,
2386,798.13,699.78,805.5,
2387,805.2,700.27,805.48,
2388,805.71,699.84,805.75,
2389,798.81,699.98,805.65,
2390,820.88,700.42,805.44,
2391,809.47,699.32,805.44,
2392,800.23,699.71,805.56,
2393,803.45,700.29,805.57,
2394,809.55,700.05,805.38,
2395,808.11,699.76,805.36,
2396,797.55,699.33,805.46,
2397,798.88,700.55,805.53,
2398,804.57,700.06,805.26,
2399,808.78,700.2,805.59,
2400,817.73,699.75,805.59,
2401,814.27,699.79,805.18,
2402,799.28,699.73,805.66,
2403,796.83,699.66,805.5,
2404,800.89,700.48,805.23,
2405,814.55,700.11,805.34,
2406,814.48,700.12,805.13,
2407,806.83,699.38,805.61,
2408,804.49,700.1,805.43,
2409,804.28,699.71,805.79,
2410,803.02,700.25,805.59,
2411,801.36,699.81,805.03,
2412,801.6,699.99,805.33,
2413,803.68,699.82,805.35,
2414,802.95,700.17,805.47,
2415,818.93,700.31,805.53,
2416,813.94,699.36,805.09,
2417,808.09,700.28,805.38,
2418,802.63,699.62,805.19,
2419,802.03,700.5,805.48,
2420,811.26,699.94,805.48,
2421,809.35,700.16,805.22,
2422,810.91,699.77,805.65,
2423,799.82,700.15,805.37,
2424,796.78,699.78,805.56,
2425,803.64,700.14,805.58,
2426,807.22,700.19,805.53,
2427,811.02,699.8,806.01,
2428,812.4,700.01,806.02,
2429,808.14,699.81,805.93,
2430,806.21,700.28,806.27,
2431,808.58,699.75,805.34,
2432,804.89,699.98,805.53,
2433,800.32,699.76,805.25,
2434,796.26,699.88,805.41,
2435,800.44,700.15,805.06,
2436,803.75,700.05,805.2,
2437,809.67,700.09,805.59,
2438,807.66,699.97,805.34,
2439,807.49,699.83,805.22,
2440,805.63,700.05,805.4,
2441,807.72,700.12,805.12,
2442,805.2,700.02,805.3,
2443,809.14,700.2,805.65,
2444,806.21,699.81,805.48,
2445,808.22,699.92,805.48,
2446,803.86,700.26,805.46,
2447,805.45,699.78,805.04,
2448,804.16,700.11,805.65,
2449,806.14,699.96,805.38,
2450,803.23,699.95,805.22,
2451,807.53,700.09,805.96,
2452,802.18,700.03,805.5,
2453,804.93,700.0,805.29,
2454,803.71,699.96,805.28,
2455,804.22,699.86,805.3,
2456,804.3,699.77,805.28,
2457,804.36,699.98,805.4,
2458,804.82,700.47,805.48,
2459,804.79,699.99,805.58,
2460,806.59,699.82,805.34,
2461,807.21,699.98,805.58,
2462,805.91,700.23,805.42,
2463,804.07,700.02,805.36,
2464,803.79,699.98,805.52,
2465,804.71,699.86,805.46,
2466,807.0,700.29,805.77,
2467,813.2,700.21,805.52,
2468,803.88,699.48,805.51,
2469,804.79,700.02,805.31,
2470,799.65,699.76,805.5,
2471,805.39,700.23,805.41,
2472,811.48,699.78,805.07,
2473,802.76,699.89,805.51,
2474,806.54,699.9,805.37,
2475,797.55,699.64,805.3,
2476,805.72,700.34,805.23,
2477,810.39,699.99,805.61,
2478,809.25,699.85,805.23,
2479,797.22,699.84,805.34,
2480,798.43,700.14,805.42,
2481,806.2,700.27,805.37,
2482,804.94,699.8,805.36,
2483,806.68,700.44,805.77,
2484,813.54,700.03,805.47,
2485,806.2,699.83,805.32,
2486,805.66,699.93,805.69,
2487,804.57,699.79,805.56,
2488,797.63,699.98,805.21,
2489,797.91,699.63,805.23,
2490,800.95,700.16,805.34,
2491,809.17,700.13,805.32,
2492,806.26,700.19,805.06,
2493,806.8,699.84,805.33,
2494,804.44,700.37,805.37,
2495,811.21,699.82,805.36,
2496,806.94,700.06,805.47,
2497,794.16,699.52,805.52,
2498,805.16,699.88,805.43,
2499,805.01,700.28,805.22,
2500,812.08,700.11,805.23,
2501,811.5,699.67,805.55,
2502,804.5,700.11,805.66,
2503,806.7,699.97,805.36,
2504,805.77,700.15,805.49,
2505,804.17,699.94,805.53,
2506,798.14,700.1,805.41,
2507,798.99,699.9,805.11,
2508,803.83,700.11,805.58,
2509,811.86,700.1,805.61,
2510,813.39,699.92,805.75,
2511,809.47,699.8,805.16,
2512,798.85,699.63,805.43,
2513,797.98,700.31,805.29,
2514,803.92,700.0,805.79,
2515,803.6,700.03,805.61,
2516,809.39,700.02,805.69,
2517,810.52,700.13,805.46,
2518,808.57,700.02,805.52,
2519,808.05,699.96,805.34,
2520,804.56,700.2,805.27,
2521,804.95,700.04,805.55,
2522,802.2,700.05,805.41,
2523,803.22,699.97,805.36,
2524,802.77,699.83,805.34,
2525,801.29,700.15,805.39,
2526,799.72,699.81,805.3,
2527,805.25,700.19,805.62,
2528,805.48,700.03,805.31,
2529,804.32,699.98,805.41,
2530,803.9,699.94,805.36,
2531,804.92,700.14,805.34,
2532,807.35,699.84,805.29,
2533,807.69,700.14,805.25,
2534,814.67,699.76,805.37,
2535,807.49,699.79,805.33,
2536,804.6,699.96,805.51,
2537,801.61,699.93,805.58,
2538,801.92,700.19,805.49,
2539,804.03,700.1,805.39,
2540,806.91,699.82,805.38,
2541,803.69,699.97,805.35,
2542,805.26,699.88,805.43,
2543,807.06,700.05,805.45,
2544,807.22,699.97,805.68,
2545,807.9,700.05,805.4,
2546,806.62,699.92,805.47,
2547,805.14,699.96,805.45,
2548,803.08,699.59,805.27,
2549,799.02,700.2,805.38,
2550,808.76,699.78,805.36,
2551,807.62,699.95,805.1,
2552,812.44,700.21,805.47,
2553,807.56,699.82,805.6,
2554,803.91,699.75,805.59,
2555,810.05,700.19,805.16,
2556,798.14,699.73,805.36,
2557,801.42,700.09,805.62,
2558,807.14,700.06,805.52,
2559,799.06,699.93,805.42,
2560,802.76,699.61,805.44,
2561,808.22,701.0,805.68,
2562,813.43,700.03,805.42,
2563,809.64,699.72,805.42,
2564,804.79,699.64,805.4,
2565,805.86,700.06,805.6,
2566,802.86,700.0,805.66,
2567,797.47,699.91,805.36,
2568,797.56,699.73,805.54,
2569,802.34,700.4,805.38,
2570,812.65,700.15,805.51,
2571,811.98,699.91,805.51,
2572,806.03,700.03,805.29,
2573,800.78,699.63,805.29,
2574,797.26,700.18,805.27,
2575,801.65,699.91,805.65,
2576,805.97,700.15,805.53,
2577,816.25,700.15,805.47,
2578,810.07,699.74,805.29,
2579,802.29,700.01,805.24,
2580,798.08,699.62,805.44,
2581,798.72,699.84,805.72,
2582,805.27,700.3,805.26,
2583,806.24,699.87,805.33,
2584,804.52,699.85,805.15,
2585,801.49,700.06,805.4,
2586,801.49,699.99,805.34,
2587,808.06,700.02,805.01,
2588,815.37,700.23,805.21,
2589,801.19,699.64,805.36,
2590,798.67,700.22,805.22,
2591,802.66,699.88,805.09,
2592,804.8,700.15,805.17,
2593,808.3,699.79,805.3,
2594,805.58,700.01,805.31,
2595,813.75,700.36,805.33,
2596,804.07,699.51,805.34,
2597,801.7,699.84,805.33,
2598,802.6,700.2,805.38,
2599,803.74,700.12,805.4,
2600,796.55,700.02,805.45,
2601,807.36,699.72,805.4,
2602,804.93,700.04,805.38,
2603,811.27,700.28,805.41,
2604,810.51,699.93,805.37,
2605,807.02,699.95,805.68,
2606,804.81,700.4,805.29,
2607,803.93,699.58,805.51,
2608,804.79,700.03,805.14,
2609,804.86,699.95,805.37,
2610,803.6,699.99,805.68,
2611,803.56,700.16,805.35,
2612,804.61,699.94,805.13,
2613,799.08,700.1,805.4,
2614,803.43,700.2,805.29,
2615,803.22,699.99,805.27,
2616,803.24,699.95,805.26,
2617,805.33,700.22,805.37,
2618,806.33,699.69,805.53,
2619,803.42,700.16,805.29,
2620,812.54,700.01,805.76,
2621,809.92,700.06,805.36,
2622,809.27,699.86,805.15,
2623,806.03,699.91,805.4,
2624,803.18,699.75,805.35,
2625,802.56,699.92,805.55,
2626,803.92,700.15,805.27,
2627,804.52,699.86,805.19,
2628,802.72,699.8,805.25,
2629,804.43,700.21,805.38,
2630,804.67,699.98,805.18,
2631,806.08,700.3,805.17,
2632,806.75,700.11,805.43,
2633,804.62,699.67,805.38,
2634,804.49,700.13,805.48,
2635,802.62,700.04,805.31,
2636,802.21,699.69,805.37,
2637,807.58,699.99,805.45,
2638,815.86,700.35,805.31,
2639,812.37,699.86,805.42,
2640,802.19,700.15,805.4,
2641,800.29,699.59,805.55,
2642,794.98,700.04,805.57,
2643,807.54,700.41,805.31,
2644,810.24,699.82,805.42,
2645,804.5,699.65,805.92,
2646,805.18,699.83,805.38,
2647,800.1,699.95,805.39,
2648,807.93,700.29,805.17,
2649,807.38,699.7,805.98,
2650,805.45,700.09,805.15,
2651,796.75,699.89,805.26,
2652,803.1,700.26,805.55,
2653,806.53,700.0,805.63,
2654,805.79,699.95,805.35,
2655,801.78,700.18,805.34,
2656,804.33,699.91,805.16,
2657,808.32,700.17,805.3,
2658,813.34,700.28,805.93,
2659,810.66,699.67,805.89,
2660,803.65,699.93,805.06,
2661,802.62,699.97,805.25,
2662,799.33,699.95,805.56,
2663,801.5,700.26,805.49,
2664,803.63,699.95,805.56,
2665,806.42,699.99,805.27,
2666,807.53,699.98,805.59,
2667,806.76,699.84,805.59,
2668,803.7,700.02,805.34,
2669,802.74,699.89,806.02,
2670,805.03,700.24,805.61,
2671,800.09,699.83,805.85,
2672,803.41,700.14,805.49,
2673,808.22,699.72,805.4,
2674,806.63,700.07,805.56,
2675,811.06,700.37,805.23,
2676,807.07,699.88,805.38,
2677,804.43,699.9,805.43,
2678,804.83,700.16,805.79,
2679,803.11,699.98,804.91,
2680,803.92,699.81,805.41,
2681,804.44,700.0,806.15,
2682,802.59,699.95,805.46,
2683,803.27,699.98,805.5,
2684,802.7,699.96,805.33,
2685,805.4,700.0,805.82,
2686,806.27,699.96,805.35,
2687,805.59,699.74,804.96,
2688,804.73,700.03,805.5,
2689,805.5,700.01,805.27,
2690,805.46,700.34,804.96,
2691,808.48,699.66,805.12,
2692,805.57,700.01,805.8,
2693,812.22,700.15,805.3,
2694,807.63,699.88,805.39,
2695,804.36,700.04,805.73,
2696,805.72,700.03,805.07,
2697,804.43,700.14,805.33,
2698,804.67,699.84,805.71,
2699,802.74,700.03,805.25,
2700,803.46,699.91,805.21,
2701,804.33,700.05,805.96,
2702,804.72,699.68,805.86,
2703,796.96,699.9,805.88,
2704,806.39,700.21,805.55,
2705,806.69,700.29,805.46,
2706,814.39,700.27,804.82,
2707,813.23,700.2,805.72,
2708,806.0,699.91,806.08,
2709,800.69,699.53,805.78,
2710,793.37,700.33,805.7,
2711,805.13,700.07,805.82,
2712,807.6,700.3,805.5,
2713,811.54,699.86,805.43,
2714,810.47,700.19,805.54,
2715,803.69,699.51,805.2,
2716,798.75,699.89,805.17,
2717,801.88,700.02,805.27,
2718,806.34,700.01,805.77,
2719,804.61,699.77,804.8,
2720,803.5,700.2,805.63,
2721,808.91,699.88,805.17,
2722,805.6,700.03,805.59,
2723,813.06,700.42,806.31,
2724,810.56,699.58,805.77,
2725,799.44,699.99,805.5,
2726,799.06,699.67,804.82,
2727,801.02,700.27,805.79,
2728,814.05,700.26,805.56,
2729,809.99,700.06,805.38,
2730,800.91,699.53,805.75,
2731,807.85,700.55,805.61,
2732,801.19,699.61,805.7,
2733,806.77,700.37,805.69,
2734,809.51,699.84,805.15,
2735,804.81,699.89,804.98,
2736,802.85,699.45,805.24,
2737,793.71,699.88,805.56,
2738,802.38,699.86,805.93,
2739,803.55,700.26,804.9,
2740,812.01,700.19,805.81,
2741,815.26,699.87,805.47,
2742,808.56,699.93,805.9,
2743,801.26,700.19,805.78,
2744,797.11,699.65,805.28,
2745,802.31,700.49,805.42,
2746,803.24,699.72,805.36,
2747,809.84,700.21,805.38,
2748,809.55,699.76,804.78,
2749,804.44,699.91,805.57,
2750,802.61,700.1,806.09,
2751,804.07,699.5,805.39,
2752,803.5,700.48,805.88,
2753,805.24,700.03,805.47,
2754,804.9,699.99,806.05,
2755,803.34,699.92,805.78,
2756,804.76,700.1,805.61,
2757,805.08,700.02,805.24,
2758,804.05,699.86,805.18,
2759,803.21,700.14,805.08,
2760,805.98,700.09,805.58,
2761,803.26,699.72,805.23,
2762,804.67,700.15,806.08,
2763,804.27,700.17,805.57,
2764,806.42,700.02,805.71,
2765,804.71,699.8,805.77,
2766,804.87,699.89,805.28,
2767,813.84,700.26,805.49,
2768,809.15,699.96,805.8,
2769,805.8,699.96,805.11,
2770,802.95,699.65,805.59,
2771,802.62,700.39,805.69,
2772,804.06,700.19,805.25,
2773,798.68,699.38,805.4,
2774,803.58,700.37,805.24,
2775,801.73,699.86,805.66,
2776,809.94,700.25,805.81,
2777,811.04,700.25,805.68,
2778,811.72,699.76,805.75,
2779,810.32,699.64,805.23,
2780,805.27,700.11,805.95,
2781,806.04,700.14,805.03,
2782,805.48,699.71,805.34,
2783,795.02,699.98,805.71,
2784,800.72,699.98,805.65,
2785,803.37,700.13,805.37,
2786,812.02,700.25,805.79,
2787,813.63,699.94,805.4,
2788,804.45,699.73,806.0,
2789,801.42,700.01,805.93,
2790,796.15,699.84,805.61,
2791,802.18,700.06,805.34,
2792,804.77,700.36,805.65,
2793,814.45,700.15,805.16,
2794,810.08,700.0,805.51,
2795,806.18,699.94,805.41,
2796,803.51,699.77,805.35,
2797,794.51,700.0,805.56,
2798,800.31,700.36,805.1,
2799,804.53,699.82,805.58,
2800,808.93,700.17,805.5,
2801,815.81,699.95,805.11,
2802,807.78,699.92,805.92,
2803,798.66,699.75,805.41,
2804,802.85,700.02,805.21,
2805,798.46,700.22,805.23,
2806,804.93,700.1,805.48,
2807,813.41,700.28,805.38,
2808,813.36,700.02,805.41,
2809,802.9,699.6,805.35,
2810,801.37,700.02,805.76,
2811,799.54,699.94,805.06,
2812,805.47,700.36,805.99,
2813,802.5,699.84,805.78,
2814,808.33,700.56,805.45,
2815,816.19,699.8,806.22,
2816,812.03,700.0,804.95,
2817,805.31,700.02,805.75,
2818,803.71,700.23,806.05,
2819,803.52,699.8,805.58,
2820,800.43,699.69,805.97,
2821,798.15,700.03,806.15,
2822,799.65,699.99,805.4,
2823,811.73,699.96,805.44,
2824,812.97,699.95,805.26,
2825,808.51,700.05,805.19,
2826,802.79,699.68,805.15,
2827,803.04,700.21,805.73,
2828,803.75,700.17,805.56,
2829,805.05,699.89,805.41,
2830,802.5,699.98,804.84,
2831,803.93,700.16,805.85,
2832,806.42,700.07,805.49,
2833,805.99,700.07,805.4,
2834,805.62,700.13,805.9,
2835,807.41,700.04,805.37,
2836,805.3,699.93,805.12,
2837,805.22,700.02,805.1,
2838,806.58,699.94,806.01,
2839,807.53,699.95,805.88,
2840,804.91,700.09,805.28,
2841,805.79,700.19,805.6,
2842,805.72,699.77,805.58,
2843,804.97,700.2,805.45,
2844,803.45,700.07,805.45,
2845,796.09,699.78,805.36,
2846,802.8,699.63,805.83,
2847,806.87,700.05,806.51,
2848,810.79,700.03,805.68,
2849,808.18,700.29,805.18,
2850,804.38,699.89,805.09,
2851,806.53,700.36,806.02,
2852,809.28,699.85,805.33,
2853,807.3,699.72,805.47,
2854,800.91,700.08,804.8,
2855,803.62,699.84,805.64,
2856,802.06,700.04,805.43,
2857,803.07,699.9,806.45,
2858,802.02,700.1,805.28,
2859,807.86,700.18,804.95,
2860,809.3,699.96,805.71,
2861,806.99,700.01,805.75,
2862,806.73,700.11,805.6,
2863,804.8,699.99,805.08,
2864,806.26,699.92,805.74,
2865,805.16,700.0,805.66,
2866,803.23,699.85,805.08,
2867,800.76,699.92,805.27,
2868,799.5,700.03,805.51,
2869,806.51,700.31,804.99,
2870,812.35,700.12,805.45,
2871,809.86,700.17,805.44,
2872,806.72,699.86,805.14,
2873,803.04,699.73,805.77,
2874,801.3,699.74,805.81,
2875,798.15,700.1,805.58,
2876,801.49,699.76,805.45,
2877,809.99,700.29,805.55,
2878,814.71,699.82,805.24,
2879,809.35,701.34,806.28,
2880,808.12,700.21,805.64,
2881,800.07,700.1,805.31,
2882,797.9,699.56,805.49,
2883,804.06,700.3,805.52,
2884,812.35,700.14,805.62,
2885,808.19,699.88,805.27,
2886,800.74,699.98,805.34,
2887,801.95,699.77,805.21,
2888,803.13,700.22,805.43,
2889,809.86,700.26,805.0,
2890,810.01,700.04,805.73,
2891,804.79,699.81,804.83,
2892,802.91,699.81,804.81,
2893,797.93,700.01,805.72,
2894,796.24,700.06,806.0,
2895,804.14,699.63,805.1,
2896,803.59,700.51,806.23,
2897,816.35,700.0,806.12,
2898,811.27,699.84,805.17,
2899,807.51,699.77,805.26,
2900,790.78,699.59,804.92,
2901,807.72,700.62,806.01,
2902,809.28,700.01,805.73,
2903,809.18,699.95,805.47,
2904,809.08,699.96,805.61,
2905,808.54,700.16,805.27,
2906,804.28,699.67,805.23,
2907,817.33,412.91,804.26,
2908,317.4,0.62,286.57,
2909,0.43,3.16,0.0,
2910,0.43,0.32,0.0,
2911,0.42,0.32,0.0,
2912,0.43,0.35,0.0,
2913,0.43,0.33,0.0,
2914,0.44,0.34,0.0,
2915,0.43,0.32,0.0,
2916,0.42,0.31,0.0,
2917,0.44,0.35,0.0,
2918,0.46,0.28,0.0,
2919,0.45,0.32,0.0,
2920,0.46,0.35,0.0,
2921,0.45,0.35,0.0,
2922,0.45,0.27,0.0,
2923,0.43,0.31,0.0,
2924,0.49,0.35,0.0,
2925,0.49,0.35,0.0,
2926,0.49,0.35,0.0,
2927,0.49,0.35,0.0,
2928,0.49,0.35,0.0,
2929,0.49,0.35,0.0,
2930,0.49,0.35,0.0,
2931,0.49,0.35,0.0,
2932,0.42,0.35,0.0,
2933,0.37,0.35,0.0,
2934,0.37,0.35,0.0,
2935,0.37,0.35,0.0,
2936,0.37,0.35,0.0,
2937,0.37,0.35,0.0,
2938,0.37,0.35,0.0,
2939,0.37,0.35,0.0,
2940,0.37,0.35,0.0,
2941,0.37,0.35,0.0,
2942,0.37,0.35,0.0,
2943,0.39,0.35,0.0,
2944,0.39,0.35,0.0,
2945,0.39,0.35,0.0,
2946,0.39,0.35,0.0,
2947,0.39,0.35,0.0,
2948,0.39,0.35,0.0,
2949,0.39,0.35,0.0,
2950,0.39,0.35,0.0,
2951,0.39,0.35,0.0,
2952,0.39,0.35,0.0,
2953,0.39,0.35,0.0,
2954,0.39,0.35,0.0,
2955,0.39,0.35,0.0,
2956,0.39,0.35,0.0,
2957,0.39,0.35,0.0,
2958,0.39,0.35,0.0,
2959,0.39,0.35,0.0,
2960,0.39,0.35,0.0,
2961,0.39,0.35,0.0,
2962,0.39,0.35,0.0,
2963,0.39,0.35,0.0,
2964,0.39,0.35,0.0,
2965,0.39,0.35,0.0,
2966,0.39,0.35,0.0,
2967,0.39,0.35,0.0,
2968,0.39,0.35,0.0,
2969,0.39,0.35,0.0,
2970,0.39,0.35,0.0,
2971,0.39,0.35,0.0,
2972,0.39,0.35,0.0,
2973,0.39,0.35,0.0,
2974,0.39,0.35,0.0,
2975,0.39,0.35,0.0,
